{
  "devPluginSetupTime": 1426.5202273333173,
  "devPrepareTime": 313.8619396666375,
  "devColdBootTime": 6976.2171893333825,
  "devHotBootTime": 4310.162862333314,
  "buildPluginSetupTime": 1408.9230136666836,
  "buildPrepareTime": 424.3060063333639,
  "buildColdBootTime": 32897.80572533336,
  "minifiedBundleSize": {
    "total": 399659,
    "files": {
      "/html/main/index.html": 2658,
      "/static/css/main.css": 2636,
      "/static/js/4.js": 368732,
      "/static/js/main.js": 23980,
      "/static/js/runtime-main.js": 1653
    }
  },
  "gzippedBundleSize": {
    "total": 125270,
    "files": {
      "/html/main/index.html": 1337,
      "/static/css/main.css": 905,
      "/static/js/4.js": 114399,
      "/static/js/main.js": 7777,
      "/static/js/runtime-main.js": 852
    }
  },
  "buildHotBootTime": 9273.227992666614,
  "yarnColdInstallTime": 154933.07982899994,
  "yarnHotInstallTime": 1268.6456349999644,
  "yarnDependenciesCount": 1491,
  "yarnInstallSize": 225730372
}
