{
  "devPluginSetupTime": 1456.3808639999868,
  "devPrepareTime": 315.91704600003624,
  "devColdBootTime": 16068.28767166663,
  "devHotBootTime": 5073.955579666635,
  "buildPluginSetupTime": 1495.2121919999674,
  "buildPrepareTime": 572.0314213333186,
  "buildColdBootTime": 40493.34582966667,
  "minifiedBundleSize": {
    "total": 407121,
    "files": {
      "/html/main/index.html": 2662,
      "/static/css/main.css": 9994,
      "/static/js/137.js": 368797,
      "/static/js/main.js": 24013,
      "/static/js/runtime-main.js": 1655
    }
  },
  "gzippedBundleSize": {
    "total": 126902,
    "files": {
      "/html/main/index.html": 1341,
      "/static/css/main.css": 2482,
      "/static/js/137.js": 114430,
      "/static/js/main.js": 7799,
      "/static/js/runtime-main.js": 850
    }
  },
  "buildHotBootTime": 10298.264702666705,
  "yarnColdInstallTime": 99731.41444099997,
  "yarnHotInstallTime": 2093.1153639999684,
  "yarnDependenciesCount": 1982,
  "yarnInstallSize": 261891616
}
