{
  "devPluginSetupTime": 1723.5245046666823,
  "devPrepareTime": 448.8646069999474,
  "devColdBootTime": 32272.092230333248,
  "devHotBootTime": 6921.182792666678,
  "buildPluginSetupTime": 1965.0511266668327,
  "buildPrepareTime": 432.775030666807,
  "buildColdBootTime": 95193.74072199997,
  "minifiedBundleSize": {
    "total": 6056200,
    "files": {
      "/html/main/index.html": 9589,
      "/static/css/106.css": 1871,
      "/static/css/1111.css": 371,
      "/static/css/1224.css": 3083,
      "/static/css/1309.css": 3136,
      "/static/css/1340.css": 466,
      "/static/css/1479.css": 1309,
      "/static/css/1610.css": 3136,
      "/static/css/170.css": 465,
      "/static/css/172.css": 1457,
      "/static/css/1830.css": 3083,
      "/static/css/1904.css": 621,
      "/static/css/1956.css": 1872,
      "/static/css/1968.css": 169,
      "/static/css/2120.css": 3202,
      "/static/css/217.css": 500,
      "/static/css/2367.css": 2034,
      "/static/css/2497.css": 401,
      "/static/css/2527.css": 3202,
      "/static/css/2679.css": 169,
      "/static/css/2875.css": 1047,
      "/static/css/3061.css": 1309,
      "/static/css/3160.css": 578,
      "/static/css/3215.css": 601,
      "/static/css/345.css": 600,
      "/static/css/3534.css": 355,
      "/static/css/3670.css": 401,
      "/static/css/3685.css": 4829,
      "/static/css/3739.css": 750,
      "/static/css/3781.css": 621,
      "/static/css/4017.css": 1872,
      "/static/css/4194.css": 306,
      "/static/css/4249.css": 177,
      "/static/css/4453.css": 578,
      "/static/css/4594.css": 3083,
      "/static/css/4775.css": 3801,
      "/static/css/5273.css": 1264,
      "/static/css/5397.css": 501,
      "/static/css/5894.css": 543246,
      "/static/css/6049.css": 1440,
      "/static/css/6096.css": 1458,
      "/static/css/6133.css": 401,
      "/static/css/635.css": 2469,
      "/static/css/6426.css": 1334,
      "/static/css/6534.css": 306,
      "/static/css/7144.css": 1458,
      "/static/css/7258.css": 1660,
      "/static/css/730.css": 354,
      "/static/css/7416.css": 3202,
      "/static/css/7433.css": 401,
      "/static/css/7712.css": 482,
      "/static/css/792.css": 1263,
      "/static/css/7936.css": 1334,
      "/static/css/8145.css": 1047,
      "/static/css/8178.css": 371,
      "/static/css/8258.css": 371,
      "/static/css/8264.css": 401,
      "/static/css/8425.css": 553,
      "/static/css/860.css": 1263,
      "/static/css/8618.css": 1264,
      "/static/css/8761.css": 1309,
      "/static/css/9005.css": 3202,
      "/static/css/9074.css": 426,
      "/static/css/9330.css": 553,
      "/static/css/9430.css": 1468,
      "/static/css/9445.css": 1334,
      "/static/css/9469.css": 2183,
      "/static/css/950.css": 176,
      "/static/css/9542.css": 401,
      "/static/css/9635.css": 1440,
      "/static/css/9908.css": 1465,
      "/static/css/9935.css": 116,
      "/static/css/9983.css": 1872,
      "/static/css/main.css": 10442,
      "/static/js/106.js": 8012,
      "/static/js/1111.js": 6608,
      "/static/js/1224.js": 1016,
      "/static/js/1309.js": 20843,
      "/static/js/1340.js": 9658,
      "/static/js/1356.js": 12674,
      "/static/js/1413.js": 4484,
      "/static/js/1479.js": 5119,
      "/static/js/16.js": 466,
      "/static/js/1613.js": 1477,
      "/static/js/17.js": 1517,
      "/static/js/170.js": 262,
      "/static/js/171.js": 4021,
      "/static/js/172.js": 10438,
      "/static/js/1830.js": 9017,
      "/static/js/1904.js": 669,
      "/static/js/1923.js": 474,
      "/static/js/1931.js": 645,
      "/static/js/1956.js": 12908,
      "/static/js/1968.js": 22560,
      "/static/js/1971.js": 16670,
      "/static/js/2120.js": 8392,
      "/static/js/217.js": 2841,
      "/static/js/2327.js": 16183,
      "/static/js/2367.js": 24024,
      "/static/js/2497.js": 1271,
      "/static/js/2522.js": 4532,
      "/static/js/2527.js": 14642,
      "/static/js/2534.js": 3336,
      "/static/js/2588.js": 911,
      "/static/js/2650.js": 3072,
      "/static/js/2679.js": 262,
      "/static/js/2875.js": 509,
      "/static/js/3061.js": 4796,
      "/static/js/3160.js": 363,
      "/static/js/3215.js": 19881,
      "/static/js/3278.js": 5735,
      "/static/js/3329.js": 8014,
      "/static/js/3349.js": 3466,
      "/static/js/3368.js": 4962,
      "/static/js/3394.js": 4303,
      "/static/js/345.js": 388,
      "/static/js/3527.js": 16579,
      "/static/js/3534.js": 552,
      "/static/js/3539.js": 654,
      "/static/js/3619.js": 13362,
      "/static/js/3652.js": 2609,
      "/static/js/3670.js": 1112,
      "/static/js/3685.js": 16399,
      "/static/js/3713.js": 622,
      "/static/js/3739.js": 435,
      "/static/js/3762.js": 8417,
      "/static/js/3781.js": 10429,
      "/static/js/4017.js": 11440,
      "/static/js/4194.js": 248,
      "/static/js/4249.js": 232,
      "/static/js/4453.js": 5653,
      "/static/js/4594.js": 13028,
      "/static/js/4712.js": 294,
      "/static/js/4775.js": 22354,
      "/static/js/4964.js": 997,
      "/static/js/4985.js": 1632,
      "/static/js/502.js": 1147,
      "/static/js/5142.js": 9425,
      "/static/js/5256.js": 2339,
      "/static/js/5289.js": 17220,
      "/static/js/5397.js": 371,
      "/static/js/5894.js": 1364427,
      "/static/js/5942.js": 645620,
      "/static/js/6049.js": 13276,
      "/static/js/6096.js": 17462,
      "/static/js/6133.js": 259,
      "/static/js/631.js": 4793,
      "/static/js/635.js": 19404,
      "/static/js/6426.js": 754,
      "/static/js/6448.js": 8100,
      "/static/js/6500.js": 49326,
      "/static/js/6534.js": 7617,
      "/static/js/684.js": 1689583,
      "/static/js/7037.js": 2227,
      "/static/js/7144.js": 1205,
      "/static/js/7155.js": 179,
      "/static/js/7258.js": 22606,
      "/static/js/730.js": 1749,
      "/static/js/7386.js": 46642,
      "/static/js/7416.js": 1389,
      "/static/js/7424.js": 932,
      "/static/js/7433.js": 260,
      "/static/js/7712.js": 363,
      "/static/js/7891.js": 2077,
      "/static/js/792.js": 789,
      "/static/js/7936.js": 4107,
      "/static/js/8145.js": 15928,
      "/static/js/8178.js": 7993,
      "/static/js/818.js": 626592,
      "/static/js/8183.js": 16770,
      "/static/js/8258.js": 369,
      "/static/js/8264.js": 1213,
      "/static/js/8347.js": 2844,
      "/static/js/8425.js": 266,
      "/static/js/8472.js": 577,
      "/static/js/8503.js": 67749,
      "/static/js/8526.js": 130,
      "/static/js/860.js": 8238,
      "/static/js/8618.js": 15699,
      "/static/js/8642.js": 16074,
      "/static/js/8754.js": 14537,
      "/static/js/8761.js": 987,
      "/static/js/881.js": 24296,
      "/static/js/8979.js": 15780,
      "/static/js/9005.js": 5474,
      "/static/js/9025.js": 2396,
      "/static/js/9074.js": 10727,
      "/static/js/9312.js": 45317,
      "/static/js/9330.js": 14793,
      "/static/js/9430.js": 16216,
      "/static/js/9445.js": 7650,
      "/static/js/950.js": 8838,
      "/static/js/9542.js": 260,
      "/static/js/9635.js": 385,
      "/static/js/9636.js": 294,
      "/static/js/9681.js": 19507,
      "/static/js/9722.js": 1880,
      "/static/js/9755.js": 15723,
      "/static/js/9868.js": 2549,
      "/static/js/9908.js": 707,
      "/static/js/9935.js": 221,
      "/static/js/9983.js": 2011,
      "/static/js/main.js": 57298,
      "/static/js/runtime-main.js": 8521
    }
  },
  "gzippedBundleSize": {
    "total": 1572652,
    "files": {
      "/html/main/index.html": 4563,
      "/static/css/106.css": 631,
      "/static/css/1111.css": 199,
      "/static/css/1224.css": 783,
      "/static/css/1309.css": 890,
      "/static/css/1340.css": 297,
      "/static/css/1479.css": 450,
      "/static/css/1610.css": 891,
      "/static/css/170.css": 297,
      "/static/css/172.css": 552,
      "/static/css/1830.css": 783,
      "/static/css/1904.css": 364,
      "/static/css/1956.css": 632,
      "/static/css/1968.css": 162,
      "/static/css/2120.css": 907,