{
  "yarnColdInstallTime": 102292.05431099981,
  "yarnHotInstallTime": 1833.7531560002826,
  "yarnDependenciesCount": 1507,
  "yarnInstallSize": 228837907
}
