{
  "yarnColdInstallTime": 103426.44358499994,
  "yarnHotInstallTime": 1228.4069570000283,
  "yarnDependenciesCount": 1879,
  "yarnInstallSize": 342399232
}
