{
  "yarnColdInstallTime": 156920.34685899998,
  "yarnHotInstallTime": 2014.0902059999062,
  "yarnDependenciesCount": 1503,
  "yarnInstallSize": 215200098
}
