{
  "yarnColdInstallTime": 137942.43416600022,
  "yarnHotInstallTime": 2384.2340600001626,
  "yarnDependenciesCount": 1880,
  "yarnInstallSize": 342411524
}
