{
  "yarnColdInstallTime": 84990.06769299996,
  "yarnHotInstallTime": 2388.2467900000047,
  "yarnDependenciesCount": 1507,
  "yarnInstallSize": 228851879
}
