{
  "devPluginSetupTime": 1702.7998770001966,
  "devPrepareTime": 348.88490833342075,
  "devColdBootTime": 28367.685604333336,
  "devHotBootTime": 12240.947445333315,
  "buildPluginSetupTime": 1070.187638666636,
  "buildPrepareTime": 374.5053200001518,
  "buildColdBootTime": 35669.692883333344,
  "minifiedBundleSize": {
    "total": 1229038,
    "files": {
      "js": 726597,
      "/html/main/index.html": 2669,
      "/static/css/main.css": 2636,
      "/static/js/332.js": 454009,
      "/static/js/main.js": 41465,
      "/static/js/runtime-main.js": 1662
    }
  },
  "gzippedBundleSize": {
    "total": 321963,
    "files": {
      "js": 171794,
      "/html/main/index.html": 1349,
      "/static/css/main.css": 905,
      "/static/js/332.js": 138756,
      "/static/js/main.js": 8295,
      "/static/js/runtime-main.js": 864
    }
  },
  "buildHotBootTime": 38599.849956666585
}
