{
  "devPluginSetupTime": 1144.670968999931,
  "devPrepareTime": 397.86891700001433,
  "devColdBootTime": 31062.908983333193,
  "devHotBootTime": 25414.70960466657,
  "buildPluginSetupTime": 1058.3657626664888,
  "buildPrepareTime": 373.6304323331763,
  "buildColdBootTime": 88343.76571700007,
  "minifiedBundleSize": {
    "total": 6142962,
    "files": {
      "/html/main/index.html": 9607,
      "/static/css/1107.css": 401,
      "/static/css/1164.css": 371,
      "/static/css/1170.css": 371,
      "/static/css/1451.css": 601,
      "/static/css/163.css": 1411,
      "/static/css/1696.css": 536831,
      "/static/css/1755.css": 401,
      "/static/css/1870.css": 553,
      "/static/css/2074.css": 355,
      "/static/css/2093.css": 426,
      "/static/css/2447.css": 3136,
      "/static/css/2596.css": 401,
      "/static/css/2644.css": 169,
      "/static/css/2848.css": 3083,
      "/static/css/3071.css": 578,
      "/static/css/3105.css": 578,
      "/static/css/3241.css": 1309,
      "/static/css/3372.css": 601,
      "/static/css/338.css": 1871,
      "/static/css/3617.css": 1872,
      "/static/css/3710.css": 116,
      "/static/css/3893.css": 2034,
      "/static/css/3953.css": 169,
      "/static/css/4077.css": 1412,
      "/static/css/4149.css": 306,
      "/static/css/4276.css": 1458,
      "/static/css/4337.css": 1047,
      "/static/css/4538.css": 3202,
      "/static/css/4598.css": 2183,
      "/static/css/4725.css": 1465,
      "/static/css/4736.css": 3801,
      "/static/css/481.css": 400,
      "/static/css/5059.css": 3083,
      "/static/css/5137.css": 3083,
      "/static/css/5540.css": 1309,
      "/static/css/5647.css": 1468,
      "/static/css/5667.css": 355,
      "/static/css/5672.css": 466,
      "/static/css/5833.css": 501,
      "/static/css/6078.css": 3136,
      "/static/css/6161.css": 3202,
      "/static/css/6378.css": 3202,
      "/static/css/6510.css": 1264,
      "/static/css/6565.css": 482,
      "/static/css/6771.css": 621,
      "/static/css/6794.css": 501,
      "/static/css/699.css": 4800,
      "/static/css/7090.css": 1264,
      "/static/css/7316.css": 750,
      "/static/css/7455.css": 371,
      "/static/css/7515.css": 1264,
      "/static/css/7567.css": 466,
      "/static/css/7746.css": 1047,
      "/static/css/7806.css": 1872,
      "/static/css/7969.css": 177,
      "/static/css/8031.css": 553,
      "/static/css/8215.css": 1660,
      "/static/css/8291.css": 621,
      "/static/css/8333.css": 1309,
      "/static/css/8429.css": 1458,
      "/static/css/8695.css": 2470,
      "/static/css/8703.css": 177,
      "/static/css/8976.css": 1458,
      "/static/css/8991.css": 401,
      "/static/css/901.css": 1333,
      "/static/css/9213.css": 1334,
      "/static/css/9364.css": 401,
      "/static/css/9484.css": 306,
      "/static/css/952.css": 3201,
      "/static/css/9707.css": 1334,
      "/static/css/9784.css": 1872,
      "/static/css/9818.css": 1264,
      "/static/css/main.css": 10442,
      "/static/js/1013.js": 47583,
      "/static/js/1107.js": 259,
      "/static/js/1164.js": 6607,
      "/static/js/1170.js": 9507,
      "/static/js/1253.js": 3480,
      "/static/js/1409.js": 1880,
      "/static/js/1451.js": 20728,
      "/static/js/1476.js": 2226,
      "/static/js/163.js": 381,
      "/static/js/1696.js": 1379131,
      "/static/js/1704.js": 4484,
      "/static/js/1755.js": 1112,
      "/static/js/1870.js": 15749,
      "/static/js/1961.js": 16574,
      "/static/js/2001.js": 4023,
      "/static/js/2074.js": 551,
      "/static/js/2089.js": 5735,
      "/static/js/2093.js": 10727,
      "/static/js/2408.js": 1689347,
      "/static/js/2447.js": 20840,
      "/static/js/2589.js": 4314,
      "/static/js/2596.js": 260,
      "/static/js/2644.js": 24142,
      "/static/js/2823.js": 45333,
      "/static/js/2848.js": 15157,
      "/static/js/2984.js": 13365,
      "/static/js/3071.js": 5653,
      "/static/js/3093.js": 4795,
      "/static/js/3105.js": 363,
      "/static/js/3241.js": 5203,
      "/static/js/3372.js": 390,
      "/static/js/338.js": 11438,
      "/static/js/3533.js": 3335,
      "/static/js/3617.js": 2011,
      "/static/js/3710.js": 221,
      "/static/js/3805.js": 622,
      "/static/js/3893.js": 28471,
      "/static/js/3924.js": 294,
      "/static/js/3930.js": 1417,
      "/static/js/3953.js": 262,
      "/static/js/4052.js": 3289,
      "/static/js/4077.js": 13269,
      "/static/js/4149.js": 248,
      "/static/js/4169.js": 130,
      "/static/js/4196.js": 577,
      "/static/js/4276.js": 10531,
      "/static/js/4337.js": 509,
      "/static/js/4359.js": 2397,
      "/static/js/4538.js": 5473,
      "/static/js/4552.js": 14536,
      "/static/js/4600.js": 16765,
      "/static/js/4725.js": 707,
      "/static/js/4736.js": 28741,
      "/static/js/481.js": 1268,
      "/static/js/4969.js": 645152,
      "/static/js/5059.js": 9648,
      "/static/js/5137.js": 1015,
      "/static/js/5142.js": 8100,
      "/static/js/5540.js": 986,
      "/static/js/5647.js": 17055,
      "/static/js/5667.js": 1754,
      "/static/js/5672.js": 10605,
      "/static/js/5833.js": 2845,
      "/static/js/5891.js": 15775,
      "/static/js/6015.js": 653,
      "/static/js/606.js": 2337,
      "/static/js/6146.js": 19493,
      "/static/js/6161.js": 17844,
      "/static/js/622.js": 22773,
      "/static/js/6375.js": 1521,
      "/static/js/6378.js": 10657,
      "/static/js/6565.js": 363,
      "/static/js/6697.js": 15337,
      "/static/js/6771.js": 669,
      "/static/js/6794.js": 371,
      "/static/js/683.js": 17214,
      "/static/js/6887.js": 67839,
      "/static/js/699.js": 20164,
      "/static/js/7090.js": 20769,
      "/static/js/7103.js": 17103,
      "/static/js/7136.js": 4962,
      "/static/js/7155.js": 179,
      "/static/js/7273.js": 294,
      "/static/js/7316.js": 436,
      "/static/js/7395.js": 911,
      "/static/js/741.js": 643,
      "/static/js/7455.js": 369,
      "/static/js/7515.js": 791,
      "/static/js/7567.js": 264,
      "/static/js/7723.js": 3072,
      "/static/js/7746.js": 17385,
      "/static/js/7757.js": 1477,
      "/static/js/7806.js": 12909,
      "/static/js/7969.js": 232,
      "/static/js/8031.js": 266,
      "/static/js/8066.js": 9426,
      "/static/js/818.js": 626501,
      "/static/js/8215.js": 27815,
      "/static/js/8226.js": 8961,
      "/static/js/8291.js": 11388,
      "/static/js/8320.js": 16858,
      "/static/js/8333.js": 4881,
      "/static/js/835.js": 1147,
      "/static/js/8429.js": 18283,
      "/static/js/8448.js": 3259,
      "/static/js/861.js": 2842,
      "/static/js/8663.js": 8412,
      "/static/js/8687.js": 997,
      "/static/js/8695.js": 25951,
      "/static/js/8703.js": 9756,
      "/static/js/8864.js": 49272,
      "/static/js/8976.js": 1205,
      "/static/js/8991.js": 1212,
      "/static/js/9002.js": 16785,
      "/static/js/901.js": 750,
      "/static/js/9213.js": 7644,
      "/static/js/9281.js": 474,
      "/static/js/9364.js": 260,
      "/static/js/9374.js": 2549,
      "/static/js/9470.js": 4527,
      "/static/js/9483.js": 932,
      "/static/js/9484.js": 8580,
      "/static/js/952.js": 1387,
      "/static/js/9707.js": 4950,
      "/static/js/9756.js": 13911,
      "/static/js/9784.js": 8014,
      "/static/js/9818.js": 9199,
      "/static/js/9890.js": 4298,
      "/static/js/main.js": 74558,
      "/static/js/runtime-main.js": 8539
    }
  },
  "gzippedBundleSize": {
    "total": 1593916,
    "files": {
      "/html/main/index.html": 4573,
      "/static/css/1107.css": 237,
      "/static/css/1164.css": 199,
      "/static/css/1170.css": 199,
      "/static/css/1451.css": 316,
      "/static/css/163.css": 496,
      "/static/css/1696.css": 56678,
      "/static/css/1755.css": 238,
      "/static/css/1870.css": 323,
      "/static/css/2074.css": 228,
      "/static/css/2093.css": 255,
      "/static/css/2447.css": 891,
      "/static/css/2596.css": 238,
      "/static/css/2644.css": 163,