{
  "devPluginSetupTime": 1444.5668339999781,
  "devPrepareTime": 383.1455219999577,
  "devColdBootTime": 8906.887234999915,
  "devHotBootTime": 5385.299264999999,
  "buildPluginSetupTime": 1382.9456950000022,
  "buildPrepareTime": 383.0828856666728,
  "buildColdBootTime": 44995.286586333335,
  "minifiedBundleSize": {
    "total": 869435,
    "files": {
      "js": 408676,
      "/html/main/index.html": 2666,
      "/static/css/main.css": 2636,
      "/static/js/247.js": 430203,
      "/static/js/main.js": 23595,
      "/static/js/runtime-main.js": 1659
    }
  },
  "gzippedBundleSize": {
    "total": 259736,
    "files": {
      "js": 116461,
      "/html/main/index.html": 1349,
      "/static/css/main.css": 905,
      "/static/js/247.js": 132997,
      "/static/js/main.js": 7163,
      "/static/js/runtime-main.js": 861
    }
  },
  "buildHotBootTime": 9709.602895333393
}
