{
  "yarnColdInstallTime": 88400.08751999994,
  "yarnHotInstallTime": 1214.964260000037,
  "yarnDependenciesCount": 1494,
  "yarnInstallSize": 213715895
}
