{
  "yarnColdInstallTime": 104889.39863699999,
  "yarnHotInstallTime": 1652.1606329999922,
  "yarnDependenciesCount": 1870,
  "yarnInstallSize": 340901702
}
