{
  "yarnColdInstallTime": 173060.37305099994,
  "yarnHotInstallTime": 2875.140233999933,
  "yarnDependenciesCount": 1871,
  "yarnInstallSize": 340927966
}
