{
  "yarnColdInstallTime": 69465.492928,
  "yarnHotInstallTime": 926.437350000022,
  "yarnDependenciesCount": 1498,
  "yarnInstallSize": 227354349
}
