{
  "yarnColdInstallTime": 295962.33440199995,
  "yarnHotInstallTime": 1287.4184660000028,
  "yarnDependenciesCount": 1498,
  "yarnInstallSize": 227354349
}
