{
  "devPluginSetupTime": 313.79862199999235,
  "devPrepareTime": 458.8567003333398,
  "devColdBootTime": 7991.510068999992,
  "devHotBootTime": 4549.91550766665,
  "buildPluginSetupTime": 335.02027733336826,
  "buildPrepareTime": 474.74905499998323,
  "buildColdBootTime": 29509.298897666664,
  "minifiedBundleSize": {
    "total": 395587,
    "files": {
      "/html/main/index.html": 2660,
      "/static/css/main.css": 2636,
      "/static/js/703.js": 366924,
      "/static/js/main.js": 21714,
      "/static/js/runtime-main.js": 1653
    }
  },
  "gzippedBundleSize": {
    "total": 125839,
    "files": {
      "/html/main/index.html": 1340,
      "/static/css/main.css": 905,
      "/static/js/703.js": 115573,
      "/static/js/main.js": 7169,
      "/static/js/runtime-main.js": 852
    }
  },
  "buildHotBootTime": 11098.513842666716,
  "yarnColdInstallTime": 74136.0545180001,
  "yarnHotInstallTime": 1371.6384680001065,
  "yarnDependenciesCount": 1320,
  "yarnInstallSize": 206384611
}
