{
  "devPluginSetupTime": 524.5808039999489,
  "devPrepareTime": 381.5582553332982,
  "devColdBootTime": 8457.457771333362,
  "devHotBootTime": 5426.461508666631,
  "buildPluginSetupTime": 535.5134213333562,
  "buildPrepareTime": 341.60910933332826,
  "buildColdBootTime": 28310.74419800002,
  "minifiedBundleSize": {
    "total": 396149,
    "files": {
      "js": 530,
      "/html/main/index.html": 2668,
      "/static/css/main.css": 2636,
      "/static/js/703.js": 366932,
      "/static/js/main.js": 21722,
      "/static/js/runtime-main.js": 1661
    }
  },
  "gzippedBundleSize": {
    "total": 126102,
    "files": {
      "js": 246,
      "/html/main/index.html": 1344,
      "/static/css/main.css": 905,
      "/static/js/703.js": 115577,
      "/static/js/main.js": 7174,
      "/static/js/runtime-main.js": 856
    }
  },
  "buildHotBootTime": 12846.018697999962,
  "yarnColdInstallTime": 75642.08946599998,
  "yarnHotInstallTime": 1026.8021609999705,
  "yarnDependenciesCount": 1374,
  "yarnInstallSize": 215123262
}
