{
  "devPluginSetupTime": 313.29974366666283,
  "devPrepareTime": 436.9708079999934,
  "devColdBootTime": 9150.52637466668,
  "devHotBootTime": 5801.214862666675,
  "buildPluginSetupTime": 290.6312840000416,
  "buildPrepareTime": 424.710017333234,
  "buildColdBootTime": 46698.7806983334,
  "minifiedBundleSize": {
    "total": 805400,
    "files": {
      "js": 401371,
      "/html/main/index.html": 2666,
      "/static/css/main.css": 2636,
      "/static/js/896.js": 372962,
      "/static/js/main.js": 24106,
      "/static/js/runtime-main.js": 1659
    }
  },
  "gzippedBundleSize": {
    "total": 244491,
    "files": {
      "js": 115925,
      "/html/main/index.html": 1348,
      "/static/css/main.css": 905,
      "/static/js/896.js": 117594,
      "/static/js/main.js": 7858,
      "/static/js/runtime-main.js": 861
    }
  },
  "buildHotBootTime": 11463.951703333374,
  "yarnColdInstallTime": 74123.12532099988,
  "yarnHotInstallTime": 998.3965849999804,
  "yarnDependenciesCount": 1320,
  "yarnInstallSize": 206384611
}
