{
  "devPluginSetupTime": 312.2316569999869,
  "devPrepareTime": 458.0321783333396,
  "devColdBootTime": 4710.168578000002,
  "devHotBootTime": 3618.233923000012,
  "buildPluginSetupTime": 306.44268833333626,
  "buildPrepareTime": 414.6635140000144,
  "buildColdBootTime": 14597.81844099999,
  "minifiedBundleSize": {
    "total": 166902,
    "files": {
      "/html/main/index.html": 2316,
      "/static/css/main.css": 2636,
      "/static/js/68.js": 145394,
      "/static/js/main.js": 15246,
      "/static/js/runtime-main.js": 1310
    }
  },
  "gzippedBundleSize": {
    "total": 54239,
    "files": {
      "/html/main/index.html": 1214,
      "/static/css/main.css": 905,
      "/static/js/68.js": 46698,
      "/static/js/main.js": 4697,
      "/static/js/runtime-main.js": 725
    }
  },
  "buildHotBootTime": 1196.9386879999656,
  "yarnColdInstallTime": 93198.29677000002,
  "yarnHotInstallTime": 1300.4121749999467,
  "yarnDependenciesCount": 1316,
  "yarnInstallSize": 197718650
}
