{
  "devPluginSetupTime": 309.0446446666804,
  "devPrepareTime": 433.33677866666886,
  "devColdBootTime": 15079.305488333339,
  "devHotBootTime": 4923.0085226666415,
  "buildPluginSetupTime": 322.2230906666179,
  "buildPrepareTime": 428.1390263333063,
  "buildColdBootTime": 34718.41885066669,
  "minifiedBundleSize": {
    "total": 403039,
    "files": {
      "/html/main/index.html": 2662,
      "/static/css/main.css": 9994,
      "/static/js/982.js": 366983,
      "/static/js/main.js": 21745,
      "/static/js/runtime-main.js": 1655
    }
  },
  "gzippedBundleSize": {
    "total": 127460,
    "files": {
      "/html/main/index.html": 1338,
      "/static/css/main.css": 2482,
      "/static/js/982.js": 115597,
      "/static/js/main.js": 7193,
      "/static/js/runtime-main.js": 850
    }
  },
  "buildHotBootTime": 10987.16291100008,
  "yarnColdInstallTime": 104186.96792800003,
  "yarnHotInstallTime": 1845.759000999853,
  "yarnDependenciesCount": 1671,
  "yarnInstallSize": 242553862
}
