{
  "devPluginSetupTime": 482.3875120001224,
  "devPrepareTime": 366.30748166671646,
  "devColdBootTime": 7247.037532333285,
  "devHotBootTime": 4695.677106333431,
  "buildPluginSetupTime": 486.5195613332714,
  "buildPrepareTime": 342.24363466647145,
  "buildColdBootTime": 22413.24710500023,
  "minifiedBundleSize": {
    "total": 396117,
    "files": {
      "js": 530,
      "/html/main/index.html": 2660,
      "/static/css/main.css": 2636,
      "/static/js/703.js": 366924,
      "/static/js/main.js": 21714,
      "/static/js/runtime-main.js": 1653
    }
  },
  "gzippedBundleSize": {
    "total": 126090,
    "files": {
      "js": 246,
      "/html/main/index.html": 1340,
      "/static/css/main.css": 905,
      "/static/js/703.js": 115576,
      "/static/js/main.js": 7170,
      "/static/js/runtime-main.js": 853
    }
  },
  "buildHotBootTime": 10162.22095066666,
  "yarnColdInstallTime": 83575.5659119999,
  "yarnHotInstallTime": 2314.8994579999708,
  "yarnDependenciesCount": 1401,
  "yarnInstallSize": 221828690
}
