{
  "devPluginSetupTime": 353.44251633334596,
  "devPrepareTime": 506.28598233339534,
  "devColdBootTime": 8148.322743333333,
  "devHotBootTime": 4606.236527666682,
  "buildPluginSetupTime": 368.28528966665425,
  "buildPrepareTime": 451.52508333333145,
  "buildColdBootTime": 45849.58012566665,
  "minifiedBundleSize": {
    "total": 806682,
    "files": {
      "js": 401371,
      "/html/main/index.html": 3948,
      "/static/css/main.css": 2636,
      "/static/js/896.js": 372962,
      "/static/js/main.js": 24106,
      "/static/js/runtime-main.js": 1659
    }
  },
  "gzippedBundleSize": {
    "total": 245006,
    "files": {
      "js": 115925,
      "/html/main/index.html": 1863,
      "/static/css/main.css": 905,
      "/static/js/896.js": 117594,
      "/static/js/main.js": 7858,
      "/static/js/runtime-main.js": 861
    }
  },
  "buildHotBootTime": 12049.506175666736,
  "yarnColdInstallTime": 86905.13586799987,
  "yarnHotInstallTime": 1001.631882000016,
  "yarnDependenciesCount": 1344,
  "yarnInstallSize": 207299726
}
