{
  "devPluginSetupTime": 350.6611676666653,
  "devPrepareTime": 782.8904363333326,
  "devColdBootTime": 5097.899432333342,
  "devHotBootTime": 4072.4598790000114,
  "buildPluginSetupTime": 349.5362766666415,
  "buildPrepareTime": 835.2744306667009,
  "buildColdBootTime": 17427.414378000034,
  "minifiedBundleSize": {
    "total": 166076,
    "files": {
      "/html/main/index.html": 2301,
      "/static/css/main.css": 2636,
      "/static/js/906.js": 144816,
      "/static/js/main.js": 15029,
      "/static/js/runtime-main.js": 1294
    }
  },
  "gzippedBundleSize": {
    "total": 54198,
    "files": {
      "/html/main/index.html": 1213,
      "/static/css/main.css": 905,
      "/static/js/906.js": 46641,
      "/static/js/main.js": 4713,
      "/static/js/runtime-main.js": 726
    }
  },
  "buildHotBootTime": 2072.6720536666303,
  "yarnColdInstallTime": 85864.47587900003,
  "yarnHotInstallTime": 1009.7745709998999,
  "yarnDependenciesCount": 1316,
  "yarnInstallSize": 197590149
}
