{
  "devPluginSetupTime": 425.0758696666841,
  "devPrepareTime": 696.3816706666645,
  "devColdBootTime": 16879.57270766659,
  "devHotBootTime": 5674.287458333342,
  "buildPluginSetupTime": 345.3632393332664,
  "buildPrepareTime": 480.90231600000214,
  "buildColdBootTime": 37457.37442533334,
  "minifiedBundleSize": {
    "total": 401640,
    "files": {
      "/html/main/index.html": 2643,
      "/static/css/main.css": 9994,
      "/static/js/581.js": 365935,
      "/static/js/main.js": 21432,
      "/static/js/runtime-main.js": 1636
    }
  },
  "gzippedBundleSize": {
    "total": 127491,
    "files": {
      "/html/main/index.html": 1341,
      "/static/css/main.css": 2482,
      "/static/js/581.js": 115601,
      "/static/js/main.js": 7213,
      "/static/js/runtime-main.js": 854
    }
  },
  "buildHotBootTime": 12972.369334666602,
  "yarnColdInstallTime": 105863.91510299989,
  "yarnHotInstallTime": 1525.5811179999728,
  "yarnDependenciesCount": 1676,
  "yarnInstallSize": 242535593
}
