{
  "devPluginSetupTime": 305.9498499999754,
  "devPrepareTime": 614.8985419999808,
  "devColdBootTime": 15693.055632333368,
  "devHotBootTime": 5005.538616666609,
  "buildPluginSetupTime": 322.66318933335907,
  "buildPrepareTime": 452.28566266666166,
  "buildColdBootTime": 36823.64564066671,
  "minifiedBundleSize": {
    "total": 401640,
    "files": {
      "/html/main/index.html": 2643,
      "/static/css/main.css": 9994,
      "/static/js/581.js": 365935,
      "/static/js/main.js": 21432,
      "/static/js/runtime-main.js": 1636
    }
  },
  "gzippedBundleSize": {
    "total": 127491,
    "files": {
      "/html/main/index.html": 1341,
      "/static/css/main.css": 2482,
      "/static/js/581.js": 115601,
      "/static/js/main.js": 7213,
      "/static/js/runtime-main.js": 854
    }
  },
  "buildHotBootTime": 11060.352514333363,
  "yarnColdInstallTime": 83518.16010099999,
  "yarnHotInstallTime": 1746.8673030000646,
  "yarnDependenciesCount": 1676,
  "yarnInstallSize": 242535736
}
