{
  "devPluginSetupTime": 425.66697666671826,
  "devPrepareTime": 608.143247,
  "devColdBootTime": 38357.487267333316,
  "devHotBootTime": 8079.000818999989,
  "buildPluginSetupTime": 346.131061000051,
  "buildPrepareTime": 551.8558136666348,
  "buildColdBootTime": 103817.98330266673,
  "minifiedBundleSize": {
    "total": 5980735,
    "files": {
      "/html/main/index.html": 9601,
      "/static/css/1154.css": 1264,
      "/static/css/1238.css": 1047,
      "/static/css/1278.css": 553,
      "/static/css/1293.css": 366,
      "/static/css/1541.css": 1660,
      "/static/css/1579.css": 1458,
      "/static/css/1609.css": 3136,
      "/static/css/1627.css": 466,
      "/static/css/1774.css": 366,
      "/static/css/1865.css": 1872,
      "/static/css/1967.css": 366,
      "/static/css/2.css": 4765,
      "/static/css/2167.css": 355,
      "/static/css/2225.css": 1468,
      "/static/css/2321.css": 371,
      "/static/css/2450.css": 306,
      "/static/css/2572.css": 1412,
      "/static/css/2715.css": 169,
      "/static/css/2786.css": 1872,
      "/static/css/3120.css": 371,
      "/static/css/3249.css": 1047,
      "/static/css/3272.css": 462,
      "/static/css/3287.css": 621,
      "/static/css/3433.css": 3136,
      "/static/css/3655.css": 750,
      "/static/css/3726.css": 539,
      "/static/css/3736.css": 1309,
      "/static/css/390.css": 3201,
      "/static/css/3988.css": 177,
      "/static/css/4009.css": 177,
      "/static/css/4013.css": 449,
      "/static/css/4193.css": 1458,
      "/static/css/4308.css": 3202,
      "/static/css/4386.css": 2585,
      "/static/css/4407.css": 539,
      "/static/css/4519.css": 1412,
      "/static/css/4709.css": 462,
      "/static/css/4861.css": 546279,
      "/static/css/5332.css": 169,
      "/static/css/5342.css": 621,
      "/static/css/5495.css": 1264,
      "/static/css/5547.css": 1264,
      "/static/css/5603.css": 466,
      "/static/css/562.css": 2584,
      "/static/css/5660.css": 371,
      "/static/css/5767.css": 3202,
      "/static/css/6100.css": 366,
      "/static/css/6181.css": 1465,
      "/static/css/6250.css": 1334,
      "/static/css/6644.css": 366,
      "/static/css/6658.css": 1872,
      "/static/css/6688.css": 1309,
      "/static/css/6710.css": 601,
      "/static/css/6999.css": 306,
      "/static/css/7804.css": 355,
      "/static/css/7838.css": 2470,
      "/static/css/8074.css": 366,
      "/static/css/8238.css": 426,
      "/static/css/8242.css": 1458,
      "/static/css/8404.css": 1334,
      "/static/css/8452.css": 601,
      "/static/css/8634.css": 2034,
      "/static/css/87.css": 2583,
      "/static/css/8925.css": 2183,
      "/static/css/9200.css": 553,
      "/static/css/9320.css": 3202,
      "/static/css/9351.css": 1264,
      "/static/css/9459.css": 1872,
      "/static/css/9680.css": 1309,
      "/static/css/9772.css": 116,
      "/static/css/9788.css": 3303,
      "/static/css/9799.css": 1334,
      "/static/css/main.css": 10404,
      "/static/js/1167.js": 3336,
      "/static/js/1236.js": 15949,
      "/static/js/1238.js": 6524,
      "/static/js/1278.js": 266,
      "/static/js/1293.js": 260,
      "/static/js/1525.js": 8870,
      "/static/js/1541.js": 16698,
      "/static/js/1579.js": 1205,
      "/static/js/1609.js": 20804,
      "/static/js/1627.js": 9625,
      "/static/js/1774.js": 260,
      "/static/js/1849.js": 1149,
      "/static/js/1865.js": 12891,
      "/static/js/1967.js": 1271,
      "/static/js/2.js": 16385,
      "/static/js/2020.js": 2397,
      "/static/js/2044.js": 8100,
      "/static/js/2050.js": 2592,
      "/static/js/2141.js": 4962,
      "/static/js/2167.js": 1751,
      "/static/js/2225.js": 22847,
      "/static/js/2321.js": 2206,
      "/static/js/2353.js": 2549,
      "/static/js/2450.js": 248,
      "/static/js/2466.js": 636006,
      "/static/js/2572.js": 13257,
      "/static/js/2605.js": 31011,
      "/static/js/2610.js": 2170,
      "/static/js/2614.js": 5735,
      "/static/js/2715.js": 261,
      "/static/js/2786.js": 2011,
      "/static/js/2831.js": 2844,
      "/static/js/2832.js": 2339,
      "/static/js/3120.js": 369,
      "/static/js/3249.js": 509,
      "/static/js/3272.js": 371,
      "/static/js/3287.js": 669,
      "/static/js/3416.js": 2227,
      "/static/js/3419.js": 622,
      "/static/js/3655.js": 436,
      "/static/js/3726.js": 363,
      "/static/js/3736.js": 987,
      "/static/js/390.js": 8390,
      "/static/js/3988.js": 232,
      "/static/js/4009.js": 8820,
      "/static/js/4013.js": 363,
      "/static/js/411.js": 4409,
      "/static/js/4193.js": 24121,
      "/static/js/4221.js": 1521,
      "/static/js/4308.js": 5456,
      "/static/js/4310.js": 3072,
      "/static/js/4347.js": 10716,
      "/static/js/4386.js": 9011,
      "/static/js/4407.js": 5635,
      "/static/js/4488.js": 14519,
      "/static/js/4519.js": 385,
      "/static/js/4709.js": 2844,
      "/static/js/4747.js": 654,
      "/static/js/4812.js": 577,
      "/static/js/4861.js": 1312823,
      "/static/js/5134.js": 470,
      "/static/js/5195.js": 294,
      "/static/js/5207.js": 16806,
      "/static/js/5222.js": 1631,
      "/static/js/5294.js": 997,
      "/static/js/5332.js": 22303,
      "/static/js/5342.js": 10430,
      "/static/js/5408.js": 49773,
      "/static/js/5495.js": 8237,
      "/static/js/5547.js": 791,
      "/static/js/5603.js": 264,
      "/static/js/562.js": 1014,
      "/static/js/5660.js": 6574,
      "/static/js/5738.js": 10899,
      "/static/js/5767.js": 14640,
      "/static/js/594.js": 129,
      "/static/js/5942.js": 473,
      "/static/js/6038.js": 8749,
      "/static/js/6069.js": 2294,
      "/static/js/61.js": 4477,
      "/static/js/6100.js": 1112,
      "/static/js/6151.js": 1477,
      "/static/js/6181.js": 706,
      "/static/js/6182.js": 2077,
      "/static/js/6222.js": 45237,
      "/static/js/6250.js": 7632,
      "/static/js/6294.js": 4795,
      "/static/js/6644.js": 1215,
      "/static/js/6657.js": 9026,
      "/static/js/6658.js": 8013,
      "/static/js/6688.js": 5106,
      "/static/js/6710.js": 390,
      "/static/js/6774.js": 4023,
      "/static/js/6999.js": 7599,
      "/static/js/7155.js": 179,
      "/static/js/7311.js": 13333,
      "/static/js/7375.js": 11576,
      "/static/js/7532.js": 294,
      "/static/js/7627.js": 932,
      "/static/js/7711.js": 10176,
      "/static/js/7726.js": 911,
      "/static/js/775.js": 1687396,
      "/static/js/7804.js": 552,
      "/static/js/7838.js": 19425,
      "/static/js/7897.js": 52654,
      "/static/js/8074.js": 260,
      "/static/js/818.js": 609255,
      "/static/js/8238.js": 10708,
      "/static/js/8242.js": 10439,
      "/static/js/8277.js": 173,
      "/static/js/8404.js": 754,
      "/static/js/8452.js": 26526,
      "/static/js/8634.js": 24010,
      "/static/js/8656.js": 16206,
      "/static/js/87.js": 9387,
      "/static/js/8949.js": 10440,
      "/static/js/8964.js": 16056,
      "/static/js/9115.js": 1880,
      "/static/js/9116.js": 9408,
      "/static/js/9146.js": 67636,
      "/static/js/9200.js": 14775,
      "/static/js/9290.js": 12583,
      "/static/js/9320.js": 1389,
      "/static/js/9351.js": 11569,
      "/static/js/9459.js": 11423,
      "/static/js/9483.js": 645,
      "/static/js/9660.js": 12660,
      "/static/js/9680.js": 4783,
      "/static/js/9718.js": 7995,
      "/static/js/9772.js": 221,
      "/static/js/9788.js": 18662,
      "/static/js/9799.js": 10804,
      "/static/js/main.js": 59818,
      "/static/js/runtime-main.js": 8533
    }
  },
  "gzippedBundleSize": {
    "total": 1556054,
    "files": {
      "/html/main/index.html": 4576,
      "/static/css/1154.css": 453,
      "/static/css/1238.css": 413,
      "/static/css/1278.css": 323,
      "/static/css/1293.css": 236,
      "/static/css/1541.css": 670,
      "/static/css/1579.css": 553,
      "/static/css/1609.css": 892,
      "/static/css/1627.css": 298,
      "/static/css/1774.css": 237,
      "/static/css/1865.css": 632,