{
  "devPluginSetupTime": 519.4072226666613,
  "devPrepareTime": 641.3687229999729,
  "devColdBootTime": 8549.804213999983,
  "devHotBootTime": 6071.15149566667,
  "buildPluginSetupTime": 539.1595046666916,
  "buildPrepareTime": 360.96139533328824,
  "buildColdBootTime": 30389.01022866671,
  "minifiedBundleSize": {
    "total": 394752,
    "files": {
      "js": 530,
      "/html/main/index.html": 2649,
      "/static/css/main.css": 2636,
      "/static/js/910.js": 365885,
      "/static/js/main.js": 21410,
      "/static/js/runtime-main.js": 1642
    }
  },
  "gzippedBundleSize": {
    "total": 126145,
    "files": {
      "js": 246,
      "/html/main/index.html": 1346,
      "/static/css/main.css": 905,
      "/static/js/910.js": 115589,
      "/static/js/main.js": 7200,
      "/static/js/runtime-main.js": 859
    }
  },
  "buildHotBootTime": 13346.402184000006,
  "yarnColdInstallTime": 101304.22623100004,
  "yarnHotInstallTime": 1574.0329269999638,
  "yarnDependenciesCount": 1376,
  "yarnInstallSize": 215214342
}
