{
  "devPluginSetupTime": 263.78089199991274,
  "devPrepareTime": 388.8045010000157,
  "devColdBootTime": 6039.637470333216,
  "devHotBootTime": 3693.178588333229,
  "buildPluginSetupTime": 266.78189499986667,
  "buildPrepareTime": 388.08936133328825,
  "buildColdBootTime": 21274.694328333408,
  "minifiedBundleSize": {
    "total": 394190,
    "files": {
      "/html/main/index.html": 2641,
      "/static/css/main.css": 2636,
      "/static/js/910.js": 365877,
      "/static/js/main.js": 21402,
      "/static/js/runtime-main.js": 1634
    }
  },
  "gzippedBundleSize": {
    "total": 125874,
    "files": {
      "/html/main/index.html": 1340,
      "/static/css/main.css": 905,
      "/static/js/910.js": 115583,
      "/static/js/main.js": 7192,
      "/static/js/runtime-main.js": 854
    }
  },
  "buildHotBootTime": 7836.148049333288,
  "yarnColdInstallTime": 96463.8758080001,
  "yarnHotInstallTime": 934.6953159999102,
  "yarnDependenciesCount": 1320,
  "yarnInstallSize": 206365762
}
