{
  "devPluginSetupTime": 374.46754800000537,
  "devPrepareTime": 446.0525300000251,
  "devColdBootTime": 10354.471247333297,
  "devHotBootTime": 5340.2256156666945,
  "buildPluginSetupTime": 319.76762900000904,
  "buildPrepareTime": 558.1570253333388,
  "buildColdBootTime": 47414.64135833337,
  "minifiedBundleSize": {
    "total": 802068,
    "files": {
      "js": 399486,
      "/html/main/index.html": 2647,
      "/static/css/main.css": 2636,
      "/static/js/869.js": 371899,
      "/static/js/main.js": 23760,
      "/static/js/runtime-main.js": 1640
    }
  },
  "gzippedBundleSize": {
    "total": 244360,
    "files": {
      "js": 115738,
      "/html/main/index.html": 1352,
      "/static/css/main.css": 905,
      "/static/js/869.js": 117609,
      "/static/js/main.js": 7893,
      "/static/js/runtime-main.js": 863
    }
  },
  "buildHotBootTime": 11542.502071666686,
  "yarnColdInstallTime": 77189.424596,
  "yarnHotInstallTime": 1098.2603540001437,
  "yarnDependenciesCount": 1320,
  "yarnInstallSize": 206365762
}
