{
  "devPluginSetupTime": 500.75516700003453,
  "devPrepareTime": 336.5159963333669,
  "devColdBootTime": 7697.443647666679,
  "devHotBootTime": 5234.805947333322,
  "buildPluginSetupTime": 533.8566929999894,
  "buildPrepareTime": 647.3921009999855,
  "buildColdBootTime": 30508.831773666665,
  "minifiedBundleSize": {
    "total": 394720,
    "files": {
      "js": 530,
      "/html/main/index.html": 2641,
      "/static/css/main.css": 2636,
      "/static/js/910.js": 365877,
      "/static/js/main.js": 21402,
      "/static/js/runtime-main.js": 1634
    }
  },
  "gzippedBundleSize": {
    "total": 126132,
    "files": {
      "js": 246,
      "/html/main/index.html": 1343,
      "/static/css/main.css": 905,
      "/static/js/910.js": 115585,
      "/static/js/main.js": 7197,
      "/static/js/runtime-main.js": 856
    }
  },
  "buildHotBootTime": 12267.165301666673,
  "yarnColdInstallTime": 86260.80914499995,
  "yarnHotInstallTime": 1482.2490230000112,
  "yarnDependenciesCount": 1402,
  "yarnInstallSize": 222025953
}
