{
  "devPluginSetupTime": 483.95461233332753,
  "devPrepareTime": 343.9637703333283,
  "devColdBootTime": 7851.23075800001,
  "devHotBootTime": 4982.329002000003,
  "buildPluginSetupTime": 481.58801933331415,
  "buildPrepareTime": 331.6134956666113,
  "buildColdBootTime": 22879.987587333348,
  "minifiedBundleSize": {
    "total": 394752,
    "files": {
      "js": 530,
      "/html/main/index.html": 2649,
      "/static/css/main.css": 2636,
      "/static/js/910.js": 365885,
      "/static/js/main.js": 21410,
      "/static/js/runtime-main.js": 1642
    }
  },
  "gzippedBundleSize": {
    "total": 126145,
    "files": {
      "js": 246,
      "/html/main/index.html": 1346,
      "/static/css/main.css": 905,
      "/static/js/910.js": 115589,
      "/static/js/main.js": 7200,
      "/static/js/runtime-main.js": 859
    }
  },
  "buildHotBootTime": 10355.377524666721,
  "yarnColdInstallTime": 113978.59375600005,
  "yarnHotInstallTime": 1552.5926719999406,
  "yarnDependenciesCount": 1376,
  "yarnInstallSize": 215214485
}
