{
  "devPluginSetupTime": 328.54036733329605,
  "devPrepareTime": 414.827517000027,
  "devColdBootTime": 6563.913620000007,
  "devHotBootTime": 4146.444789333308,
  "buildPluginSetupTime": 342.06315000006,
  "buildPrepareTime": 426.1461016666144,
  "buildColdBootTime": 40938.82545899999,
  "minifiedBundleSize": {
    "total": 803350,
    "files": {
      "js": 399486,
      "/html/main/index.html": 3929,
      "/static/css/main.css": 2636,
      "/static/js/869.js": 371899,
      "/static/js/main.js": 23760,
      "/static/js/runtime-main.js": 1640
    }
  },
  "gzippedBundleSize": {
    "total": 244875,
    "files": {
      "js": 115738,
      "/html/main/index.html": 1867,
      "/static/css/main.css": 905,
      "/static/js/869.js": 117609,
      "/static/js/main.js": 7893,
      "/static/js/runtime-main.js": 863
    }
  },
  "buildHotBootTime": 10745.558021000004,
  "yarnColdInstallTime": 86750.73211400001,
  "yarnHotInstallTime": 1289.0584290002007,
  "yarnDependenciesCount": 1343,
  "yarnInstallSize": 207280971
}
