{
  "devPluginSetupTime": 296.74773700007546,
  "devPrepareTime": 468.50872566659626,
  "devColdBootTime": 7365.521931999984,
  "devHotBootTime": 4282.214659333306,
  "buildPluginSetupTime": 312.6079600000133,
  "buildPrepareTime": 419.50311366670456,
  "buildColdBootTime": 29284.653627999982,
  "minifiedBundleSize": {
    "total": 394190,
    "files": {
      "/html/main/index.html": 2641,
      "/static/css/main.css": 2636,
      "/static/js/910.js": 365877,
      "/static/js/main.js": 21402,
      "/static/js/runtime-main.js": 1634
    }
  },
  "gzippedBundleSize": {
    "total": 125874,
    "files": {
      "/html/main/index.html": 1340,
      "/static/css/main.css": 905,
      "/static/js/910.js": 115583,
      "/static/js/main.js": 7192,
      "/static/js/runtime-main.js": 854
    }
  },
  "buildHotBootTime": 11364.946151666654,
  "yarnColdInstallTime": 85714.44397799997,
  "yarnHotInstallTime": 2151.5902700000443,
  "yarnDependenciesCount": 1321,
  "yarnInstallSize": 207380234
}
