{
  "devPluginSetupTime": 532.4993820000285,
  "devPrepareTime": 423.52807500003837,
  "devColdBootTime": 8203.28970366662,
  "devHotBootTime": 4951.950526333414,
  "buildPluginSetupTime": 519.9623600000826,
  "buildPrepareTime": 377.6164573333226,
  "buildColdBootTime": 30101.18159199995,
  "minifiedBundleSize": {
    "total": 394752,
    "files": {
      "js": 530,
      "/html/main/index.html": 2649,
      "/static/css/main.css": 2636,
      "/static/js/910.js": 365885,
      "/static/js/main.js": 21410,
      "/static/js/runtime-main.js": 1642
    }
  },
  "gzippedBundleSize": {
    "total": 126145,
    "files": {
      "js": 246,
      "/html/main/index.html": 1346,
      "/static/css/main.css": 905,
      "/static/js/910.js": 115589,
      "/static/js/main.js": 7200,
      "/static/js/runtime-main.js": 859
    }
  },
  "buildHotBootTime": 12146.038928333282,
  "yarnColdInstallTime": 86814.57448099996,
  "yarnHotInstallTime": 2387.393749000039,
  "yarnDependenciesCount": 1377,
  "yarnInstallSize": 216233037
}
