{
  "devPluginSetupTime": 484.67083066670847,
  "devPrepareTime": 354.397182666619,
  "devColdBootTime": 8289.98381699998,
  "devHotBootTime": 5378.727138999985,
  "buildPluginSetupTime": 547.578401333342,
  "buildPrepareTime": 353.3846326667117,
  "buildColdBootTime": 30463.082309333335,
  "minifiedBundleSize": {
    "total": 394720,
    "files": {
      "js": 530,
      "/html/main/index.html": 2641,
      "/static/css/main.css": 2636,
      "/static/js/910.js": 365877,
      "/static/js/main.js": 21402,
      "/static/js/runtime-main.js": 1634
    }
  },
  "gzippedBundleSize": {
    "total": 126132,
    "files": {
      "js": 246,
      "/html/main/index.html": 1343,
      "/static/css/main.css": 905,
      "/static/js/910.js": 115585,
      "/static/js/main.js": 7197,
      "/static/js/runtime-main.js": 856
    }
  },
  "buildHotBootTime": 13033.55513433336,
  "yarnColdInstallTime": 319388.17336599994,
  "yarnHotInstallTime": 1896.461241000099,
  "yarnDependenciesCount": 1403,
  "yarnInstallSize": 223048445
}
