{
  "devPluginSetupTime": 514.0396843333534,
  "devPrepareTime": 357.6502586666611,
  "devColdBootTime": 7902.941493333336,
  "devHotBootTime": 5066.410131000041,
  "buildPluginSetupTime": 546.4766386666646,
  "buildPrepareTime": 376.8780829999596,
  "buildColdBootTime": 31178.459847333335,
  "minifiedBundleSize": {
    "total": 394752,
    "files": {
      "js": 530,
      "/html/main/index.html": 2649,
      "/static/css/main.css": 2636,
      "/static/js/910.js": 365885,
      "/static/js/main.js": 21410,
      "/static/js/runtime-main.js": 1642
    }
  },
  "gzippedBundleSize": {
    "total": 126145,
    "files": {
      "js": 246,
      "/html/main/index.html": 1346,
      "/static/css/main.css": 905,
      "/static/js/910.js": 115589,
      "/static/js/main.js": 7200,
      "/static/js/runtime-main.js": 859
    }
  },
  "buildHotBootTime": 13016.776932000028,
  "yarnColdInstallTime": 98707.51930699998,
  "yarnHotInstallTime": 1333.6514439999592,
  "yarnDependenciesCount": 1379,
  "yarnInstallSize": 215369303
}
