{
  "devPluginSetupTime": 353.4652533333089,
  "devPrepareTime": 467.80035366670927,
  "devColdBootTime": 7632.680186333368,
  "devHotBootTime": 4544.850539666659,
  "buildPluginSetupTime": 358.3321983333444,
  "buildPrepareTime": 446.6996989999898,
  "buildColdBootTime": 52519.67257400005,
  "minifiedBundleSize": {
    "total": 803405,
    "files": {
      "js": 399566,
      "/html/main/index.html": 3904,
      "/static/css/main.css": 2636,
      "/static/js/869.js": 371899,
      "/static/js/main.js": 23760,
      "/static/js/runtime-main.js": 1640
    }
  },
  "gzippedBundleSize": {
    "total": 244893,
    "files": {
      "js": 115771,
      "/html/main/index.html": 1852,
      "/static/css/main.css": 905,
      "/static/js/869.js": 117609,
      "/static/js/main.js": 7893,
      "/static/js/runtime-main.js": 863
    }
  },
  "buildHotBootTime": 16247.537296333312,
  "yarnColdInstallTime": 80803.44914099993,
  "yarnHotInstallTime": 1213.0988839999773,
  "yarnDependenciesCount": 1344,
  "yarnInstallSize": 208295303
}
