{
  "devPluginSetupTime": 340.8203030000441,
  "devPrepareTime": 452.028553000011,
  "devColdBootTime": 8072.468160666642,
  "devHotBootTime": 4971.729158333347,
  "buildPluginSetupTime": 402.0794266666441,
  "buildPrepareTime": 600.6147049999951,
  "buildColdBootTime": 59233.422609,
  "minifiedBundleSize": {
    "total": 803405,
    "files": {
      "js": 399566,
      "/html/main/index.html": 3904,
      "/static/css/main.css": 2636,
      "/static/js/869.js": 371899,
      "/static/js/main.js": 23760,
      "/static/js/runtime-main.js": 1640
    }
  },
  "gzippedBundleSize": {
    "total": 244893,
    "files": {
      "js": 115771,
      "/html/main/index.html": 1852,
      "/static/css/main.css": 905,
      "/static/js/869.js": 117609,
      "/static/js/main.js": 7893,
      "/static/js/runtime-main.js": 863
    }
  },
  "buildHotBootTime": 14821.718528999985,
  "yarnColdInstallTime": 85204.77960799984,
  "yarnHotInstallTime": 2264.7980080000125,
  "yarnDependenciesCount": 1344,
  "yarnInstallSize": 208295303
}
