{
  "devPluginSetupTime": 467.6564133334129,
  "devPrepareTime": 356.3581666666626,
  "devColdBootTime": 7218.4704859999865,
  "devHotBootTime": 4637.451056333298,
  "buildPluginSetupTime": 492.58500533318147,
  "buildPrepareTime": 346.0805250000364,
  "buildColdBootTime": 23463.61152966662,
  "minifiedBundleSize": {
    "total": 394720,
    "files": {
      "js": 530,
      "/html/main/index.html": 2641,
      "/static/css/main.css": 2636,
      "/static/js/910.js": 365877,
      "/static/js/main.js": 21402,
      "/static/js/runtime-main.js": 1634
    }
  },
  "gzippedBundleSize": {
    "total": 126132,
    "files": {
      "js": 246,
      "/html/main/index.html": 1343,
      "/static/css/main.css": 905,
      "/static/js/910.js": 115585,
      "/static/js/main.js": 7197,
      "/static/js/runtime-main.js": 856
    }
  },
  "buildHotBootTime": 10333.658638000023,
  "yarnColdInstallTime": 105978.19232699997,
  "yarnHotInstallTime": 2098.9306059998926,
  "yarnDependenciesCount": 1403,
  "yarnInstallSize": 223048445
}
