{
  "devPluginSetupTime": 334.31965033335536,
  "devPrepareTime": 837.2951120000411,
  "devColdBootTime": 14759.872083666656,
  "devHotBootTime": 5564.537858000006,
  "buildPluginSetupTime": 326.1482866666823,
  "buildPrepareTime": 446.75888666665804,
  "buildColdBootTime": 36140.23588233333,
  "minifiedBundleSize": {
    "total": 401640,
    "files": {
      "/html/main/index.html": 2643,
      "/static/css/main.css": 9994,
      "/static/js/581.js": 365935,
      "/static/js/main.js": 21432,
      "/static/js/runtime-main.js": 1636
    }
  },
  "gzippedBundleSize": {
    "total": 127491,
    "files": {
      "/html/main/index.html": 1341,
      "/static/css/main.css": 2482,
      "/static/js/581.js": 115601,
      "/static/js/main.js": 7213,
      "/static/js/runtime-main.js": 854
    }
  },
  "buildHotBootTime": 11111.167086333386,
  "yarnColdInstallTime": 106201.35817399994,
  "yarnHotInstallTime": 1522.0430359999882,
  "yarnDependenciesCount": 1677,
  "yarnInstallSize": 243550068
}
