{
  "devPluginSetupTime": 282.91169966633123,
  "devPrepareTime": 406.97017399966717,
  "devColdBootTime": 12895.632622666968,
  "devHotBootTime": 4187.784287333178,
  "buildPluginSetupTime": 280.3295536671455,
  "buildPrepareTime": 406.03032066642,
  "buildColdBootTime": 28272.53375599999,
  "minifiedBundleSize": {
    "total": 401640,
    "files": {
      "/html/main/index.html": 2643,
      "/static/css/main.css": 9994,
      "/static/js/581.js": 365935,
      "/static/js/main.js": 21432,
      "/static/js/runtime-main.js": 1636
    }
  },
  "gzippedBundleSize": {
    "total": 127491,
    "files": {
      "/html/main/index.html": 1341,
      "/static/css/main.css": 2482,
      "/static/js/581.js": 115601,
      "/static/js/main.js": 7213,
      "/static/js/runtime-main.js": 854
    }
  },
  "buildHotBootTime": 8415.76642166668,
  "yarnColdInstallTime": 97709.93895400036,
  "yarnHotInstallTime": 1092.827798999846,
  "yarnDependenciesCount": 1677,
  "yarnInstallSize": 243550068
}
