{
  "devPluginSetupTime": 341.2672883333483,
  "devPrepareTime": 478.12401466673083,
  "devColdBootTime": 5129.953247333372,
  "devHotBootTime": 3340.6908896667105,
  "buildPluginSetupTime": 307.25429599999916,
  "buildPrepareTime": 455.8319503333187,
  "buildColdBootTime": 16661.420122333297,
  "minifiedBundleSize": {
    "total": 166076,
    "files": {
      "/html/main/index.html": 2301,
      "/static/css/main.css": 2636,
      "/static/js/906.js": 144816,
      "/static/js/main.js": 15029,
      "/static/js/runtime-main.js": 1294
    }
  },
  "gzippedBundleSize": {
    "total": 54198,
    "files": {
      "/html/main/index.html": 1213,
      "/static/css/main.css": 905,
      "/static/js/906.js": 46641,
      "/static/js/main.js": 4713,
      "/static/js/runtime-main.js": 726
    }
  },
  "buildHotBootTime": 1474.6112463333411,
  "yarnColdInstallTime": 91517.25143800024,
  "yarnHotInstallTime": 1757.4307899998967,
  "yarnDependenciesCount": 1317,
  "yarnInstallSize": 198600401
}
