{
  "devPluginSetupTime": 318.0129893333651,
  "devPrepareTime": 458.3205093333381,
  "devColdBootTime": 8136.166316999937,
  "devHotBootTime": 4624.813995666646,
  "buildPluginSetupTime": 326.30971233333304,
  "buildPrepareTime": 485.8583336666925,
  "buildColdBootTime": 32479.785611333326,
  "minifiedBundleSize": {
    "total": 394190,
    "files": {
      "/html/main/index.html": 2641,
      "/static/css/main.css": 2636,
      "/static/js/910.js": 365877,
      "/static/js/main.js": 21402,
      "/static/js/runtime-main.js": 1634
    }
  },
  "gzippedBundleSize": {
    "total": 125874,
    "files": {
      "/html/main/index.html": 1340,
      "/static/css/main.css": 905,
      "/static/js/910.js": 115583,
      "/static/js/main.js": 7192,
      "/static/js/runtime-main.js": 854
    }
  },
  "buildHotBootTime": 11919.231450000001,
  "yarnColdInstallTime": 94131.88361999998,
  "yarnHotInstallTime": 1332.1578489998356,
  "yarnDependenciesCount": 1321,
  "yarnInstallSize": 207380094
}
