{
  "devPluginSetupTime": 274.9285443325837,
  "devPrepareTime": 412.5319499994318,
  "devColdBootTime": 6328.246299666663,
  "devHotBootTime": 3818.986361334721,
  "buildPluginSetupTime": 264.3130386695266,
  "buildPrepareTime": 392.90754099935293,
  "buildColdBootTime": 21471.780378667016,
  "minifiedBundleSize": {
    "total": 394190,
    "files": {
      "/html/main/index.html": 2641,
      "/static/css/main.css": 2636,
      "/static/js/910.js": 365877,
      "/static/js/main.js": 21402,
      "/static/js/runtime-main.js": 1634
    }
  },
  "gzippedBundleSize": {
    "total": 125874,
    "files": {
      "/html/main/index.html": 1340,
      "/static/css/main.css": 905,
      "/static/js/910.js": 115583,
      "/static/js/main.js": 7192,
      "/static/js/runtime-main.js": 854
    }
  },
  "buildHotBootTime": 8054.50760700057,
  "yarnColdInstallTime": 69438.84780099988,
  "yarnHotInstallTime": 945.1149640008807,
  "yarnDependenciesCount": 1323,
  "yarnInstallSize": 206516500
}
