{
  "devPluginSetupTime": 311.1866350000103,
  "devPrepareTime": 2185.146337000013,
  "devColdBootTime": 9318.729532333362,
  "devHotBootTime": 5654.213673666702,
  "buildPluginSetupTime": 310.47588766668923,
  "buildPrepareTime": 433.09706366671406,
  "buildColdBootTime": 47529.98704566663,
  "minifiedBundleSize": {
    "total": 802148,
    "files": {
      "js": 399566,
      "/html/main/index.html": 2647,
      "/static/css/main.css": 2636,
      "/static/js/869.js": 371899,
      "/static/js/main.js": 23760,
      "/static/js/runtime-main.js": 1640
    }
  },
  "gzippedBundleSize": {
    "total": 244393,
    "files": {
      "js": 115771,
      "/html/main/index.html": 1352,
      "/static/css/main.css": 905,
      "/static/js/869.js": 117609,
      "/static/js/main.js": 7893,
      "/static/js/runtime-main.js": 863
    }
  },
  "buildHotBootTime": 11592.584812666677,
  "yarnColdInstallTime": 75995.9098759999,
  "yarnHotInstallTime": 1005.0413919999264,
  "yarnDependenciesCount": 1321,
  "yarnInstallSize": 207380094
}
