{
  "devPluginSetupTime": 479.42352366676397,
  "devPrepareTime": 355.18221366665483,
  "devColdBootTime": 7353.051833666667,
  "devHotBootTime": 4747.419985999935,
  "buildPluginSetupTime": 500.21882933331653,
  "buildPrepareTime": 345.3724926666667,
  "buildColdBootTime": 23240.427217666682,
  "minifiedBundleSize": {
    "total": 394752,
    "files": {
      "js": 530,
      "/html/main/index.html": 2649,
      "/static/css/main.css": 2636,
      "/static/js/910.js": 365885,
      "/static/js/main.js": 21410,
      "/static/js/runtime-main.js": 1642
    }
  },
  "gzippedBundleSize": {
    "total": 126145,
    "files": {
      "js": 246,
      "/html/main/index.html": 1346,
      "/static/css/main.css": 905,
      "/static/js/910.js": 115589,
      "/static/js/main.js": 7200,
      "/static/js/runtime-main.js": 859
    }
  },
  "buildHotBootTime": 10206.803596666627,
  "yarnColdInstallTime": 112502.69039499993,
  "yarnHotInstallTime": 1794.6015940001234,
  "yarnDependenciesCount": 1377,
  "yarnInstallSize": 216232897
}
