{
  "devPluginSetupTime": 1107.153981666682,
  "devPrepareTime": 987.2291970000175,
  "devColdBootTime": 12061.427825333356,
  "devHotBootTime": 5796.293191000023,
  "buildPluginSetupTime": 517.5676276665957,
  "buildPrepareTime": 365.50106299998396,
  "buildColdBootTime": 33800.05531000005,
  "minifiedBundleSize": {
    "total": 394752,
    "files": {
      "js": 530,
      "/html/main/index.html": 2649,
      "/static/css/main.css": 2636,
      "/static/js/910.js": 365885,
      "/static/js/main.js": 21410,
      "/static/js/runtime-main.js": 1642
    }
  },
  "gzippedBundleSize": {
    "total": 126145,
    "files": {
      "js": 246,
      "/html/main/index.html": 1346,
      "/static/css/main.css": 905,
      "/static/js/910.js": 115589,
      "/static/js/main.js": 7200,
      "/static/js/runtime-main.js": 859
    }
  },
  "buildHotBootTime": 13614.933555666668,
  "yarnColdInstallTime": 98707.51930699998,
  "yarnHotInstallTime": 1333.6514439999592,
  "yarnDependenciesCount": 1379,
  "yarnInstallSize": 215369303
}
