{
  "devPluginSetupTime": 307.5890486666855,
  "devPrepareTime": 513.5631936666323,
  "devColdBootTime": 18422.06774333329,
  "devHotBootTime": 5780.323362000015,
  "buildPluginSetupTime": 307.327678333347,
  "buildPrepareTime": 459.4316540000339,
  "buildColdBootTime": 40384.83958999999,
  "minifiedBundleSize": {
    "total": 401640,
    "files": {
      "/html/main/index.html": 2643,
      "/static/css/main.css": 9994,
      "/static/js/581.js": 365935,
      "/static/js/main.js": 21432,
      "/static/js/runtime-main.js": 1636
    }
  },
  "gzippedBundleSize": {
    "total": 127491,
    "files": {
      "/html/main/index.html": 1341,
      "/static/css/main.css": 2482,
      "/static/js/581.js": 115601,
      "/static/js/main.js": 7213,
      "/static/js/runtime-main.js": 854
    }
  },
  "buildHotBootTime": 12414.486124666679,
  "yarnColdInstallTime": 100900.41479499987,
  "yarnHotInstallTime": 2770.11152499984,
  "yarnDependenciesCount": 1679,
  "yarnInstallSize": 242686474
}
