{
  "devPluginSetupTime": 288.4039659999932,
  "devPrepareTime": 477.09630866665003,
  "devColdBootTime": 7508.8786920000175,
  "devHotBootTime": 4483.0391680000275,
  "buildPluginSetupTime": 316.412118999986,
  "buildPrepareTime": 489.33583299998037,
  "buildColdBootTime": 28577.823894666664,
  "minifiedBundleSize": {
    "total": 394190,
    "files": {
      "/html/main/index.html": 2641,
      "/static/css/main.css": 2636,
      "/static/js/910.js": 365877,
      "/static/js/main.js": 21402,
      "/static/js/runtime-main.js": 1634
    }
  },
  "gzippedBundleSize": {
    "total": 125874,
    "files": {
      "/html/main/index.html": 1340,
      "/static/css/main.css": 905,
      "/static/js/910.js": 115583,
      "/static/js/main.js": 7192,
      "/static/js/runtime-main.js": 854
    }
  },
  "buildHotBootTime": 10041.853065666664,
  "yarnColdInstallTime": 78669.14471099991,
  "yarnHotInstallTime": 1467.0881369998679,
  "yarnDependenciesCount": 1321,
  "yarnInstallSize": 207380094
}
