{
  "devPluginSetupTime": 531.0138180000553,
  "devPrepareTime": 360.2164296666936,
  "devColdBootTime": 8609.782389999988,
  "devHotBootTime": 5903.940032000032,
  "buildPluginSetupTime": 532.8822216666304,
  "buildPrepareTime": 373.07961366667104,
  "buildColdBootTime": 30914.46769333328,
  "minifiedBundleSize": {
    "total": 394720,
    "files": {
      "js": 530,
      "/html/main/index.html": 2641,
      "/static/css/main.css": 2636,
      "/static/js/910.js": 365877,
      "/static/js/main.js": 21402,
      "/static/js/runtime-main.js": 1634
    }
  },
  "gzippedBundleSize": {
    "total": 126132,
    "files": {
      "js": 246,
      "/html/main/index.html": 1343,
      "/static/css/main.css": 905,
      "/static/js/910.js": 115585,
      "/static/js/main.js": 7197,
      "/static/js/runtime-main.js": 856
    }
  },
  "buildHotBootTime": 14149.366755000005,
  "yarnColdInstallTime": 91194.1607400002,
  "yarnHotInstallTime": 2628.0228929999284,
  "yarnDependenciesCount": 1403,
  "yarnInstallSize": 223048585
}
