{
  "devPluginSetupTime": 312.9919406666886,
  "devPrepareTime": 475.451921333326,
  "devColdBootTime": 4927.969321333377,
  "devHotBootTime": 3307.837925999969,
  "buildPluginSetupTime": 305.54148266670137,
  "buildPrepareTime": 457.6916019999965,
  "buildColdBootTime": 16085.866428333335,
  "minifiedBundleSize": {
    "total": 166076,
    "files": {
      "/html/main/index.html": 2301,
      "/static/css/main.css": 2636,
      "/static/js/906.js": 144816,
      "/static/js/main.js": 15029,
      "/static/js/runtime-main.js": 1294
    }
  },
  "gzippedBundleSize": {
    "total": 54198,
    "files": {
      "/html/main/index.html": 1213,
      "/static/css/main.css": 905,
      "/static/js/906.js": 46641,
      "/static/js/main.js": 4713,
      "/static/js/runtime-main.js": 726
    }
  },
  "buildHotBootTime": 1468.9237833333125,
  "yarnColdInstallTime": 74895.09127200022,
  "yarnHotInstallTime": 1077.6063870000653,
  "yarnDependenciesCount": 1317,
  "yarnInstallSize": 198600401
}
