{
  "devPluginSetupTime": 358.5591779999668,
  "devPrepareTime": 468.624029333354,
  "devColdBootTime": 16319.200563333308,
  "devHotBootTime": 5794.086298666662,
  "buildPluginSetupTime": 308.9956780000745,
  "buildPrepareTime": 494.2086319999459,
  "buildColdBootTime": 37486.51622699993,
  "minifiedBundleSize": {
    "total": 401653,
    "files": {
      "/html/main/index.html": 2643,
      "/static/css/main.css": 9994,
      "/static/js/581.js": 365935,
      "/static/js/main.js": 21445,
      "/static/js/runtime-main.js": 1636
    }
  },
  "gzippedBundleSize": {
    "total": 127492,
    "files": {
      "/html/main/index.html": 1342,
      "/static/css/main.css": 2482,
      "/static/js/581.js": 115601,
      "/static/js/main.js": 7213,
      "/static/js/runtime-main.js": 854
    }
  },
  "buildHotBootTime": 10372.508652999997,
  "yarnColdInstallTime": 106141.10151800001,
  "yarnHotInstallTime": 1184.2651520001236,
  "yarnDependenciesCount": 1671,
  "yarnInstallSize": 242580580
}
