{
  "devPluginSetupTime": 307.94685933331493,
  "devPrepareTime": 460.61005733332905,
  "devColdBootTime": 7341.277272333314,
  "devHotBootTime": 4697.549016999973,
  "buildPluginSetupTime": 307.37845999991987,
  "buildPrepareTime": 443.1219929999206,
  "buildColdBootTime": 29386.674923000042,
  "minifiedBundleSize": {
    "total": 394203,
    "files": {
      "/html/main/index.html": 2641,
      "/static/css/main.css": 2636,
      "/static/js/910.js": 365877,
      "/static/js/main.js": 21415,
      "/static/js/runtime-main.js": 1634
    }
  },
  "gzippedBundleSize": {
    "total": 125874,
    "files": {
      "/html/main/index.html": 1340,
      "/static/css/main.css": 905,
      "/static/js/910.js": 115583,
      "/static/js/main.js": 7192,
      "/static/js/runtime-main.js": 854
    }
  },
  "buildHotBootTime": 11588.736927000029,
  "yarnColdInstallTime": 89019.23328899988,
  "yarnHotInstallTime": 1090.1295499999542,
  "yarnDependenciesCount": 1320,
  "yarnInstallSize": 206410199
}
