{
  "devPluginSetupTime": 373.4630023333011,
  "devPrepareTime": 535.3560390000154,
  "devColdBootTime": 7256.21258933326,
  "devHotBootTime": 4517.416716666698,
  "buildPluginSetupTime": 328.5680709999676,
  "buildPrepareTime": 538.3745976667075,
  "buildColdBootTime": 19413.465608999988,
  "minifiedBundleSize": {
    "total": 166089,
    "files": {
      "/html/main/index.html": 2301,
      "/static/css/main.css": 2636,
      "/static/js/906.js": 144816,
      "/static/js/main.js": 15042,
      "/static/js/runtime-main.js": 1294
    }
  },
  "gzippedBundleSize": {
    "total": 54199,
    "files": {
      "/html/main/index.html": 1214,
      "/static/css/main.css": 905,
      "/static/js/906.js": 46641,
      "/static/js/main.js": 4713,
      "/static/js/runtime-main.js": 726
    }
  },
  "buildHotBootTime": 1555.9369076666578,
  "yarnColdInstallTime": 113491.90758699994,
  "yarnHotInstallTime": 1682.5206029999536,
  "yarnDependenciesCount": 1316,
  "yarnInstallSize": 197741057
}
