{
  "devPluginSetupTime": 491.67693666663644,
  "devPrepareTime": 364.77793566665304,
  "devColdBootTime": 8031.812984999968,
  "devHotBootTime": 5191.995921666695,
  "buildPluginSetupTime": 511.68895966668305,
  "buildPrepareTime": 347.8966740000372,
  "buildColdBootTime": 28247.644044333294,
  "minifiedBundleSize": {
    "total": 394765,
    "files": {
      "js": 530,
      "/html/main/index.html": 2649,
      "/static/css/main.css": 2636,
      "/static/js/910.js": 365885,
      "/static/js/main.js": 21423,
      "/static/js/runtime-main.js": 1642
    }
  },
  "gzippedBundleSize": {
    "total": 126144,
    "files": {
      "js": 246,
      "/html/main/index.html": 1345,
      "/static/css/main.css": 905,
      "/static/js/910.js": 115589,
      "/static/js/main.js": 7200,
      "/static/js/runtime-main.js": 859
    }
  },
  "buildHotBootTime": 12698.050555666676,
  "yarnColdInstallTime": 79269.46553099994,
  "yarnHotInstallTime": 1129.0005570000503,
  "yarnDependenciesCount": 1374,
  "yarnInstallSize": 215151866
}
