{
  "yarnColdInstallTime": 127178.31160500005,
  "yarnHotInstallTime": 1561.7547499999637,
  "yarnDependenciesCount": 1993,
  "yarnInstallSize": 352210534
}
