{
  "yarnColdInstallTime": 127105.36927899998,
  "yarnHotInstallTime": 2127.5253130001947,
  "yarnDependenciesCount": 1992,
  "yarnInstallSize": 352185068
}
