{
  "devPluginSetupTime": 1606.7639873333585,
  "devPrepareTime": 330.50998566672206,
  "devColdBootTime": 6404.554901666629,
  "devHotBootTime": 4335.559548999959,
  "buildPluginSetupTime": 1698.6399370000388,
  "buildPrepareTime": 650.1558943333415,
  "buildColdBootTime": 25548.720396333374,
  "minifiedBundleSize": {
    "total": 423441,
    "files": {
      "/html/main/index.html": 2660,
      "/static/css/main.css": 2636,
      "/static/js/730.js": 385045,
      "/static/js/main.js": 31447,
      "/static/js/runtime-main.js": 1653
    }
  },
  "gzippedBundleSize": {
    "total": 129794,
    "files": {
      "/html/main/index.html": 1341,
      "/static/css/main.css": 905,
      "/static/js/730.js": 120287,
      "/static/js/main.js": 6409,
      "/static/js/runtime-main.js": 852
    }
  },
  "buildHotBootTime": 2375.0435609999113,
  "yarnColdInstallTime": 95901.03796799993,
  "yarnHotInstallTime": 2184.7704760003835,
  "yarnDependenciesCount": 1611,
  "yarnInstallSize": 218671023
}
