{
  "devPluginSetupTime": 1696.9173063333922,
  "devPrepareTime": 330.16059033339843,
  "devColdBootTime": 7338.29799166671,
  "devHotBootTime": 4522.294739999886,
  "buildPluginSetupTime": 1485.8865589999284,
  "buildPrepareTime": 315.09481533337384,
  "buildColdBootTime": 30162.88184266677,
  "minifiedBundleSize": {
    "total": 492579,
    "files": {
      "/html/main/index.html": 2660,
      "/static/css/main.css": 2636,
      "/static/js/491.js": 447926,
      "/static/js/main.js": 37704,
      "/static/js/runtime-main.js": 1653
    }
  },
  "gzippedBundleSize": {
    "total": 147892,
    "files": {
      "/html/main/index.html": 1340,
      "/static/css/main.css": 905,
      "/static/js/491.js": 137038,
      "/static/js/main.js": 7757,
      "/static/js/runtime-main.js": 852
    }
  },
  "buildHotBootTime": 8526.663722333187
}
