{
  "devPluginSetupTime": 1514.8404479999638,
  "devPrepareTime": 369.1102589999791,
  "devColdBootTime": 4382.348479333373,
  "devHotBootTime": 3166.642672333362,
  "buildPluginSetupTime": 1392.110628333292,
  "buildPrepareTime": 356.3244139999927,
  "buildColdBootTime": 15944.947843666692,
  "minifiedBundleSize": {
    "total": 169520,
    "files": {
      "/html/main/index.html": 2317,
      "/static/css/main.css": 2636,
      "/static/js/219.js": 145744,
      "/static/js/main.js": 17513,
      "/static/js/runtime-main.js": 1310
    }
  },
  "gzippedBundleSize": {
    "total": 54844,
    "files": {
      "/html/main/index.html": 1213,
      "/static/css/main.css": 905,
      "/static/js/219.js": 46776,
      "/static/js/main.js": 5225,
      "/static/js/runtime-main.js": 725
    }
  },
  "buildHotBootTime": 1152.2995226666487,
  "yarnColdInstallTime": 105079.62388000009,
  "yarnHotInstallTime": 2416.556531000184,
  "yarnDependenciesCount": 1570,
  "yarnInstallSize": 217844676
}
