{
  "devPluginSetupTime": 487.02629066670005,
  "devPrepareTime": 474.74102166671463,
  "devColdBootTime": 17429.44813866669,
  "devHotBootTime": 5324.750135999988,
  "buildPluginSetupTime": 325.74446933332365,
  "buildPrepareTime": 429.79866300003295,
  "buildColdBootTime": 38036.09619466666,
  "minifiedBundleSize": {
    "total": 401640,
    "files": {
      "/html/main/index.html": 2643,
      "/static/css/main.css": 9994,
      "/static/js/581.js": 365935,
      "/static/js/main.js": 21432,
      "/static/js/runtime-main.js": 1636
    }
  },
  "gzippedBundleSize": {
    "total": 127491,
    "files": {
      "/html/main/index.html": 1341,
      "/static/css/main.css": 2482,
      "/static/js/581.js": 115601,
      "/static/js/main.js": 7213,
      "/static/js/runtime-main.js": 854
    }
  },
  "buildHotBootTime": 10964.063537666652,
  "yarnColdInstallTime": 104194.3321779999,
  "yarnHotInstallTime": 1645.9295409999322,
  "yarnDependenciesCount": 1676,
  "yarnInstallSize": 242535593
}
