{
  "devPluginSetupTime": 1792.9052103334107,
  "devPrepareTime": 372.9273539998879,
  "devColdBootTime": 39681.21894866647,
  "devHotBootTime": 8062.780959666707,
  "buildPluginSetupTime": 1663.297954000067,
  "buildPrepareTime": 366.1543286666274,
  "buildColdBootTime": 63417.453992333416,
  "minifiedBundleSize": {
    "total": 6364203,
    "files": {
      "/html/main/index.html": 10289,
      "/static/css/106.css": 1872,
      "/static/css/1111.css": 372,
      "/static/css/1224.css": 3186,
      "/static/css/1309.css": 3137,
      "/static/css/1340.css": 467,
      "/static/css/1479.css": 1310,
      "/static/css/1610.css": 3137,
      "/static/css/170.css": 466,
      "/static/css/172.css": 1458,
      "/static/css/1830.css": 3186,
      "/static/css/1904.css": 622,
      "/static/css/1956.css": 1873,
      "/static/css/1968.css": 170,
      "/static/css/2120.css": 3198,
      "/static/css/217.css": 501,
      "/static/css/2367.css": 2035,
      "/static/css/2497.css": 402,
      "/static/css/2527.css": 3198,
      "/static/css/2679.css": 170,
      "/static/css/2875.css": 1039,
      "/static/css/3061.css": 1310,
      "/static/css/3102.css": 554581,
      "/static/css/3160.css": 579,
      "/static/css/3215.css": 602,
      "/static/css/345.css": 601,
      "/static/css/3534.css": 356,
      "/static/css/3670.css": 402,
      "/static/css/3685.css": 4873,
      "/static/css/3739.css": 751,
      "/static/css/3781.css": 622,
      "/static/css/4017.css": 1873,
      "/static/css/4194.css": 307,
      "/static/css/4249.css": 178,
      "/static/css/4453.css": 579,
      "/static/css/4594.css": 3186,
      "/static/css/4775.css": 3888,
      "/static/css/5273.css": 1369,
      "/static/css/5397.css": 502,
      "/static/css/6049.css": 1441,
      "/static/css/6096.css": 1459,
      "/static/css/6133.css": 402,
      "/static/css/635.css": 2445,
      "/static/css/6426.css": 1335,
      "/static/css/6534.css": 307,
      "/static/css/7144.css": 1459,
      "/static/css/7258.css": 1661,
      "/static/css/730.css": 355,
      "/static/css/7416.css": 3198,
      "/static/css/7433.css": 402,
      "/static/css/7712.css": 483,
      "/static/css/792.css": 1368,
      "/static/css/7936.css": 1335,
      "/static/css/8145.css": 1039,
      "/static/css/8178.css": 372,
      "/static/css/8258.css": 372,
      "/static/css/8264.css": 402,
      "/static/css/8425.css": 549,
      "/static/css/860.css": 1368,
      "/static/css/8618.css": 1369,
      "/static/css/8761.css": 1310,
      "/static/css/9005.css": 3198,
      "/static/css/9074.css": 427,
      "/static/css/9330.css": 549,
      "/static/css/9430.css": 1453,
      "/static/css/9445.css": 1335,
      "/static/css/9469.css": 2227,
      "/static/css/950.css": 177,
      "/static/css/9542.css": 402,
      "/static/css/9635.css": 1441,
      "/static/css/9908.css": 1525,
      "/static/css/9935.css": 117,
      "/static/css/9983.css": 1873,
      "/static/css/main.css": 10557,
      "/static/js/106.js": 8037,
      "/static/js/1111.js": 6660,
      "/static/js/1224.js": 1033,
      "/static/js/1309.js": 20890,
      "/static/js/1340.js": 10716,
      "/static/js/1356.js": 14005,
      "/static/js/1413.js": 4509,
      "/static/js/1479.js": 5241,
      "/static/js/16.js": 1435,
      "/static/js/1613.js": 1502,
      "/static/js/17.js": 1542,
      "/static/js/170.js": 279,
      "/static/js/171.js": 4147,
      "/static/js/172.js": 10565,
      "/static/js/1830.js": 9701,
      "/static/js/1904.js": 686,
      "/static/js/1923.js": 501,
      "/static/js/1931.js": 670,
      "/static/js/1956.js": 12926,
      "/static/js/1968.js": 24118,
      "/static/js/1971.js": 17056,
      "/static/js/2120.js": 10829,
      "/static/js/217.js": 2871,
      "/static/js/2327.js": 16759,
      "/static/js/2367.js": 28560,
      "/static/js/2497.js": 1301,
      "/static/js/2527.js": 18166,
      "/static/js/2534.js": 3343,
      "/static/js/2588.js": 931,
      "/static/js/2647.js": 4544,
      "/static/js/2650.js": 3097,
      "/static/js/2679.js": 279,
      "/static/js/2691.js": 15415,
      "/static/js/2875.js": 526,
      "/static/js/3061.js": 4915,
      "/static/js/3102.js": 1465089,
      "/static/js/3160.js": 380,
      "/static/js/3215.js": 20814,
      "/static/js/3278.js": 5760,
      "/static/js/3329.js": 9012,
      "/static/js/3349.js": 4387,
      "/static/js/3368.js": 4987,
      "/static/js/345.js": 405,
      "/static/js/3534.js": 569,
      "/static/js/3539.js": 677,
      "/static/js/3619.js": 13417,
      "/static/js/3652.js": 3321,
      "/static/js/3670.js": 1142,
      "/static/js/3685.js": 20345,
      "/static/js/3713.js": 647,
      "/static/js/3739.js": 452,
      "/static/js/3781.js": 11419,
      "/static/js/4017.js": 11458,
      "/static/js/4194.js": 265,
      "/static/js/4249.js": 249,
      "/static/js/4258.js": 4315,
      "/static/js/4453.js": 5687,
      "/static/js/4594.js": 15197,
      "/static/js/4712.js": 313,
      "/static/js/4775.js": 28809,
      "/static/js/4931.js": 17233,
      "/static/js/4964.js": 1012,
      "/static/js/4985.js": 3340,
      "/static/js/502.js": 1160,
      "/static/js/5142.js": 9443,
      "/static/js/5195.js": 16782,
      "/static/js/5256.js": 2364,
      "/static/js/5397.js": 388,
      "/static/js/5850.js": 676990,
      "/static/js/6049.js": 13287,
      "/static/js/6096.js": 18402,
      "/static/js/6133.js": 276,
      "/static/js/631.js": 4818,
      "/static/js/635.js": 26175,
      "/static/js/6426.js": 771,
      "/static/js/6448.js": 8125,
      "/static/js/6500.js": 50067,
      "/static/js/6534.js": 8604,
      "/static/js/684.js": 1722993,
      "/static/js/7037.js": 2252,
      "/static/js/7144.js": 1222,
      "/static/js/7155.js": 238,
      "/static/js/7258.js": 27927,
      "/static/js/730.js": 1780,
      "/static/js/7386.js": 47670,
      "/static/js/7416.js": 1406,
      "/static/js/7424.js": 957,
      "/static/js/7433.js": 277,
      "/static/js/7712.js": 380,
      "/static/js/7891.js": 3512,
      "/static/js/792.js": 806,
      "/static/js/7936.js": 5028,
      "/static/js/8145.js": 17464,
      "/static/js/8178.js": 9570,
      "/static/js/818.js": 662034,
      "/static/js/8258.js": 386,
      "/static/js/8264.js": 1243,
      "/static/js/8347.js": 2869,
      "/static/js/8425.js": 283,
      "/static/js/8472.js": 602,
      "/static/js/8503.js": 69946,
      "/static/js/8526.js": 189,
      "/static/js/860.js": 9272,
      "/static/js/8618.js": 20912,
      "/static/js/8642.js": 17169,
      "/static/js/8754.js": 14547,
      "/static/js/8761.js": 1004,
      "/static/js/9005.js": 5489,
      "/static/js/9025.js": 2452,
      "/static/js/9074.js": 10757,
      "/static/js/9174.js": 8429,
      "/static/js/9312.js": 45985,
      "/static/js/9330.js": 15789,
      "/static/js/9430.js": 17136,
      "/static/js/9445.js": 7703,
      "/static/js/950.js": 9791,
      "/static/js/9542.js": 277,
      "/static/js/9635.js": 402,
      "/static/js/9636.js": 313,
      "/static/js/9643.js": 16591,
      "/static/js/9681.js": 19511,
      "/static/js/9722.js": 1905,
      "/static/js/9847.js": 15791,
      "/static/js/9868.js": 2574,
      "/static/js/9883.js": 24263,
      "/static/js/9908.js": 724,
      "/static/js/9935.js": 238,
      "/static/js/9983.js": 2028,
      "/static/js/main.js": 78429,
      "/static/js/runtime-main.js": 9221
    }
  },
  "gzippedBundleSize": {
    "total": 1743659,
    "files": {
      "/html/main/index.html": 4657,
      "/static/css/106.css": 633,
      "/static/css/1111.css": 203,
      "/static/css/1224.css": 767,
      "/static/css/1309.css": 889,
      "/static/css/1340.css": 301,
      "/static/css/1479.css": 448,
      "/static/css/1610.css": 889,
      "/static/css/170.css": 300,
      "/static/css/172.css": 551,
      "/static/css/1830.css": 767,
      "/static/css/1904.css": 363,
      "/static/css/1956.css": 635,
      "/static/css/1968.css": 164,