{
  "devPluginSetupTime": 1312.092146000204,
  "devPrepareTime": 287.8326376665694,
  "devColdBootTime": 8358.326600666778,
  "devHotBootTime": 4979.555412333303,
  "buildPluginSetupTime": 1335.945895333464,
  "buildPrepareTime": 289.76291066687554,
  "buildColdBootTime": 43236.30219399991,
  "minifiedBundleSize": {
    "total": 911961,
    "files": {
      "js": 409187,
      "/html/main/index.html": 2666,
      "/static/css/main.css": 2636,
      "/static/js/997.js": 454282,
      "/static/js/main.js": 41531,
      "/static/js/runtime-main.js": 1659
    }
  },
  "gzippedBundleSize": {
    "total": 268230,
    "files": {
      "js": 117630,
      "/html/main/index.html": 1348,
      "/static/css/main.css": 905,
      "/static/js/997.js": 139143,
      "/static/js/main.js": 8343,
      "/static/js/runtime-main.js": 861
    }
  },
  "buildHotBootTime": 14321.391467999978,
  "yarnColdInstallTime": 109853.09514999995,
  "yarnHotInstallTime": 2154.369546999689,
  "yarnDependenciesCount": 1574,
  "yarnInstallSize": 231624230
}
