{
  "devPluginSetupTime": 1612.3616900001653,
  "devPrepareTime": 326.0727879999516,
  "devColdBootTime": 7024.747894666623,
  "devHotBootTime": 4448.520108333323,
  "buildPluginSetupTime": 1535.6689946666982,
  "buildPrepareTime": 348.8033909999455,
  "buildColdBootTime": 30082.75358133344,
  "minifiedBundleSize": {
    "total": 423441,
    "files": {
      "/html/main/index.html": 2660,
      "/static/css/main.css": 2636,
      "/static/js/730.js": 385045,
      "/static/js/main.js": 31447,
      "/static/js/runtime-main.js": 1653
    }
  },
  "gzippedBundleSize": {
    "total": 129794,
    "files": {
      "/html/main/index.html": 1341,
      "/static/css/main.css": 905,
      "/static/js/730.js": 120287,
      "/static/js/main.js": 6409,
      "/static/js/runtime-main.js": 852
    }
  },
  "buildHotBootTime": 2450.08574499997,
  "yarnColdInstallTime": 92030.52181799989,
  "yarnHotInstallTime": 2645.174943999853,
  "yarnDependenciesCount": 1570,
  "yarnInstallSize": 217844676
}
