{
  "devPluginSetupTime": 1353.326733333214,
  "devPrepareTime": 305.36424200003967,
  "devColdBootTime": 6624.657589000029,
  "devHotBootTime": 4056.4719273333126,
  "buildPluginSetupTime": 1307.9756163333852,
  "buildPrepareTime": 283.4364220001735,
  "buildColdBootTime": 23914.470287333086,
  "minifiedBundleSize": {
    "total": 492579,
    "files": {
      "/html/main/index.html": 2660,
      "/static/css/main.css": 2636,
      "/static/js/491.js": 447926,
      "/static/js/main.js": 37704,
      "/static/js/runtime-main.js": 1653
    }
  },
  "gzippedBundleSize": {
    "total": 147892,
    "files": {
      "/html/main/index.html": 1340,
      "/static/css/main.css": 905,
      "/static/js/491.js": 137038,
      "/static/js/main.js": 7757,
      "/static/js/runtime-main.js": 852
    }
  },
  "buildHotBootTime": 7173.695522000237,
  "yarnColdInstallTime": 95002.54007600015,
  "yarnHotInstallTime": 1685.9400690002367,
  "yarnDependenciesCount": 1574,
  "yarnInstallSize": 231624230
}
