{
  "devPluginSetupTime": 1457.090464000008,
  "devPrepareTime": 299.57642866671085,
  "devColdBootTime": 7134.560698000016,
  "devHotBootTime": 4174.847545000026,
  "buildPluginSetupTime": 1337.914995999968,
  "buildPrepareTime": 295.7164316666701,
  "buildColdBootTime": 24264.720312333317,
  "minifiedBundleSize": {
    "total": 400017,
    "files": {
      "/html/main/index.html": 2658,
      "/static/css/main.css": 2636,
      "/static/js/4.js": 368732,
      "/static/js/main.js": 24338,
      "/static/js/runtime-main.js": 1653
    }
  },
  "gzippedBundleSize": {
    "total": 125317,
    "files": {
      "/html/main/index.html": 1335,
      "/static/css/main.css": 905,
      "/static/js/4.js": 114396,
      "/static/js/main.js": 7829,
      "/static/js/runtime-main.js": 852
    }
  },
  "buildHotBootTime": 7744.186506000037,
  "yarnColdInstallTime": 323112.90909099975,
  "yarnHotInstallTime": 1565.5717919999734,
  "yarnDependenciesCount": 1501,
  "yarnInstallSize": 227361162
}
