{
  "devPluginSetupTime": 1302.7759643333654,
  "devPrepareTime": 359.5500273333164,
  "devColdBootTime": 3901.3091206667013,
  "devHotBootTime": 2913.4296356666987,
  "buildPluginSetupTime": 1332.9847670000356,
  "buildPrepareTime": 358.18316666665487,
  "buildColdBootTime": 15902.981387999995,
  "minifiedBundleSize": {
    "total": 170175,
    "files": {
      "/html/main/index.html": 2317,
      "/static/css/main.css": 2636,
      "/static/js/324.js": 146365,
      "/static/js/main.js": 17547,
      "/static/js/runtime-main.js": 1310
    }
  },
  "gzippedBundleSize": {
    "total": 55013,
    "files": {
      "/html/main/index.html": 1214,
      "/static/css/main.css": 905,
      "/static/js/324.js": 46922,
      "/static/js/main.js": 5247,
      "/static/js/runtime-main.js": 725
    }
  },
  "buildHotBootTime": 1155.4208713333355
}
