{
  "devPluginSetupTime": 292.21056633333984,
  "devPrepareTime": 450.9614960000229,
  "devColdBootTime": 4754.513185000047,
  "devHotBootTime": 3771.4320343333143,
  "buildPluginSetupTime": 284.6008373333607,
  "buildPrepareTime": 712.6289326666156,
  "buildColdBootTime": 18511.178899666684,
  "minifiedBundleSize": {
    "total": 166076,
    "files": {
      "/html/main/index.html": 2301,
      "/static/css/main.css": 2636,
      "/static/js/906.js": 144816,
      "/static/js/main.js": 15029,
      "/static/js/runtime-main.js": 1294
    }
  },
  "gzippedBundleSize": {
    "total": 54198,
    "files": {
      "/html/main/index.html": 1213,
      "/static/css/main.css": 905,
      "/static/js/906.js": 46641,
      "/static/js/main.js": 4713,
      "/static/js/runtime-main.js": 726
    }
  },
  "buildHotBootTime": 2086.656263000021,
  "yarnColdInstallTime": 126542.52602800005,
  "yarnHotInstallTime": 1810.9964350000955,
  "yarnDependenciesCount": 1320,
  "yarnInstallSize": 197610249
}
