{
  "devPluginSetupTime": 920.3169520000616,
  "devPrepareTime": 311.2712666668619,
  "devColdBootTime": 8014.6375633335365,
  "devHotBootTime": 7666.53621266627,
  "buildPluginSetupTime": 935.4693196664253,
  "buildPrepareTime": 309.1292560001214,
  "buildColdBootTime": 30398.309452999692,
  "minifiedBundleSize": {
    "total": 1229038,
    "files": {
      "js": 726597,
      "/html/main/index.html": 2669,
      "/static/css/main.css": 2636,
      "/static/js/332.js": 454009,
      "/static/js/main.js": 41465,
      "/static/js/runtime-main.js": 1662
    }
  },
  "gzippedBundleSize": {
    "total": 321963,
    "files": {
      "js": 171794,
      "/html/main/index.html": 1349,
      "/static/css/main.css": 905,
      "/static/js/332.js": 138756,
      "/static/js/main.js": 8295,
      "/static/js/runtime-main.js": 864
    }
  },
  "buildHotBootTime": 28643.371136333484
}
