{
  "devPluginSetupTime": 1081.8360526667286,
  "devPrepareTime": 346.83669300020364,
  "devColdBootTime": 6431.9721196667915,
  "devHotBootTime": 6024.44492599989,
  "buildPluginSetupTime": 1063.061657333281,
  "buildPrepareTime": 333.3148983332018,
  "buildColdBootTime": 16840.4496916666,
  "minifiedBundleSize": {
    "total": 423426,
    "files": {
      "/html/main/index.html": 2663,
      "/static/css/main.css": 2636,
      "/static/js/306.js": 385045,
      "/static/js/main.js": 31426,
      "/static/js/runtime-main.js": 1656
    }
  },
  "gzippedBundleSize": {
    "total": 129784,
    "files": {
      "/html/main/index.html": 1344,
      "/static/css/main.css": 905,
      "/static/js/306.js": 120284,
      "/static/js/main.js": 6395,
      "/static/js/runtime-main.js": 856
    }
  },
  "buildHotBootTime": 17633.725464000057
}
