{
  "devPluginSetupTime": 332.58919033334433,
  "devPrepareTime": 420.91462900000624,
  "devColdBootTime": 6639.5532690000255,
  "devHotBootTime": 4186.807120333348,
  "buildPluginSetupTime": 336.2818223332676,
  "buildPrepareTime": 418.78146399996086,
  "buildColdBootTime": 41880.46711866666,
  "minifiedBundleSize": {
    "total": 803405,
    "files": {
      "js": 399566,
      "/html/main/index.html": 3904,
      "/static/css/main.css": 2636,
      "/static/js/869.js": 371899,
      "/static/js/main.js": 23760,
      "/static/js/runtime-main.js": 1640
    }
  },
  "gzippedBundleSize": {
    "total": 244893,
    "files": {
      "js": 115771,
      "/html/main/index.html": 1852,
      "/static/css/main.css": 905,
      "/static/js/869.js": 117609,
      "/static/js/main.js": 7893,
      "/static/js/runtime-main.js": 863
    }
  },
  "buildHotBootTime": 10729.116917333411,
  "yarnColdInstallTime": 106087.50934400014,
  "yarnHotInstallTime": 1763.789684999967,
  "yarnDependenciesCount": 1341,
  "yarnInstallSize": 208298764
}
