{
  "devPluginSetupTime": 488.908596666685,
  "devPrepareTime": 349.66837100001675,
  "devColdBootTime": 7340.104440333322,
  "devHotBootTime": 4754.7482920001885,
  "buildPluginSetupTime": 502.6986126668441,
  "buildPrepareTime": 349.54396599996835,
  "buildColdBootTime": 23526.451463666745,
  "minifiedBundleSize": {
    "total": 394720,
    "files": {
      "js": 530,
      "/html/main/index.html": 2641,
      "/static/css/main.css": 2636,
      "/static/js/910.js": 365877,
      "/static/js/main.js": 21402,
      "/static/js/runtime-main.js": 1634
    }
  },
  "gzippedBundleSize": {
    "total": 126132,
    "files": {
      "js": 246,
      "/html/main/index.html": 1343,
      "/static/css/main.css": 905,
      "/static/js/910.js": 115585,
      "/static/js/main.js": 7197,
      "/static/js/runtime-main.js": 856
    }
  },
  "buildHotBootTime": 10589.510825000238,
  "yarnColdInstallTime": 119577.29367699986,
  "yarnHotInstallTime": 1533.9196540000848,
  "yarnDependenciesCount": 1400,
  "yarnInstallSize": 223052336
}
