{
  "devPluginSetupTime": 325.02878466663725,
  "devPrepareTime": 454.2777836666598,
  "devColdBootTime": 14019.709171333312,
  "devHotBootTime": 4755.608647666639,
  "buildPluginSetupTime": 334.9052226666827,
  "buildPrepareTime": 471.26898000001285,
  "buildColdBootTime": 32714.775683666656,
  "minifiedBundleSize": {
    "total": 401640,
    "files": {
      "/html/main/index.html": 2643,
      "/static/css/main.css": 9994,
      "/static/js/581.js": 365935,
      "/static/js/main.js": 21432,
      "/static/js/runtime-main.js": 1636
    }
  },
  "gzippedBundleSize": {
    "total": 127491,
    "files": {
      "/html/main/index.html": 1341,
      "/static/css/main.css": 2482,
      "/static/js/581.js": 115601,
      "/static/js/main.js": 7213,
      "/static/js/runtime-main.js": 854
    }
  },
  "buildHotBootTime": 10058.261888666622,
  "yarnColdInstallTime": 111693.33854299993,
  "yarnHotInstallTime": 1486.2291620001197,
  "yarnDependenciesCount": 1659,
  "yarnInstallSize": 243549767
}
