{
  "devPluginSetupTime": 300.42549266670056,
  "devPrepareTime": 425.1568383333506,
  "devColdBootTime": 7002.172687333349,
  "devHotBootTime": 4182.054773333366,
  "buildPluginSetupTime": 331.14607099998585,
  "buildPrepareTime": 434.6145800000134,
  "buildColdBootTime": 25094.014356333337,
  "minifiedBundleSize": {
    "total": 394190,
    "files": {
      "/html/main/index.html": 2641,
      "/static/css/main.css": 2636,
      "/static/js/910.js": 365877,
      "/static/js/main.js": 21402,
      "/static/js/runtime-main.js": 1634
    }
  },
  "gzippedBundleSize": {
    "total": 125874,
    "files": {
      "/html/main/index.html": 1340,
      "/static/css/main.css": 905,
      "/static/js/910.js": 115583,
      "/static/js/main.js": 7192,
      "/static/js/runtime-main.js": 854
    }
  },
  "buildHotBootTime": 9131.697696333324,
  "yarnColdInstallTime": 65982.45495299995,
  "yarnHotInstallTime": 1081.598289999878,
  "yarnDependenciesCount": 1319,
  "yarnInstallSize": 207382164
}
