{
  "devPluginSetupTime": 711.364352666637,
  "devPrepareTime": 652.4065696666754,
  "devColdBootTime": 10227.45277366665,
  "devHotBootTime": 6282.567680666689,
  "buildPluginSetupTime": 532.2078480000297,
  "buildPrepareTime": 407.0105306666422,
  "buildColdBootTime": 32146.11103266664,
  "minifiedBundleSize": {
    "total": 394752,
    "files": {
      "js": 530,
      "/html/main/index.html": 2649,
      "/static/css/main.css": 2636,
      "/static/js/910.js": 365885,
      "/static/js/main.js": 21410,
      "/static/js/runtime-main.js": 1642
    }
  },
  "gzippedBundleSize": {
    "total": 126145,
    "files": {
      "js": 246,
      "/html/main/index.html": 1346,
      "/static/css/main.css": 905,
      "/static/js/910.js": 115589,
      "/static/js/main.js": 7200,
      "/static/js/runtime-main.js": 859
    }
  },
  "buildHotBootTime": 13057.135591999977,
  "yarnColdInstallTime": 67619.1542789999,
  "yarnHotInstallTime": 1437.3670240000356,
  "yarnDependenciesCount": 1374,
  "yarnInstallSize": 216234809
}
