{
  "devPluginSetupTime": 295.96419033334433,
  "devPrepareTime": 470.17771066663164,
  "devColdBootTime": 7240.348733000031,
  "devHotBootTime": 4273.86787799998,
  "buildPluginSetupTime": 331.43042833330884,
  "buildPrepareTime": 432.77549033328734,
  "buildColdBootTime": 24231.02053566669,
  "minifiedBundleSize": {
    "total": 394190,
    "files": {
      "/html/main/index.html": 2641,
      "/static/css/main.css": 2636,
      "/static/js/910.js": 365877,
      "/static/js/main.js": 21402,
      "/static/js/runtime-main.js": 1634
    }
  },
  "gzippedBundleSize": {
    "total": 125874,
    "files": {
      "/html/main/index.html": 1340,
      "/static/css/main.css": 905,
      "/static/js/910.js": 115583,
      "/static/js/main.js": 7192,
      "/static/js/runtime-main.js": 854
    }
  },
  "buildHotBootTime": 8728.12418933337,
  "yarnColdInstallTime": 90401.61542599997,
  "yarnHotInstallTime": 998.0837590000592,
  "yarnDependenciesCount": 1319,
  "yarnInstallSize": 207382172
}
