{
  "devPluginSetupTime": 300.7402979999703,
  "devPrepareTime": 426.52515766664874,
  "devColdBootTime": 6926.039068000003,
  "devHotBootTime": 3957.878671999982,
  "buildPluginSetupTime": 290.61650666656595,
  "buildPrepareTime": 427.0993430000187,
  "buildColdBootTime": 23193.346746999927,
  "minifiedBundleSize": {
    "total": 394190,
    "files": {
      "/html/main/index.html": 2641,
      "/static/css/main.css": 2636,
      "/static/js/910.js": 365877,
      "/static/js/main.js": 21402,
      "/static/js/runtime-main.js": 1634
    }
  },
  "gzippedBundleSize": {
    "total": 125874,
    "files": {
      "/html/main/index.html": 1340,
      "/static/css/main.css": 905,
      "/static/js/910.js": 115583,
      "/static/js/main.js": 7192,
      "/static/js/runtime-main.js": 854
    }
  },
  "buildHotBootTime": 8562.141137333432,
  "yarnColdInstallTime": 83172.99294799985,
  "yarnHotInstallTime": 1172.17435700004,
  "yarnDependenciesCount": 1318,
  "yarnInstallSize": 207383555
}
