{
  "devPluginSetupTime": 329.7857426666499,
  "devPrepareTime": 430.28593433330144,
  "devColdBootTime": 6708.897482666653,
  "devHotBootTime": 4064.6248533333805,
  "buildPluginSetupTime": 322.7548516666672,
  "buildPrepareTime": 410.7386749999908,
  "buildColdBootTime": 37771.05401566671,
  "minifiedBundleSize": {
    "total": 803405,
    "files": {
      "js": 399566,
      "/html/main/index.html": 3904,
      "/static/css/main.css": 2636,
      "/static/js/869.js": 371899,
      "/static/js/main.js": 23760,
      "/static/js/runtime-main.js": 1640
    }
  },
  "gzippedBundleSize": {
    "total": 244893,
    "files": {
      "js": 115771,
      "/html/main/index.html": 1852,
      "/static/css/main.css": 905,
      "/static/js/869.js": 117609,
      "/static/js/main.js": 7893,
      "/static/js/runtime-main.js": 863
    }
  },
  "buildHotBootTime": 9555.872500000056,
  "yarnColdInstallTime": 108794.92625999986,
  "yarnHotInstallTime": 1894.357677999884,
  "yarnDependenciesCount": 1342,
  "yarnInstallSize": 208296922
}
