{
  "devPluginSetupTime": 256.7312276667605,
  "devPrepareTime": 385.9736429999272,
  "devColdBootTime": 5886.956765333812,
  "devHotBootTime": 3613.0194363333285,
  "buildPluginSetupTime": 257.41053999991465,
  "buildPrepareTime": 383.21134933363646,
  "buildColdBootTime": 20513.812467666652,
  "minifiedBundleSize": {
    "total": 394190,
    "files": {
      "/html/main/index.html": 2641,
      "/static/css/main.css": 2636,
      "/static/js/910.js": 365877,
      "/static/js/main.js": 21402,
      "/static/js/runtime-main.js": 1634
    }
  },
  "gzippedBundleSize": {
    "total": 125874,
    "files": {
      "/html/main/index.html": 1340,
      "/static/css/main.css": 905,
      "/static/js/910.js": 115583,
      "/static/js/main.js": 7192,
      "/static/js/runtime-main.js": 854
    }
  },
  "buildHotBootTime": 7779.701802666609,
  "yarnColdInstallTime": 73334.41175100021,
  "yarnHotInstallTime": 1901.1155759999529,
  "yarnDependenciesCount": 1319,
  "yarnInstallSize": 207382172
}
