{
  "devPluginSetupTime": 500.0324186666403,
  "devPrepareTime": 349.3541066666755,
  "devColdBootTime": 7366.667107333352,
  "devHotBootTime": 4866.377669000028,
  "buildPluginSetupTime": 536.9209473333322,
  "buildPrepareTime": 342.53129933335975,
  "buildColdBootTime": 25682.26693,
  "minifiedBundleSize": {
    "total": 394720,
    "files": {
      "js": 530,
      "/html/main/index.html": 2641,
      "/static/css/main.css": 2636,
      "/static/js/910.js": 365877,
      "/static/js/main.js": 21402,
      "/static/js/runtime-main.js": 1634
    }
  },
  "gzippedBundleSize": {
    "total": 126132,
    "files": {
      "js": 246,
      "/html/main/index.html": 1343,
      "/static/css/main.css": 905,
      "/static/js/910.js": 115585,
      "/static/js/main.js": 7197,
      "/static/js/runtime-main.js": 856
    }
  },
  "buildHotBootTime": 11120.297912333355,
  "yarnColdInstallTime": 62939.800644999836,
  "yarnHotInstallTime": 1550.3640010000672,
  "yarnDependenciesCount": 1401,
  "yarnInstallSize": 223050953
}
