{
  "devPluginSetupTime": 271.02790100011043,
  "devPrepareTime": 404.33220633344416,
  "devColdBootTime": 3914.1180763333105,
  "devHotBootTime": 2924.369824333427,
  "buildPluginSetupTime": 279.0123413332428,
  "buildPrepareTime": 409.50585299994174,
  "buildColdBootTime": 13211.414207999982,
  "minifiedBundleSize": {
    "total": 166076,
    "files": {
      "/html/main/index.html": 2301,
      "/static/css/main.css": 2636,
      "/static/js/906.js": 144816,
      "/static/js/main.js": 15029,
      "/static/js/runtime-main.js": 1294
    }
  },
  "gzippedBundleSize": {
    "total": 54198,
    "files": {
      "/html/main/index.html": 1213,
      "/static/css/main.css": 905,
      "/static/js/906.js": 46641,
      "/static/js/main.js": 4713,
      "/static/js/runtime-main.js": 726
    }
  },
  "buildHotBootTime": 1156.8617683333189,
  "yarnColdInstallTime": 110234.25130600017,
  "yarnHotInstallTime": 2151.9972040001303,
  "yarnDependenciesCount": 1314,
  "yarnInstallSize": 198603862
}
