{
  "devPluginSetupTime": 315.9989053333411,
  "devPrepareTime": 431.489886999984,
  "devColdBootTime": 13462.380790333342,
  "devHotBootTime": 4422.505492000026,
  "buildPluginSetupTime": 311.31815933335264,
  "buildPrepareTime": 428.3605576666693,
  "buildColdBootTime": 31147.59644266668,
  "minifiedBundleSize": {
    "total": 401640,
    "files": {
      "/html/main/index.html": 2643,
      "/static/css/main.css": 9994,
      "/static/js/581.js": 365935,
      "/static/js/main.js": 21432,
      "/static/js/runtime-main.js": 1636
    }
  },
  "gzippedBundleSize": {
    "total": 127491,
    "files": {
      "/html/main/index.html": 1341,
      "/static/css/main.css": 2482,
      "/static/js/581.js": 115601,
      "/static/js/main.js": 7213,
      "/static/js/runtime-main.js": 854
    }
  },
  "buildHotBootTime": 9235.356638333373,
  "yarnColdInstallTime": 93950.94209700008,
  "yarnHotInstallTime": 1742.4933690000325,
  "yarnDependenciesCount": 1658,
  "yarnInstallSize": 243551150
}
