{
  "devPluginSetupTime": 313.9848653333417,
  "devPrepareTime": 1581.3150676666992,
  "devColdBootTime": 20214.01964366665,
  "devHotBootTime": 3499.465043666656,
  "buildPluginSetupTime": 294.10367799996556,
  "buildPrepareTime": 466.5446523333667,
  "buildColdBootTime": 15547.874039666689,
  "minifiedBundleSize": {
    "total": 166076,
    "files": {
      "/html/main/index.html": 2301,
      "/static/css/main.css": 2636,
      "/static/js/906.js": 144816,
      "/static/js/main.js": 15029,
      "/static/js/runtime-main.js": 1294
    }
  },
  "gzippedBundleSize": {
    "total": 54198,
    "files": {
      "/html/main/index.html": 1213,
      "/static/css/main.css": 905,
      "/static/js/906.js": 46641,
      "/static/js/main.js": 4713,
      "/static/js/runtime-main.js": 726
    }
  },
  "buildHotBootTime": 1310.1534876666653,
  "yarnColdInstallTime": 73642.30313899997,
  "yarnHotInstallTime": 1657.7007450000383,
  "yarnDependenciesCount": 1315,
  "yarnInstallSize": 198602020
}
