{
  "devPluginSetupTime": 290.8957243335123,
  "devPrepareTime": 434.9354466665536,
  "devColdBootTime": 8509.514239666518,
  "devHotBootTime": 4929.576458666629,
  "buildPluginSetupTime": 279.1650199998791,
  "buildPrepareTime": 403.5626023334141,
  "buildColdBootTime": 36769.792098999955,
  "minifiedBundleSize": {
    "total": 802148,
    "files": {
      "js": 399566,
      "/html/main/index.html": 2647,
      "/static/css/main.css": 2636,
      "/static/js/869.js": 371899,
      "/static/js/main.js": 23760,
      "/static/js/runtime-main.js": 1640
    }
  },
  "gzippedBundleSize": {
    "total": 244393,
    "files": {
      "js": 115771,
      "/html/main/index.html": 1352,
      "/static/css/main.css": 905,
      "/static/js/869.js": 117609,
      "/static/js/main.js": 7893,
      "/static/js/runtime-main.js": 863
    }
  },
  "buildHotBootTime": 9215.384455000205,
  "yarnColdInstallTime": 114369.51563100005,
  "yarnHotInstallTime": 1625.9610619996674,
  "yarnDependenciesCount": 1319,
  "yarnInstallSize": 207382172
}
