{
  "devPluginSetupTime": 302.40662266663276,
  "devPrepareTime": 401.79268533340655,
  "devColdBootTime": 6137.0710456667775,
  "devHotBootTime": 3745.2789623332988,
  "buildPluginSetupTime": 300.98422166658565,
  "buildPrepareTime": 396.9727436667308,
  "buildColdBootTime": 35913.26173800005,
  "minifiedBundleSize": {
    "total": 803405,
    "files": {
      "js": 399566,
      "/html/main/index.html": 3904,
      "/static/css/main.css": 2636,
      "/static/js/869.js": 371899,
      "/static/js/main.js": 23760,
      "/static/js/runtime-main.js": 1640
    }
  },
  "gzippedBundleSize": {
    "total": 244893,
    "files": {
      "js": 115771,
      "/html/main/index.html": 1852,
      "/static/css/main.css": 905,
      "/static/js/869.js": 117609,
      "/static/js/main.js": 7893,
      "/static/js/runtime-main.js": 863
    }
  },
  "buildHotBootTime": 9185.676046666611,
  "yarnColdInstallTime": 89655.79755999986,
  "yarnHotInstallTime": 1241.0059239999391,
  "yarnDependenciesCount": 1342,
  "yarnInstallSize": 208297381
}
