{
  "devPluginSetupTime": 291.8384569999762,
  "devPrepareTime": 413.98323099990375,
  "devColdBootTime": 8429.17824800002,
  "devHotBootTime": 4938.005149666686,
  "buildPluginSetupTime": 300.3205593333114,
  "buildPrepareTime": 415.27051366663846,
  "buildColdBootTime": 39264.92366233344,
  "minifiedBundleSize": {
    "total": 802148,
    "files": {
      "js": 399566,
      "/html/main/index.html": 2647,
      "/static/css/main.css": 2636,
      "/static/js/869.js": 371899,
      "/static/js/main.js": 23760,
      "/static/js/runtime-main.js": 1640
    }
  },
  "gzippedBundleSize": {
    "total": 244393,
    "files": {
      "js": 115771,
      "/html/main/index.html": 1352,
      "/static/css/main.css": 905,
      "/static/js/869.js": 117609,
      "/static/js/main.js": 7893,
      "/static/js/runtime-main.js": 863
    }
  },
  "buildHotBootTime": 9575.083008000007,
  "yarnColdInstallTime": 117097.35464500007,
  "yarnHotInstallTime": 1192.8069160000887,
  "yarnDependenciesCount": 1319,
  "yarnInstallSize": 207382172
}
