{
  "devPluginSetupTime": 301.607162333404,
  "devPrepareTime": 433.184656666747,
  "devColdBootTime": 4066.713992000092,
  "devHotBootTime": 3020.981634000161,
  "buildPluginSetupTime": 278.637199333248,
  "buildPrepareTime": 401.92413400004926,
  "buildColdBootTime": 13461.82624299995,
  "minifiedBundleSize": {
    "total": 166076,
    "files": {
      "/html/main/index.html": 2301,
      "/static/css/main.css": 2636,
      "/static/js/906.js": 144816,
      "/static/js/main.js": 15029,
      "/static/js/runtime-main.js": 1294
    }
  },
  "gzippedBundleSize": {
    "total": 54198,
    "files": {
      "/html/main/index.html": 1213,
      "/static/css/main.css": 905,
      "/static/js/906.js": 46641,
      "/static/js/main.js": 4713,
      "/static/js/runtime-main.js": 726
    }
  },
  "buildHotBootTime": 1206.9275026669104,
  "yarnColdInstallTime": 111860.86963399965,
  "yarnHotInstallTime": 1560.4501680000685,
  "yarnDependenciesCount": 1315,
  "yarnInstallSize": 198602479
}
