{
  "devPluginSetupTime": 546.4264126666045,
  "devPrepareTime": 783.5359540000014,
  "devColdBootTime": 8182.799056333315,
  "devHotBootTime": 5386.613630333352,
  "buildPluginSetupTime": 523.8594803333204,
  "buildPrepareTime": 364.9338793333154,
  "buildColdBootTime": 31602.85066200001,
  "minifiedBundleSize": {
    "total": 394752,
    "files": {
      "js": 530,
      "/html/main/index.html": 2649,
      "/static/css/main.css": 2636,
      "/static/js/910.js": 365885,
      "/static/js/main.js": 21410,
      "/static/js/runtime-main.js": 1642
    }
  },
  "gzippedBundleSize": {
    "total": 126145,
    "files": {
      "js": 246,
      "/html/main/index.html": 1346,
      "/static/css/main.css": 905,
      "/static/js/910.js": 115589,
      "/static/js/main.js": 7200,
      "/static/js/runtime-main.js": 859
    }
  },
  "buildHotBootTime": 13363.002980999998,
  "yarnColdInstallTime": 73592.61384400004,
  "yarnHotInstallTime": 1522.8193160000956,
  "yarnDependenciesCount": 1374,
  "yarnInstallSize": 216235268
}
