{
  "devPluginSetupTime": 301.7220016665912,
  "devPrepareTime": 448.35932500000735,
  "devColdBootTime": 4253.92441933346,
  "devHotBootTime": 3182.2542359999693,
  "buildPluginSetupTime": 281.48533833329566,
  "buildPrepareTime": 417.9466093333128,
  "buildColdBootTime": 13679.100604000036,
  "minifiedBundleSize": {
    "total": 166076,
    "files": {
      "/html/main/index.html": 2301,
      "/static/css/main.css": 2636,
      "/static/js/906.js": 144816,
      "/static/js/main.js": 15029,
      "/static/js/runtime-main.js": 1294
    }
  },
  "gzippedBundleSize": {
    "total": 54198,
    "files": {
      "/html/main/index.html": 1213,
      "/static/css/main.css": 905,
      "/static/js/906.js": 46641,
      "/static/js/main.js": 4713,
      "/static/js/runtime-main.js": 726
    }
  },
  "buildHotBootTime": 1154.6856353334151,
  "yarnColdInstallTime": 67176.85727500007,
  "yarnHotInstallTime": 960.9955080000218,
  "yarnDependenciesCount": 1315,
  "yarnInstallSize": 198602479
}
