{
  "devPluginSetupTime": 542.755263333364,
  "devPrepareTime": 390.2620930000364,
  "devColdBootTime": 8312.024445666777,
  "devHotBootTime": 5225.80207366667,
  "buildPluginSetupTime": 576.619897000026,
  "buildPrepareTime": 370.62099333332543,
  "buildColdBootTime": 28039.19339599996,
  "minifiedBundleSize": {
    "total": 394720,
    "files": {
      "js": 530,
      "/html/main/index.html": 2641,
      "/static/css/main.css": 2636,
      "/static/js/910.js": 365877,
      "/static/js/main.js": 21402,
      "/static/js/runtime-main.js": 1634
    }
  },
  "gzippedBundleSize": {
    "total": 126132,
    "files": {
      "js": 246,
      "/html/main/index.html": 1343,
      "/static/css/main.css": 905,
      "/static/js/910.js": 115585,
      "/static/js/main.js": 7197,
      "/static/js/runtime-main.js": 856
    }
  },
  "buildHotBootTime": 12319.635569333332,
  "yarnColdInstallTime": 108724.64561199979,
  "yarnHotInstallTime": 1223.396288999822,
  "yarnDependenciesCount": 1401,
  "yarnInstallSize": 223050945
}
