{
  "devPluginSetupTime": 334.49436766665895,
  "devPrepareTime": 451.086755000016,
  "devColdBootTime": 14165.675812999989,
  "devHotBootTime": 4702.193881666637,
  "buildPluginSetupTime": 320.6905203332814,
  "buildPrepareTime": 444.1838530000144,
  "buildColdBootTime": 30426.424443666707,
  "minifiedBundleSize": {
    "total": 401640,
    "files": {
      "/html/main/index.html": 2643,
      "/static/css/main.css": 9994,
      "/static/js/581.js": 365935,
      "/static/js/main.js": 21432,
      "/static/js/runtime-main.js": 1636
    }
  },
  "gzippedBundleSize": {
    "total": 127491,
    "files": {
      "/html/main/index.html": 1341,
      "/static/css/main.css": 2482,
      "/static/js/581.js": 115601,
      "/static/js/main.js": 7213,
      "/static/js/runtime-main.js": 854
    }
  },
  "buildHotBootTime": 9057.964384666566,
  "yarnColdInstallTime": 101575.99357899977,
  "yarnHotInstallTime": 2067.5713960002176,
  "yarnDependenciesCount": 1659,
  "yarnInstallSize": 243549308
}
