{
  "devPluginSetupTime": 471.02399099990726,
  "devPrepareTime": 348.8545819997477,
  "devColdBootTime": 7164.843401999989,
  "devHotBootTime": 4592.196264333247,
  "buildPluginSetupTime": 490.3992196667629,
  "buildPrepareTime": 340.74681433321285,
  "buildColdBootTime": 22942.488484333113,
  "minifiedBundleSize": {
    "total": 394752,
    "files": {
      "js": 530,
      "/html/main/index.html": 2649,
      "/static/css/main.css": 2636,
      "/static/js/910.js": 365885,
      "/static/js/main.js": 21410,
      "/static/js/runtime-main.js": 1642
    }
  },
  "gzippedBundleSize": {
    "total": 126145,
    "files": {
      "js": 246,
      "/html/main/index.html": 1346,
      "/static/css/main.css": 905,
      "/static/js/910.js": 115589,
      "/static/js/main.js": 7200,
      "/static/js/runtime-main.js": 859
    }
  },
  "buildHotBootTime": 10216.24872133322,
  "yarnColdInstallTime": 117538.76469699992,
  "yarnHotInstallTime": 2392.9574239999056,
  "yarnDependenciesCount": 1374,
  "yarnInstallSize": 216235260
}
