{
  "devPluginSetupTime": 472.91373866656795,
  "devPrepareTime": 338.47128800000064,
  "devColdBootTime": 7076.9655596667435,
  "devHotBootTime": 4592.660881333363,
  "buildPluginSetupTime": 482.4383196666992,
  "buildPrepareTime": 330.29365300006856,
  "buildColdBootTime": 23317.67958899999,
  "minifiedBundleSize": {
    "total": 394752,
    "files": {
      "js": 530,
      "/html/main/index.html": 2649,
      "/static/css/main.css": 2636,
      "/static/js/910.js": 365885,
      "/static/js/main.js": 21410,
      "/static/js/runtime-main.js": 1642
    }
  },
  "gzippedBundleSize": {
    "total": 126145,
    "files": {
      "js": 246,
      "/html/main/index.html": 1346,
      "/static/css/main.css": 905,
      "/static/js/910.js": 115589,
      "/static/js/main.js": 7200,
      "/static/js/runtime-main.js": 859
    }
  },
  "buildHotBootTime": 10404.34108866658,
  "yarnColdInstallTime": 86883.11416699993,
  "yarnHotInstallTime": 1409.386187999975,
  "yarnDependenciesCount": 1373,
  "yarnInstallSize": 216236651
}
