{
  "devPluginSetupTime": 369.434358000018,
  "devPrepareTime": 453.9602899999979,
  "devColdBootTime": 8163.523196666657,
  "devHotBootTime": 4944.192546333303,
  "buildPluginSetupTime": 358.43547733325977,
  "buildPrepareTime": 440.95902366672334,
  "buildColdBootTime": 47898.29052799995,
  "minifiedBundleSize": {
    "total": 803405,
    "files": {
      "js": 399566,
      "/html/main/index.html": 3904,
      "/static/css/main.css": 2636,
      "/static/js/869.js": 371899,
      "/static/js/main.js": 23760,
      "/static/js/runtime-main.js": 1640
    }
  },
  "gzippedBundleSize": {
    "total": 244893,
    "files": {
      "js": 115771,
      "/html/main/index.html": 1852,
      "/static/css/main.css": 905,
      "/static/js/869.js": 117609,
      "/static/js/main.js": 7893,
      "/static/js/runtime-main.js": 863
    }
  },
  "buildHotBootTime": 12313.484668666692,
  "yarnColdInstallTime": 72657.25090500026,
  "yarnHotInstallTime": 1113.0885350001045,
  "yarnDependenciesCount": 1342,
  "yarnInstallSize": 208297381
}
