{
  "devPluginSetupTime": 493.19163299999974,
  "devPrepareTime": 361.25966333334026,
  "devColdBootTime": 7605.309394666653,
  "devHotBootTime": 4696.440038333298,
  "buildPluginSetupTime": 515.6170143332953,
  "buildPrepareTime": 336.1485293332953,
  "buildColdBootTime": 24468.992163999937,
  "minifiedBundleSize": {
    "total": 394720,
    "files": {
      "js": 530,
      "/html/main/index.html": 2641,
      "/static/css/main.css": 2636,
      "/static/js/910.js": 365877,
      "/static/js/main.js": 21402,
      "/static/js/runtime-main.js": 1634
    }
  },
  "gzippedBundleSize": {
    "total": 126132,
    "files": {
      "js": 246,
      "/html/main/index.html": 1343,
      "/static/css/main.css": 905,
      "/static/js/910.js": 115585,
      "/static/js/main.js": 7197,
      "/static/js/runtime-main.js": 856
    }
  },
  "buildHotBootTime": 10743.670518666739,
  "yarnColdInstallTime": 99322.11890900019,
  "yarnHotInstallTime": 2269.981493000174,
  "yarnDependenciesCount": 1401,
  "yarnInstallSize": 223050953
}
