{
  "devPluginSetupTime": 278.2409610000129,
  "devPrepareTime": 401.8935896666565,
  "devColdBootTime": 12734.287830000045,
  "devHotBootTime": 4183.986819999914,
  "buildPluginSetupTime": 275.7310250001028,
  "buildPrepareTime": 401.01305166670744,
  "buildColdBootTime": 27201.766143999994,
  "minifiedBundleSize": {
    "total": 401640,
    "files": {
      "/html/main/index.html": 2643,
      "/static/css/main.css": 9994,
      "/static/js/581.js": 365935,
      "/static/js/main.js": 21432,
      "/static/js/runtime-main.js": 1636
    }
  },
  "gzippedBundleSize": {
    "total": 127491,
    "files": {
      "/html/main/index.html": 1341,
      "/static/css/main.css": 2482,
      "/static/js/581.js": 115601,
      "/static/js/main.js": 7213,
      "/static/js/runtime-main.js": 854
    }
  },
  "buildHotBootTime": 8245.402842666643,
  "yarnColdInstallTime": 101575.99357899977,
  "yarnHotInstallTime": 2067.5713960002176,
  "yarnDependenciesCount": 1659,
  "yarnInstallSize": 243549308
}
