{
  "devPluginSetupTime": 259.9857273333085,
  "devPrepareTime": 390.5975970000339,
  "devColdBootTime": 5940.611830000144,
  "devHotBootTime": 3687.6768183332556,
  "buildPluginSetupTime": 260.7761383332933,
  "buildPrepareTime": 380.08215966665495,
  "buildColdBootTime": 20507.730463999946,
  "minifiedBundleSize": {
    "total": 394190,
    "files": {
      "/html/main/index.html": 2641,
      "/static/css/main.css": 2636,
      "/static/js/910.js": 365877,
      "/static/js/main.js": 21402,
      "/static/js/runtime-main.js": 1634
    }
  },
  "gzippedBundleSize": {
    "total": 125874,
    "files": {
      "/html/main/index.html": 1340,
      "/static/css/main.css": 905,
      "/static/js/910.js": 115583,
      "/static/js/main.js": 7192,
      "/static/js/runtime-main.js": 854
    }
  },
  "buildHotBootTime": 7857.3373719998635,
  "yarnColdInstallTime": 71972.7780220001,
  "yarnHotInstallTime": 2024.34712999966,
  "yarnDependenciesCount": 1319,
  "yarnInstallSize": 207381713
}
