{
  "devPluginSetupTime": 275.1941593331285,
  "devPrepareTime": 415.01564633334056,
  "devColdBootTime": 8047.95322500014,
  "devHotBootTime": 4737.481904666715,
  "buildPluginSetupTime": 271.6843303333347,
  "buildPrepareTime": 400.8493596666182,
  "buildColdBootTime": 35827.91347266672,
  "minifiedBundleSize": {
    "total": 802148,
    "files": {
      "js": 399566,
      "/html/main/index.html": 2647,
      "/static/css/main.css": 2636,
      "/static/js/869.js": 371899,
      "/static/js/main.js": 23760,
      "/static/js/runtime-main.js": 1640
    }
  },
  "gzippedBundleSize": {
    "total": 244393,
    "files": {
      "js": 115771,
      "/html/main/index.html": 1352,
      "/static/css/main.css": 905,
      "/static/js/869.js": 117609,
      "/static/js/main.js": 7893,
      "/static/js/runtime-main.js": 863
    }
  },
  "buildHotBootTime": 8675.224984333385,
  "yarnColdInstallTime": 65087.651910000015,
  "yarnHotInstallTime": 1550.235262000002,
  "yarnDependenciesCount": 1318,
  "yarnInstallSize": 207383555
}
