{
  "devPluginSetupTime": 2553.9156429999857,
  "devPrepareTime": 350.63595199998235,
  "devColdBootTime": 7569.528162999991,
  "devHotBootTime": 5107.17581700002,
  "buildPluginSetupTime": 518.2361386666695,
  "buildPrepareTime": 474.29301233333535,
  "buildColdBootTime": 30325.756397333385,
  "minifiedBundleSize": {
    "total": 394752,
    "files": {
      "js": 530,
      "/html/main/index.html": 2649,
      "/static/css/main.css": 2636,
      "/static/js/910.js": 365885,
      "/static/js/main.js": 21410,
      "/static/js/runtime-main.js": 1642
    }
  },
  "gzippedBundleSize": {
    "total": 126145,
    "files": {
      "js": 246,
      "/html/main/index.html": 1346,
      "/static/css/main.css": 905,
      "/static/js/910.js": 115589,
      "/static/js/main.js": 7200,
      "/static/js/runtime-main.js": 859
    }
  },
  "buildHotBootTime": 12686.350016333396,
  "yarnColdInstallTime": 70487.75830300013,
  "yarnHotInstallTime": 1018.22002899996,
  "yarnDependenciesCount": 1374,
  "yarnInstallSize": 216235268
}
