{
  "devPluginSetupTime": 287.5585429999046,
  "devPrepareTime": 478.6157926665619,
  "devColdBootTime": 4066.45625600017,
  "devHotBootTime": 2901.8017196667693,
  "buildPluginSetupTime": 301.57642199999344,
  "buildPrepareTime": 441.8674900000915,
  "buildColdBootTime": 16244.28825633321,
  "minifiedBundleSize": {
    "total": 166946,
    "files": {
      "/html/main/index.html": 2317,
      "/static/css/main.css": 2636,
      "/static/js/348.js": 145396,
      "/static/js/main.js": 15287,
      "/static/js/runtime-main.js": 1310
    }
  },
  "gzippedBundleSize": {
    "total": 54239,
    "files": {
      "/html/main/index.html": 1212,
      "/static/css/main.css": 905,
      "/static/js/348.js": 46700,
      "/static/js/main.js": 4697,
      "/static/js/runtime-main.js": 725
    }
  },
  "buildHotBootTime": 1388.269756666695,
  "yarnColdInstallTime": 109840.89752600016,
  "yarnHotInstallTime": 2243.570594999939,
  "yarnDependenciesCount": 1390,
  "yarnInstallSize": 204062617
}
