{
  "devPluginSetupTime": 1187.740802666638,
  "devPrepareTime": 377.52435066659626,
  "devColdBootTime": 7510.555094666546,
  "devHotBootTime": 6668.692407666628,
  "buildPluginSetupTime": 1231.113611666796,
  "buildPrepareTime": 687.1876273332164,
  "buildColdBootTime": 15745.489763333308,
  "minifiedBundleSize": {
    "total": 423432,
    "files": {
      "/html/main/index.html": 2660,
      "/static/css/main.css": 2636,
      "/static/js/670.js": 385045,
      "/static/js/main.js": 31438,
      "/static/js/runtime-main.js": 1653
    }
  },
  "gzippedBundleSize": {
    "total": 129781,
    "files": {
      "/html/main/index.html": 1341,
      "/static/css/main.css": 905,
      "/static/js/670.js": 120278,
      "/static/js/main.js": 6405,
      "/static/js/runtime-main.js": 852
    }
  },
  "buildHotBootTime": 15245.658395333216,
  "yarnColdInstallTime": 102289.81970900018,
  "yarnHotInstallTime": 1959.2389960000291,
  "yarnDependenciesCount": 1685,
  "yarnInstallSize": 219614276
}
