{
  "devPluginSetupTime": 1104.282818666504,
  "devPrepareTime": 306.6638676666965,
  "devColdBootTime": 7460.964057999819,
  "devHotBootTime": 7010.422738666802,
  "buildPluginSetupTime": 1049.0561506667484,
  "buildPrepareTime": 290.9632013336134,
  "buildColdBootTime": 15164.560148000097,
  "minifiedBundleSize": {
    "total": 492296,
    "files": {
      "/html/main/index.html": 2660,
      "/static/css/main.css": 2636,
      "/static/js/148.js": 447653,
      "/static/js/main.js": 37694,
      "/static/js/runtime-main.js": 1653
    }
  },
  "gzippedBundleSize": {
    "total": 147494,
    "files": {
      "/html/main/index.html": 1338,
      "/static/css/main.css": 905,
      "/static/js/148.js": 136673,
      "/static/js/main.js": 7726,
      "/static/js/runtime-main.js": 852
    }
  },
  "buildHotBootTime": 15425.745293666763,
  "yarnColdInstallTime": 82065.367019,
  "yarnHotInstallTime": 1342.027178000193,
  "yarnDependenciesCount": 1694,
  "yarnInstallSize": 233515670
}
