{
  "devPluginSetupTime": 1143.4573536667351,
  "devPrepareTime": 326.62682366681594,
  "devColdBootTime": 7438.9310003335895,
  "devHotBootTime": 7057.668937333238,
  "buildPluginSetupTime": 1106.7201559999958,
  "buildPrepareTime": 305.78152399975806,
  "buildColdBootTime": 16032.841479000324,
  "minifiedBundleSize": {
    "total": 492296,
    "files": {
      "/html/main/index.html": 2660,
      "/static/css/main.css": 2636,
      "/static/js/148.js": 447653,
      "/static/js/main.js": 37694,
      "/static/js/runtime-main.js": 1653
    }
  },
  "gzippedBundleSize": {
    "total": 147494,
    "files": {
      "/html/main/index.html": 1338,
      "/static/css/main.css": 905,
      "/static/js/148.js": 136673,
      "/static/js/main.js": 7726,
      "/static/js/runtime-main.js": 852
    }
  },
  "buildHotBootTime": 15819.709475333802
}
