{
  "devPluginSetupTime": 1595.270597999993,
  "devPrepareTime": 479.09112066666904,
  "devColdBootTime": 12299.34921433342,
  "devHotBootTime": 13191.824716000041,
  "buildPluginSetupTime": 1144.8968393333878,
  "buildPrepareTime": 339.4590146667324,
  "buildColdBootTime": 28110.460703000117,
  "minifiedBundleSize": {
    "total": 11619117,
    "files": {
      "js": 11116626,
      "/html/main/index.html": 2666,
      "/static/css/main.css": 2636,
      "/static/js/772.js": 454009,
      "/static/js/main.js": 41521,
      "/static/js/runtime-main.js": 1659
    }
  },
  "gzippedBundleSize": {
    "total": 2180532,
    "files": {
      "js": 2030346,
      "/html/main/index.html": 1351,
      "/static/css/main.css": 905,
      "/static/js/772.js": 138759,
      "/static/js/main.js": 8310,
      "/static/js/runtime-main.js": 861
    }
  },
  "buildHotBootTime": 28898.8680559999,
  "yarnColdInstallTime": 81003.33833299996,
  "yarnHotInstallTime": 1066.8066300000064,
  "yarnDependenciesCount": 1694,
  "yarnInstallSize": 233515670
}
