{
  "devPluginSetupTime": 375.68356899994734,
  "devPrepareTime": 497.0610270000373,
  "devColdBootTime": 7641.447289333369,
  "devHotBootTime": 4721.203741999964,
  "buildPluginSetupTime": 314.4000609999833,
  "buildPrepareTime": 456.05947733328986,
  "buildColdBootTime": 25102.765473333344,
  "minifiedBundleSize": {
    "total": 395790,
    "files": {
      "/html/main/index.html": 2660,
      "/static/css/main.css": 2636,
      "/static/js/703.js": 366925,
      "/static/js/main.js": 21916,
      "/static/js/runtime-main.js": 1653
    }
  },
  "gzippedBundleSize": {
    "total": 125888,
    "files": {
      "/html/main/index.html": 1339,
      "/static/css/main.css": 905,
      "/static/js/703.js": 115573,
      "/static/js/main.js": 7219,
      "/static/js/runtime-main.js": 852
    }
  },
  "buildHotBootTime": 9145.09452100005,
  "yarnColdInstallTime": 75548.840326,
  "yarnHotInstallTime": 2393.7986240000464,
  "yarnDependenciesCount": 1320,
  "yarnInstallSize": 206385228
}
