{
  "devPluginSetupTime": 414.7648260000472,
  "devPrepareTime": 638.0478746667504,
  "devColdBootTime": 34659.17114566662,
  "devHotBootTime": 8160.684127666599,
  "buildPluginSetupTime": 385.92720933343907,
  "buildPrepareTime": 559.3157483333877,
  "buildColdBootTime": 106234.28042566667,
  "minifiedBundleSize": {
    "total": 6040076,
    "files": {
      "/html/main/index.html": 9647,
      "/static/css/106.css": 1871,
      "/static/css/11.css": 1307,
      "/static/css/1111.css": 371,
      "/static/css/1128.css": 1047,
      "/static/css/1131.css": 1872,
      "/static/css/1340.css": 466,
      "/static/css/1344.css": 371,
      "/static/css/1479.css": 1309,
      "/static/css/1620.css": 466,
      "/static/css/172.css": 1457,
      "/static/css/1815.css": 621,
      "/static/css/1830.css": 2585,
      "/static/css/1905.css": 1334,
      "/static/css/1956.css": 1872,
      "/static/css/1968.css": 169,
      "/static/css/2018.css": 355,
      "/static/css/2120.css": 3202,
      "/static/css/217.css": 461,
      "/static/css/2367.css": 2034,
      "/static/css/2497.css": 366,
      "/static/css/2527.css": 3202,
      "/static/css/2818.css": 546279,
      "/static/css/3215.css": 601,
      "/static/css/3264.css": 449,
      "/static/css/3670.css": 366,
      "/static/css/373.css": 2182,
      "/static/css/3781.css": 621,
      "/static/css/3915.css": 2585,
      "/static/css/4017.css": 1872,
      "/static/css/409.css": 3135,
      "/static/css/4116.css": 1264,
      "/static/css/4211.css": 1412,
      "/static/css/432.css": 365,
      "/static/css/4448.css": 1412,
      "/static/css/4453.css": 539,
      "/static/css/4515.css": 1334,
      "/static/css/4527.css": 601,
      "/static/css/4594.css": 2585,
      "/static/css/4722.css": 3136,
      "/static/css/4775.css": 3303,
      "/static/css/4799.css": 1264,
      "/static/css/5015.css": 462,
      "/static/css/5386.css": 1465,
      "/static/css/5631.css": 4768,
      "/static/css/5655.css": 3202,
      "/static/css/5657.css": 306,
      "/static/css/5666.css": 1264,
      "/static/css/5730.css": 1047,
      "/static/css/6006.css": 553,
      "/static/css/6090.css": 539,
      "/static/css/6096.css": 1458,
      "/static/css/635.css": 2469,
      "/static/css/6394.css": 116,
      "/static/css/6534.css": 306,
      "/static/css/7224.css": 169,
      "/static/css/7258.css": 1660,
      "/static/css/730.css": 354,
      "/static/css/7397.css": 366,
      "/static/css/7485.css": 366,
      "/static/css/7936.css": 1334,
      "/static/css/8081.css": 177,
      "/static/css/8103.css": 1264,
      "/static/css/8178.css": 371,
      "/static/css/8202.css": 1309,
      "/static/css/8264.css": 366,
      "/static/css/9005.css": 3202,
      "/static/css/9074.css": 426,
      "/static/css/9330.css": 553,
      "/static/css/9430.css": 1468,
      "/static/css/950.css": 176,
      "/static/css/9574.css": 1458,
      "/static/css/990.css": 749,
      "/static/css/main.css": 10404,
      "/static/js/106.js": 8010,
      "/static/js/11.js": 4779,
      "/static/js/1111.js": 6600,
      "/static/js/1128.js": 6525,
      "/static/js/1131.js": 2011,
      "/static/js/1309.js": 1880,
      "/static/js/1340.js": 9653,
      "/static/js/1344.js": 368,
      "/static/js/1356.js": 12674,
      "/static/js/1413.js": 4484,
      "/static/js/1479.js": 5104,
      "/static/js/16.js": 466,
      "/static/js/1613.js": 1477,
      "/static/js/1620.js": 264,
      "/static/js/17.js": 1517,
      "/static/js/171.js": 4021,
      "/static/js/172.js": 10437,
      "/static/js/1815.js": 669,
      "/static/js/1830.js": 9014,
      "/static/js/1905.js": 754,
      "/static/js/1923.js": 474,
      "/static/js/1931.js": 645,
      "/static/js/1956.js": 12904,
      "/static/js/1968.js": 22554,
      "/static/js/2018.js": 552,
      "/static/js/2120.js": 8390,
      "/static/js/217.js": 2840,
      "/static/js/2327.js": 16181,
      "/static/js/2367.js": 24026,
      "/static/js/2466.js": 636230,
      "/static/js/2497.js": 1269,
      "/static/js/2522.js": 4552,
      "/static/js/2527.js": 14637,
      "/static/js/2534.js": 3336,
      "/static/js/2588.js": 911,
      "/static/js/2605.js": 31062,
      "/static/js/2650.js": 3072,
      "/static/js/2818.js": 1315938,
      "/static/js/3215.js": 26556,
      "/static/js/3264.js": 363,
      "/static/js/3278.js": 5735,
      "/static/js/3329.js": 8010,
      "/static/js/3349.js": 10189,
      "/static/js/3368.js": 4962,
      "/static/js/3394.js": 4323,
      "/static/js/3527.js": 16599,
      "/static/js/3539.js": 654,
      "/static/js/3619.js": 13362,
      "/static/js/3652.js": 2609,
      "/static/js/3670.js": 1112,
      "/static/js/3713.js": 622,
      "/static/js/3762.js": 8437,
      "/static/js/3781.js": 10430,
      "/static/js/3915.js": 1016,
      "/static/js/4017.js": 11437,
      "/static/js/409.js": 20835,
      "/static/js/4116.js": 791,
      "/static/js/4211.js": 385,
      "/static/js/432.js": 256,
      "/static/js/4448.js": 13272,
      "/static/js/4453.js": 5649,
      "/static/js/4515.js": 7645,
      "/static/js/4527.js": 390,
      "/static/js/4594.js": 9395,
      "/static/js/4712.js": 294,
      "/static/js/4775.js": 18682,
      "/static/js/4799.js": 8238,
      "/static/js/4964.js": 997,
      "/static/js/4985.js": 1632,
      "/static/js/5015.js": 371,
      "/static/js/502.js": 1147,
      "/static/js/5142.js": 9422,
      "/static/js/5207.js": 16839,
      "/static/js/5256.js": 2339,
      "/static/js/5289.js": 17240,
      "/static/js/5386.js": 707,
      "/static/js/5408.js": 50153,
      "/static/js/5631.js": 16390,
      "/static/js/5655.js": 1388,
      "/static/js/5657.js": 248,
      "/static/js/5730.js": 509,
      "/static/js/5738.js": 10914,
      "/static/js/6006.js": 266,
      "/static/js/6090.js": 363,
      "/static/js/6096.js": 24149,
      "/static/js/6222.js": 45314,
      "/static/js/631.js": 4793,
      "/static/js/635.js": 19440,
      "/static/js/6394.js": 221,
      "/static/js/6448.js": 8100,
      "/static/js/6534.js": 7614,
      "/static/js/7037.js": 2227,
      "/static/js/7155.js": 179,
      "/static/js/7224.js": 262,
      "/static/js/7258.js": 16695,
      "/static/js/730.js": 1749,
      "/static/js/7375.js": 11603,
      "/static/js/7386.js": 46675,
      "/static/js/7397.js": 259,
      "/static/js/7424.js": 932,
      "/static/js/7485.js": 260,
      "/static/js/7543.js": 14533,
      "/static/js/775.js": 1689577,
      "/static/js/7891.js": 2077,
      "/static/js/7936.js": 10817,
      "/static/js/8081.js": 232,
      "/static/js/8103.js": 11582,
      "/static/js/8178.js": 2204,
      "/static/js/818.js": 610218,
      "/static/js/8183.js": 16790,
      "/static/js/8202.js": 987,
      "/static/js/8264.js": 1210,
      "/static/js/8347.js": 2844,
      "/static/js/8472.js": 577,
      "/static/js/8526.js": 130,
      "/static/js/8642.js": 16055,
      "/static/js/8656.js": 16222,
      "/static/js/8949.js": 10440,
      "/static/js/8979.js": 15800,
      "/static/js/9005.js": 5470,
      "/static/js/9025.js": 2396,
      "/static/js/9074.js": 10722,
      "/static/js/9146.js": 67787,
      "/static/js/9290.js": 12611,
      "/static/js/9330.js": 14790,
      "/static/js/9430.js": 22862,
      "/static/js/950.js": 8834,
      "/static/js/9574.js": 1205,
      "/static/js/9636.js": 294,
      "/static/js/9681.js": 19567,
      "/static/js/9868.js": 2549,
      "/static/js/990.js": 434,
      "/static/js/main.js": 59939,
      "/static/js/runtime-main.js": 8579
    }
  },
  "gzippedBundleSize": {
    "total": 1574360,
    "files": {
      "/html/main/index.html": 4596,
      "/static/css/106.css": 631,
      "/static/css/11.css": 449,
      "/static/css/1111.css": 199,
      "/static/css/1128.css": 412,
      "/static/css/1131.css": 632,
      "/static/css/1340.css": 297,
      "/static/css/1344.css": 198,
      "/static/css/1479.css": 449,
      "/static/css/1620.css": 297,
      "/static/css/172.css": 552,