{
  "devPluginSetupTime": 456.337476333448,
  "devPrepareTime": 341.82806000020355,
  "devColdBootTime": 7071.8450173333595,
  "devHotBootTime": 4542.771541666705,
  "buildPluginSetupTime": 469.3492710000525,
  "buildPrepareTime": 334.48391099988174,
  "buildColdBootTime": 21924.930077000055,
  "minifiedBundleSize": {
    "total": 396320,
    "files": {
      "js": 530,
      "/html/main/index.html": 2660,
      "/static/css/main.css": 2636,
      "/static/js/703.js": 366925,
      "/static/js/main.js": 21916,
      "/static/js/runtime-main.js": 1653
    }
  },
  "gzippedBundleSize": {
    "total": 126145,
    "files": {
      "js": 246,
      "/html/main/index.html": 1341,
      "/static/css/main.css": 905,
      "/static/js/703.js": 115577,
      "/static/js/main.js": 7223,
      "/static/js/runtime-main.js": 853
    }
  },
  "buildHotBootTime": 10060.426720999958,
  "yarnColdInstallTime": 86519.5225519999,
  "yarnHotInstallTime": 1650.5680800001137,
  "yarnDependenciesCount": 1401,
  "yarnInstallSize": 221829307
}
