{
  "devPluginSetupTime": 1099.1577413332027,
  "devPrepareTime": 348.3946476667188,
  "devColdBootTime": 31291.255947333295,
  "devHotBootTime": 25082.639891333256,
  "buildPluginSetupTime": 1100.6402186667547,
  "buildPrepareTime": 337.80434566658613,
  "buildColdBootTime": 40123.89699200013,
  "minifiedBundleSize": {
    "total": 6366231,
    "files": {
      "/html/main/index.html": 10297,
      "/static/css/1072.css": 1369,
      "/static/css/1101.css": 549,
      "/static/css/1174.css": 3198,
      "/static/css/1204.css": 602,
      "/static/css/136.css": 3887,
      "/static/css/1440.css": 372,
      "/static/css/163.css": 426,
      "/static/css/1779.css": 3198,
      "/static/css/1862.css": 502,
      "/static/css/1931.css": 1039,
      "/static/css/2339.css": 1369,
      "/static/css/26.css": 400,
      "/static/css/2619.css": 2446,
      "/static/css/2643.css": 356,
      "/static/css/2932.css": 3186,
      "/static/css/3111.css": 622,
      "/static/css/3132.css": 1459,
      "/static/css/3155.css": 467,
      "/static/css/3494.css": 402,
      "/static/css/3615.css": 4873,
      "/static/css/3633.css": 3198,
      "/static/css/3684.css": 2035,
      "/static/css/3713.css": 1441,
      "/static/css/3732.css": 1459,
      "/static/css/3771.css": 402,
      "/static/css/3879.css": 1873,
      "/static/css/3921.css": 307,
      "/static/css/3956.css": 1453,
      "/static/css/4148.css": 117,
      "/static/css/4214.css": 483,
      "/static/css/4405.css": 1310,
      "/static/css/4474.css": 1873,
      "/static/css/4700.css": 467,
      "/static/css/492.css": 1440,
      "/static/css/5092.css": 372,
      "/static/css/5178.css": 3186,
      "/static/css/5266.css": 1873,
      "/static/css/5351.css": 3137,
      "/static/css/5451.css": 1369,
      "/static/css/5496.css": 1661,
      "/static/css/5513.css": 402,
      "/static/css/5556.css": 1369,
      "/static/css/5665.css": 178,
      "/static/css/5707.css": 1039,
      "/static/css/5801.css": 1335,
      "/static/css/5972.css": 3186,
      "/static/css/6095.css": 170,
      "/static/css/6423.css": 1310,
      "/static/css/6435.css": 602,
      "/static/css/6666.css": 2227,
      "/static/css/6791.css": 356,
      "/static/css/6932.css": 178,
      "/static/css/7258.css": 1335,
      "/static/css/7277.css": 1310,
      "/static/css/7581.css": 622,
      "/static/css/7799.css": 1459,
      "/static/css/8018.css": 372,
      "/static/css/8217.css": 751,
      "/static/css/8330.css": 1873,
      "/static/css/8354.css": 1335,
      "/static/css/838.css": 169,
      "/static/css/8386.css": 402,
      "/static/css/8578.css": 3198,
      "/static/css/8658.css": 502,
      "/static/css/8667.css": 3137,
      "/static/css/8738.css": 549,
      "/static/css/8750.css": 307,
      "/static/css/9487.css": 402,
      "/static/css/954.css": 1524,
      "/static/css/9566.css": 579,
      "/static/css/9667.css": 579,
      "/static/css/9854.css": 555880,
      "/static/css/main.css": 10557,
      "/static/js/1072.js": 20909,
      "/static/js/1101.js": 15788,
      "/static/js/1174.js": 10827,
      "/static/js/1190.js": 1162,
      "/static/js/1204.js": 407,
      "/static/js/136.js": 28806,
      "/static/js/1440.js": 6660,
      "/static/js/1475.js": 1546,
      "/static/js/1530.js": 670,
      "/static/js/1538.js": 2453,
      "/static/js/1569.js": 9012,
      "/static/js/163.js": 10755,
      "/static/js/1779.js": 5487,
      "/static/js/1862.js": 388,
      "/static/js/1931.js": 526,
      "/static/js/2155.js": 3343,
      "/static/js/2173.js": 3097,
      "/static/js/2179.js": 16591,
      "/static/js/2339.js": 9273,
      "/static/js/2538.js": 3512,
      "/static/js/26.js": 1297,
      "/static/js/2619.js": 26179,
      "/static/js/2643.js": 569,
      "/static/js/2932.js": 9701,
      "/static/js/3004.js": 1439,
      "/static/js/305.js": 2867,
      "/static/js/3066.js": 4315,
      "/static/js/3067.js": 13422,
      "/static/js/3111.js": 11421,
      "/static/js/3132.js": 18406,
      "/static/js/3155.js": 10717,
      "/static/js/3333.js": 3340,
      "/static/js/3361.js": 69981,
      "/static/js/3494.js": 1142,
      "/static/js/3504.js": 1012,
      "/static/js/3565.js": 45985,
      "/static/js/3615.js": 20342,
      "/static/js/3633.js": 1405,
      "/static/js/3684.js": 28564,
      "/static/js/3713.js": 402,
      "/static/js/3732.js": 1222,
      "/static/js/3771.js": 1243,
      "/static/js/3830.js": 2574,
      "/static/js/3874.js": 4387,
      "/static/js/3879.js": 8039,
      "/static/js/3921.js": 8604,
      "/static/js/3956.js": 17137,
      "/static/js/4148.js": 238,
      "/static/js/4213.js": 16782,
      "/static/js/4214.js": 379,
      "/static/js/4229.js": 676987,
      "/static/js/4405.js": 1004,
      "/static/js/4474.js": 11459,
      "/static/js/4590.js": 931,
      "/static/js/4700.js": 281,
      "/static/js/4842.js": 17056,
      "/static/js/4855.js": 2252,
      "/static/js/4890.js": 47671,
      "/static/js/492.js": 13283,
      "/static/js/495.js": 1903,
      "/static/js/5081.js": 2364,
      "/static/js/5092.js": 9570,
      "/static/js/5178.js": 15196,
      "/static/js/5252.js": 3321,
      "/static/js/5266.js": 2028,
      "/static/js/5496.js": 27928,
      "/static/js/5513.js": 277,
      "/static/js/553.js": 673,
      "/static/js/5539.js": 14005,
      "/static/js/5556.js": 808,
      "/static/js/5665.js": 9792,
      "/static/js/5694.js": 16762,
      "/static/js/5707.js": 17463,
      "/static/js/5757.js": 5760,
      "/static/js/5801.js": 771,
      "/static/js/5841.js": 602,
      "/static/js/5877.js": 957,
      "/static/js/5967.js": 501,
      "/static/js/5972.js": 1033,
      "/static/js/5980.js": 313,
      "/static/js/5996.js": 50463,
      "/static/js/6095.js": 24119,
      "/static/js/6118.js": 15413,
      "/static/js/6189.js": 8430,
      "/static/js/6423.js": 5240,
      "/static/js/6435.js": 20815,
      "/static/js/66.js": 24261,
      "/static/js/6725.js": 189,
      "/static/js/6791.js": 1782,
      "/static/js/684.js": 1722993,
      "/static/js/6932.js": 249,
      "/static/js/7069.js": 9444,
      "/static/js/7155.js": 238,
      "/static/js/7258.js": 5028,
      "/static/js/7277.js": 4914,
      "/static/js/7336.js": 4543,
      "/static/js/736.js": 4985,
      "/static/js/7477.js": 1502,
      "/static/js/7573.js": 17232,
      "/static/js/7581.js": 686,
      "/static/js/7586.js": 8125,
      "/static/js/7799.js": 10567,
      "/static/js/8018.js": 386,
      "/static/js/8031.js": 15792,
      "/static/js/818.js": 662034,
      "/static/js/8217.js": 453,
      "/static/js/8264.js": 313,
      "/static/js/8330.js": 12927,
      "/static/js/8354.js": 7703,
      "/static/js/838.js": 277,
      "/static/js/8386.js": 277,
      "/static/js/8440.js": 4509,
      "/static/js/8578.js": 18164,
      "/static/js/8658.js": 2875,
      "/static/js/8667.js": 20890,
      "/static/js/8738.js": 283,
      "/static/js/8750.js": 265,
      "/static/js/8825.js": 646,
      "/static/js/9155.js": 14546,
      "/static/js/9245.js": 19512,
      "/static/js/9422.js": 4149,
      "/static/js/9487.js": 277,
      "/static/js/954.js": 722,
      "/static/js/9566.js": 380,
      "/static/js/9667.js": 5687,
      "/static/js/9849.js": 17167,
      "/static/js/9854.js": 1465368,
      "/static/js/9924.js": 4820,
      "/static/js/main.js": 78419,
      "/static/js/runtime-main.js": 9229
    }
  },
  "gzippedBundleSize": {
    "total": 1743765,
    "files": {
      "/html/main/index.html": 4661,
      "/static/css/1072.css": 453,
      "/static/css/1101.css": 318,
      "/static/css/1174.css": 905,
      "/static/css/1204.css": 315,
      "/static/css/136.css": 961,
      "/static/css/1440.css": 207,
      "/static/css/163.css": 258,
      "/static/css/1779.css": 906,
      "/static/css/1862.css": 282,
      "/static/css/1931.css": 408,
      "/static/css/2339.css": 454,
      "/static/css/26.css": 238,
      "/static/css/2619.css": 766,