{
  "devPluginSetupTime": 1486.4151690002375,
  "devPrepareTime": 347.3990360001723,
  "devColdBootTime": 7882.404143666616,
  "devHotBootTime": 10092.749671333237,
  "buildPluginSetupTime": 1279.337140666321,
  "buildPrepareTime": 559.4175146667598,
  "buildColdBootTime": 21929.705022666603,
  "minifiedBundleSize": {
    "total": 492296,
    "files": {
      "/html/main/index.html": 2660,
      "/static/css/main.css": 2636,
      "/static/js/148.js": 447653,
      "/static/js/main.js": 37694,
      "/static/js/runtime-main.js": 1653
    }
  },
  "gzippedBundleSize": {
    "total": 147494,
    "files": {
      "/html/main/index.html": 1338,
      "/static/css/main.css": 905,
      "/static/js/148.js": 136673,
      "/static/js/main.js": 7726,
      "/static/js/runtime-main.js": 852
    }
  },
  "buildHotBootTime": 19970.21507633322,
  "yarnColdInstallTime": 117969.63653799985,
  "yarnHotInstallTime": 1537.7692479998805,
  "yarnDependenciesCount": 1694,
  "yarnInstallSize": 233515639
}
