{
  "devPluginSetupTime": 1158.2071959997218,
  "devPrepareTime": 351.26379033333313,
  "devColdBootTime": 31717.35106533331,
  "devHotBootTime": 25440.416709000245,
  "buildPluginSetupTime": 1150.4639256667967,
  "buildPrepareTime": 345.6838916670531,
  "buildColdBootTime": 82157.29155200037,
  "minifiedBundleSize": {
    "total": 6154509,
    "files": {
      "/html/main/index.html": 9598,
      "/static/css/1072.css": 1264,
      "/static/css/1101.css": 553,
      "/static/css/1174.css": 3202,
      "/static/css/1204.css": 601,
      "/static/css/136.css": 3800,
      "/static/css/1440.css": 371,
      "/static/css/163.css": 425,
      "/static/css/1779.css": 3202,
      "/static/css/1862.css": 501,
      "/static/css/1931.css": 1047,
      "/static/css/2339.css": 1264,
      "/static/css/26.css": 399,
      "/static/css/2619.css": 2470,
      "/static/css/2643.css": 355,
      "/static/css/2932.css": 3083,
      "/static/css/3111.css": 621,
      "/static/css/3132.css": 1458,
      "/static/css/3155.css": 466,
      "/static/css/3494.css": 401,
      "/static/css/3615.css": 4829,
      "/static/css/3633.css": 3202,
      "/static/css/3684.css": 2034,
      "/static/css/3713.css": 1440,
      "/static/css/3732.css": 1458,
      "/static/css/3771.css": 401,
      "/static/css/3879.css": 1872,
      "/static/css/3921.css": 306,
      "/static/css/3956.css": 1468,
      "/static/css/4148.css": 116,
      "/static/css/4214.css": 482,
      "/static/css/4405.css": 1309,
      "/static/css/4474.css": 1872,
      "/static/css/4700.css": 466,
      "/static/css/492.css": 1439,
      "/static/css/5092.css": 371,
      "/static/css/5178.css": 3083,
      "/static/css/5266.css": 1872,
      "/static/css/5351.css": 3136,
      "/static/css/5451.css": 1264,
      "/static/css/5496.css": 1660,
      "/static/css/5513.css": 401,
      "/static/css/5556.css": 1264,
      "/static/css/5665.css": 177,
      "/static/css/5707.css": 1047,
      "/static/css/5801.css": 1334,
      "/static/css/5972.css": 3083,
      "/static/css/6095.css": 169,
      "/static/css/6423.css": 1309,
      "/static/css/6435.css": 601,
      "/static/css/6666.css": 2183,
      "/static/css/6791.css": 355,
      "/static/css/6932.css": 177,
      "/static/css/7258.css": 1334,
      "/static/css/7277.css": 1309,
      "/static/css/7581.css": 621,
      "/static/css/7799.css": 1458,
      "/static/css/8018.css": 371,
      "/static/css/8217.css": 750,
      "/static/css/8330.css": 1872,
      "/static/css/8354.css": 1334,
      "/static/css/838.css": 168,
      "/static/css/8386.css": 401,
      "/static/css/8578.css": 3202,
      "/static/css/8658.css": 501,
      "/static/css/8667.css": 3136,
      "/static/css/8738.css": 553,
      "/static/css/8750.css": 306,
      "/static/css/9487.css": 401,
      "/static/css/954.css": 1464,
      "/static/css/9566.css": 578,
      "/static/css/9667.css": 578,
      "/static/css/9854.css": 544545,
      "/static/css/main.css": 10442,
      "/static/js/1072.js": 20770,
      "/static/js/1101.js": 15749,
      "/static/js/1174.js": 10658,
      "/static/js/1190.js": 1149,
      "/static/js/1204.js": 390,
      "/static/js/136.js": 28740,
      "/static/js/1440.js": 6608,
      "/static/js/1475.js": 1521,
      "/static/js/1530.js": 645,
      "/static/js/1538.js": 2397,
      "/static/js/1569.js": 8961,
      "/static/js/163.js": 10730,
      "/static/js/1779.js": 5472,
      "/static/js/1862.js": 371,
      "/static/js/1931.js": 509,
      "/static/js/2155.js": 3336,
      "/static/js/2173.js": 3072,
      "/static/js/2179.js": 16574,
      "/static/js/2339.js": 9200,
      "/static/js/2538.js": 3480,
      "/static/js/26.js": 1267,
      "/static/js/2619.js": 25950,
      "/static/js/2643.js": 552,
      "/static/js/2932.js": 9650,
      "/static/js/3004.js": 1417,
      "/static/js/305.js": 2842,
      "/static/js/3066.js": 4298,
      "/static/js/3067.js": 13367,
      "/static/js/3111.js": 11388,
      "/static/js/3132.js": 18284,
      "/static/js/3155.js": 10606,
      "/static/js/3333.js": 3289,
      "/static/js/3361.js": 67780,
      "/static/js/3494.js": 1112,
      "/static/js/3504.js": 997,
      "/static/js/3565.js": 45331,
      "/static/js/3615.js": 20170,
      "/static/js/3633.js": 1388,
      "/static/js/3684.js": 28473,
      "/static/js/3713.js": 385,
      "/static/js/3732.js": 1205,
      "/static/js/3771.js": 1213,
      "/static/js/3830.js": 2549,
      "/static/js/3874.js": 4314,
      "/static/js/3879.js": 8014,
      "/static/js/3921.js": 8580,
      "/static/js/3956.js": 17055,
      "/static/js/4148.js": 221,
      "/static/js/4213.js": 16765,
      "/static/js/4214.js": 362,
      "/static/js/4229.js": 645152,
      "/static/js/4405.js": 987,
      "/static/js/4474.js": 11441,
      "/static/js/4590.js": 911,
      "/static/js/4700.js": 264,
      "/static/js/4842.js": 16670,
      "/static/js/4855.js": 2227,
      "/static/js/4890.js": 47584,
      "/static/js/492.js": 13272,
      "/static/js/495.js": 1878,
      "/static/js/5081.js": 2339,
      "/static/js/5092.js": 9509,
      "/static/js/5178.js": 15158,
      "/static/js/5252.js": 3259,
      "/static/js/5266.js": 2011,
      "/static/js/5496.js": 27829,
      "/static/js/5513.js": 260,
      "/static/js/553.js": 650,
      "/static/js/5539.js": 13912,
      "/static/js/5556.js": 791,
      "/static/js/5665.js": 9756,
      "/static/js/5694.js": 16857,
      "/static/js/5707.js": 17384,
      "/static/js/5757.js": 5735,
      "/static/js/5801.js": 754,
      "/static/js/5841.js": 577,
      "/static/js/5877.js": 932,
      "/static/js/5967.js": 474,
      "/static/js/5972.js": 1016,
      "/static/js/5980.js": 294,
      "/static/js/5996.js": 49730,
      "/static/js/6095.js": 24139,
      "/static/js/6118.js": 15337,
      "/static/js/6189.js": 8413,
      "/static/js/6423.js": 5207,
      "/static/js/6435.js": 20730,
      "/static/js/66.js": 23914,
      "/static/js/6725.js": 130,
      "/static/js/6791.js": 1756,
      "/static/js/684.js": 1689353,
      "/static/js/6932.js": 232,
      "/static/js/7069.js": 9426,
      "/static/js/7155.js": 179,
      "/static/js/7258.js": 4955,
      "/static/js/7277.js": 4884,
      "/static/js/7336.js": 4526,
      "/static/js/736.js": 4960,
      "/static/js/7477.js": 1477,
      "/static/js/7573.js": 17215,
      "/static/js/7581.js": 669,
      "/static/js/7586.js": 8100,
      "/static/js/7799.js": 10531,
      "/static/js/8018.js": 369,
      "/static/js/8031.js": 15775,
      "/static/js/818.js": 626501,
      "/static/js/8217.js": 436,
      "/static/js/8264.js": 294,
      "/static/js/8330.js": 12909,
      "/static/js/8354.js": 7650,
      "/static/js/838.js": 260,
      "/static/js/8386.js": 260,
      "/static/js/8440.js": 4484,
      "/static/js/8578.js": 17843,
      "/static/js/8658.js": 2845,
      "/static/js/8667.js": 20843,
      "/static/js/8738.js": 266,
      "/static/js/8750.js": 248,
      "/static/js/8825.js": 621,
      "/static/js/9155.js": 14536,
      "/static/js/9245.js": 19493,
      "/static/js/9422.js": 4023,
      "/static/js/9487.js": 260,
      "/static/js/954.js": 705,
      "/static/js/9566.js": 363,
      "/static/js/9667.js": 5653,
      "/static/js/9849.js": 17108,
      "/static/js/9854.js": 1381417,
      "/static/js/9924.js": 4795,
      "/static/js/main.js": 74535,
      "/static/js/runtime-main.js": 8530
    }
  },
  "gzippedBundleSize": {
    "total": 1595414,
    "files": {
      "/html/main/index.html": 4560,
      "/static/css/1072.css": 455,
      "/static/css/1101.css": 323,
      "/static/css/1174.css": 909,
      "/static/css/1204.css": 316,
      "/static/css/136.css": 989,
      "/static/css/1440.css": 198,
      "/static/css/163.css": 255,
      "/static/css/1779.css": 910,
      "/static/css/1862.css": 277,
      "/static/css/1931.css": 412,
      "/static/css/2339.css": 455,
      "/static/css/26.css": 237,
      "/static/css/2619.css": 788,