{
  "devPluginSetupTime": 1199.791868333239,
  "devPrepareTime": 336.108046666719,
  "devColdBootTime": 10876.152908666836,
  "devHotBootTime": 10798.85742366671,
  "buildPluginSetupTime": 1076.920721666577,
  "buildPrepareTime": 301.56954400008544,
  "buildColdBootTime": 28837.211582999833,
  "minifiedBundleSize": {
    "total": 11619117,
    "files": {
      "js": 11116626,
      "/html/main/index.html": 2666,
      "/static/css/main.css": 2636,
      "/static/js/772.js": 454009,
      "/static/js/main.js": 41521,
      "/static/js/runtime-main.js": 1659
    }
  },
  "gzippedBundleSize": {
    "total": 2180532,
    "files": {
      "js": 2030346,
      "/html/main/index.html": 1351,
      "/static/css/main.css": 905,
      "/static/js/772.js": 138759,
      "/static/js/main.js": 8310,
      "/static/js/runtime-main.js": 861
    }
  },
  "buildHotBootTime": 27040.3471789998,
  "yarnColdInstallTime": 97453.75943399966,
  "yarnHotInstallTime": 1334.1541619999334,
  "yarnDependenciesCount": 1694,
  "yarnInstallSize": 233515639
}
