{
  "devPluginSetupTime": 948.4695953334061,
  "devPrepareTime": 315.5425496666382,
  "devColdBootTime": 6234.426260666612,
  "devHotBootTime": 5811.94756066675,
  "buildPluginSetupTime": 932.6339089997733,
  "buildPrepareTime": 308.7280840001379,
  "buildColdBootTime": 12193.523111999966,
  "minifiedBundleSize": {
    "total": 423432,
    "files": {
      "/html/main/index.html": 2660,
      "/static/css/main.css": 2636,
      "/static/js/670.js": 385045,
      "/static/js/main.js": 31438,
      "/static/js/runtime-main.js": 1653
    }
  },
  "gzippedBundleSize": {
    "total": 129781,
    "files": {
      "/html/main/index.html": 1341,
      "/static/css/main.css": 905,
      "/static/js/670.js": 120278,
      "/static/js/main.js": 6405,
      "/static/js/runtime-main.js": 852
    }
  },
  "buildHotBootTime": 11734.252330333306,
  "yarnColdInstallTime": 82946.23531100014,
  "yarnHotInstallTime": 1234.988154000137,
  "yarnDependenciesCount": 1685,
  "yarnInstallSize": 219614245
}
