{
  "devPluginSetupTime": 291.7976749999992,
  "devPrepareTime": 450.1838996666872,
  "devColdBootTime": 13891.258262333306,
  "devHotBootTime": 4453.32110000002,
  "buildPluginSetupTime": 299.75329400005285,
  "buildPrepareTime": 425.76785100006964,
  "buildColdBootTime": 30612.278831666685,
  "minifiedBundleSize": {
    "total": 401640,
    "files": {
      "/html/main/index.html": 2643,
      "/static/css/main.css": 9994,
      "/static/js/581.js": 365935,
      "/static/js/main.js": 21432,
      "/static/js/runtime-main.js": 1636
    }
  },
  "gzippedBundleSize": {
    "total": 127491,
    "files": {
      "/html/main/index.html": 1341,
      "/static/css/main.css": 2482,
      "/static/js/581.js": 115601,
      "/static/js/main.js": 7213,
      "/static/js/runtime-main.js": 854
    }
  },
  "buildHotBootTime": 9016.77034466671,
  "yarnColdInstallTime": 108462.262109,
  "yarnHotInstallTime": 2651.784342000028,
  "yarnDependenciesCount": 1658,
  "yarnInstallSize": 243582135
}
