{
  "devPluginSetupTime": 1611.4281493333401,
  "devPrepareTime": 319.0602953333485,
  "devColdBootTime": 7935.1398220000165,
  "devHotBootTime": 4420.7742700000135,
  "buildPluginSetupTime": 1404.8031786667027,
  "buildPrepareTime": 534.301635999931,
  "buildColdBootTime": 30204.406157333287,
  "minifiedBundleSize": {
    "total": 399445,
    "files": {
      "/html/main/index.html": 2658,
      "/static/css/main.css": 2636,
      "/static/js/4.js": 368732,
      "/static/js/main.js": 23766,
      "/static/js/runtime-main.js": 1653
    }
  },
  "gzippedBundleSize": {
    "total": 125208,
    "files": {
      "/html/main/index.html": 1337,
      "/static/css/main.css": 905,
      "/static/js/4.js": 114399,
      "/static/js/main.js": 7715,
      "/static/js/runtime-main.js": 852
    }
  },
  "buildHotBootTime": 10930.126245666645,
  "yarnColdInstallTime": 105793.24151199998,
  "yarnHotInstallTime": 1752.3860700000077,
  "yarnDependenciesCount": 1491,
  "yarnInstallSize": 225600225
}
