{
  "devPluginSetupTime": 1412.1226153333362,
  "devPrepareTime": 317.04697733331705,
  "devColdBootTime": 7056.494824666665,
  "devHotBootTime": 4132.559043333303,
  "buildPluginSetupTime": 1522.2496613333158,
  "buildPrepareTime": 484.7249506666558,
  "buildColdBootTime": 29169.391221999966,
  "minifiedBundleSize": {
    "total": 399483,
    "files": {
      "/html/main/index.html": 2658,
      "/static/css/main.css": 2636,
      "/static/js/4.js": 368732,
      "/static/js/main.js": 23804,
      "/static/js/runtime-main.js": 1653
    }
  },
  "gzippedBundleSize": {
    "total": 125276,
    "files": {
      "/html/main/index.html": 1336,
      "/static/css/main.css": 905,
      "/static/js/4.js": 114399,
      "/static/js/main.js": 7784,
      "/static/js/runtime-main.js": 852
    }
  },
  "buildHotBootTime": 9636.503116999986,
  "yarnColdInstallTime": 97313.06290799996,
  "yarnHotInstallTime": 2050.0106120000128,
  "yarnDependenciesCount": 1421,
  "yarnInstallSize": 218341110
}
