{
  "devPluginSetupTime": 1407.9870606663947,
  "devPrepareTime": 344.9085096665658,
  "devColdBootTime": 29072.912051666684,
  "devHotBootTime": 6371.675423666679,
  "buildPluginSetupTime": 1439.290032333384,
  "buildPrepareTime": 350.662184333584,
  "buildColdBootTime": 55489.19183533313,
  "minifiedBundleSize": {
    "total": 6249428,
    "files": {
      "/html/main/index.html": 10362,
      "/static/css/106.css": 1872,
      "/static/css/1111.css": 372,
      "/static/css/1128.css": 1039,
      "/static/css/1236.css": 1441,
      "/static/css/1340.css": 467,
      "/static/css/1390.css": 1873,
      "/static/css/1479.css": 1310,
      "/static/css/1554.css": 1459,
      "/static/css/172.css": 1458,
      "/static/css/1797.css": 356,
      "/static/css/1830.css": 3186,
      "/static/css/1863.css": 3198,
      "/static/css/1956.css": 1873,
      "/static/css/1968.css": 170,
      "/static/css/1989.css": 170,
      "/static/css/2120.css": 3198,
      "/static/css/217.css": 501,
      "/static/css/2367.css": 2035,
      "/static/css/2395.css": 3137,
      "/static/css/2497.css": 402,
      "/static/css/2527.css": 3198,
      "/static/css/2962.css": 483,
      "/static/css/3062.css": 622,
      "/static/css/3215.css": 602,
      "/static/css/3218.css": 1525,
      "/static/css/3384.css": 402,
      "/static/css/3494.css": 178,
      "/static/css/3670.css": 402,
      "/static/css/3781.css": 622,
      "/static/css/4017.css": 1873,
      "/static/css/4189.css": 1441,
      "/static/css/4212.css": 551219,
      "/static/css/4453.css": 579,
      "/static/css/4594.css": 3186,
      "/static/css/4597.css": 372,
      "/static/css/4775.css": 3888,
      "/static/css/5032.css": 1369,
      "/static/css/5100.css": 751,
      "/static/css/5489.css": 2227,
      "/static/css/5629.css": 602,
      "/static/css/5710.css": 1039,
      "/static/css/6096.css": 1459,
      "/static/css/6201.css": 3186,
      "/static/css/6272.css": 402,
      "/static/css/635.css": 2445,
      "/static/css/6507.css": 307,
      "/static/css/6534.css": 307,
      "/static/css/6569.css": 549,
      "/static/css/6602.css": 402,
      "/static/css/6980.css": 4873,
      "/static/css/7120.css": 1310,
      "/static/css/7258.css": 1661,
      "/static/css/730.css": 355,
      "/static/css/7480.css": 467,
      "/static/css/7936.css": 1335,
      "/static/css/8135.css": 3137,
      "/static/css/8138.css": 1369,
      "/static/css/8178.css": 372,
      "/static/css/8264.css": 402,
      "/static/css/8280.css": 1335,
      "/static/css/8670.css": 1369,
      "/static/css/8710.css": 579,
      "/static/css/9005.css": 3198,
      "/static/css/9041.css": 502,
      "/static/css/9074.css": 427,
      "/static/css/9330.css": 549,
      "/static/css/9430.css": 1453,
      "/static/css/950.css": 177,
      "/static/css/9528.css": 1369,
      "/static/css/9615.css": 1310,
      "/static/css/9705.css": 117,
      "/static/css/9904.css": 1335,
      "/static/css/main.css": 10557,
      "/static/js/106.js": 8037,
      "/static/js/1111.js": 6628,
      "/static/js/1128.js": 6552,
      "/static/js/1236.js": 13272,
      "/static/js/1309.js": 1905,
      "/static/js/1340.js": 9729,
      "/static/js/1356.js": 12737,
      "/static/js/1390.js": 2028,
      "/static/js/1413.js": 4509,
      "/static/js/1479.js": 5127,
      "/static/js/1554.js": 1222,
      "/static/js/16.js": 477,
      "/static/js/1613.js": 1502,
      "/static/js/167.js": 14528,
      "/static/js/17.js": 1542,
      "/static/js/171.js": 4147,
      "/static/js/172.js": 10462,
      "/static/js/1797.js": 569,
      "/static/js/1830.js": 9073,
      "/static/js/1863.js": 1406,
      "/static/js/1923.js": 501,
      "/static/js/1931.js": 670,
      "/static/js/1956.js": 12910,
      "/static/js/1968.js": 22456,
      "/static/js/1989.js": 279,
      "/static/js/2120.js": 8500,
      "/static/js/217.js": 2869,
      "/static/js/2327.js": 16051,
      "/static/js/2367.js": 24033,
      "/static/js/2444.js": 49698,
      "/static/js/2486.js": 45915,
      "/static/js/2497.js": 1301,
      "/static/js/2522.js": 4549,
      "/static/js/2527.js": 14872,
      "/static/js/2534.js": 3343,
      "/static/js/2588.js": 931,
      "/static/js/2650.js": 3097,
      "/static/js/2754.js": 10971,
      "/static/js/2962.js": 380,
      "/static/js/3062.js": 686,
      "/static/js/3215.js": 26655,
      "/static/js/3218.js": 724,
      "/static/js/3278.js": 5760,
      "/static/js/3329.js": 8039,
      "/static/js/3349.js": 10289,
      "/static/js/3368.js": 4987,
      "/static/js/3384.js": 277,
      "/static/js/3394.js": 4320,
      "/static/js/348.js": 16304,
      "/static/js/3494.js": 249,
      "/static/js/3527.js": 16596,
      "/static/js/3539.js": 677,
      "/static/js/3619.js": 13391,
      "/static/js/3652.js": 2677,
      "/static/js/3670.js": 1142,
      "/static/js/3713.js": 647,
      "/static/js/3762.js": 8434,
      "/static/js/3781.js": 10457,
      "/static/js/4017.js": 11443,
      "/static/js/4189.js": 402,
      "/static/js/4212.js": 1387308,
      "/static/js/4453.js": 5672,
      "/static/js/4594.js": 9446,
      "/static/js/4597.js": 385,
      "/static/js/4644.js": 667771,
      "/static/js/4712.js": 313,
      "/static/js/4775.js": 18717,
      "/static/js/4964.js": 1012,
      "/static/js/4985.js": 1651,
      "/static/js/502.js": 1160,
      "/static/js/5032.js": 808,
      "/static/js/5100.js": 453,
      "/static/js/5142.js": 9428,
      "/static/js/5147.js": 17142,
      "/static/js/5256.js": 2364,
      "/static/js/5289.js": 17237,
      "/static/js/5629.js": 407,
      "/static/js/5710.js": 526,
      "/static/js/6096.js": 24274,
      "/static/js/6201.js": 1033,
      "/static/js/6272.js": 276,
      "/static/js/631.js": 4818,
      "/static/js/635.js": 19581,
      "/static/js/6448.js": 8125,
      "/static/js/6507.js": 264,
      "/static/js/6534.js": 7619,
      "/static/js/6543.js": 30505,
      "/static/js/6569.js": 283,
      "/static/js/6573.js": 70000,
      "/static/js/6602.js": 277,
      "/static/js/6784.js": 11664,
      "/static/js/684.js": 1721143,
      "/static/js/6980.js": 16519,
      "/static/js/7037.js": 2252,
      "/static/js/7120.js": 1004,
      "/static/js/7155.js": 238,
      "/static/js/7258.js": 16693,
      "/static/js/730.js": 1775,
      "/static/js/7386.js": 46689,
      "/static/js/7424.js": 957,
      "/static/js/7480.js": 281,
      "/static/js/7719.js": 10514,
      "/static/js/7891.js": 2110,
      "/static/js/7936.js": 10915,
      "/static/js/8135.js": 20859,
      "/static/js/8178.js": 2219,
      "/static/js/818.js": 661683,
      "/static/js/8183.js": 16787,
      "/static/js/8264.js": 1243,
      "/static/js/8280.js": 770,
      "/static/js/8347.js": 2869,
      "/static/js/8472.js": 602,
      "/static/js/8526.js": 189,
      "/static/js/8642.js": 16097,
      "/static/js/8670.js": 8306,
      "/static/js/8710.js": 380,
      "/static/js/8979.js": 15797,
      "/static/js/9005.js": 5473,
      "/static/js/9025.js": 2452,
      "/static/js/9041.js": 387,
      "/static/js/9074.js": 10737,
      "/static/js/9330.js": 14810,
      "/static/js/9430.js": 22954,
      "/static/js/950.js": 8835,
      "/static/js/9528.js": 11629,
      "/static/js/9615.js": 4801,
      "/static/js/9636.js": 313,
      "/static/js/9681.js": 19527,
      "/static/js/9705.js": 238,
      "/static/js/9868.js": 2574,
      "/static/js/9904.js": 7688,
      "/static/js/9951.js": 12694,
      "/static/js/main.js": 67604,
      "/static/js/runtime-main.js": 9294
    }
  },
  "gzippedBundleSize": {
    "total": 1714402,
    "files": {
      "/html/main/index.html": 4696,
      "/static/css/106.css": 633,
      "/static/css/1111.css": 202,
      "/static/css/1128.css": 409,
      "/static/css/1236.css": 492,
      "/static/css/1340.css": 301,
      "/static/css/1390.css": 634,
      "/static/css/1479.css": 448,
      "/static/css/1554.css": 552,
      "/static/css/172.css": 551,