{
  "devPluginSetupTime": 2314.5056729999683,
  "devPrepareTime": 418.4112499999853,
  "devColdBootTime": 7857.261267333331,
  "devHotBootTime": 4570.154994666712,
  "buildPluginSetupTime": 1531.1393296666986,
  "buildPrepareTime": 456.20701333337155,
  "buildColdBootTime": 30335.182096999954,
  "minifiedBundleSize": {
    "total": 399483,
    "files": {
      "/html/main/index.html": 2658,
      "/static/css/main.css": 2636,
      "/static/js/4.js": 368732,
      "/static/js/main.js": 23804,
      "/static/js/runtime-main.js": 1653
    }
  },
  "gzippedBundleSize": {
    "total": 125276,
    "files": {
      "/html/main/index.html": 1336,
      "/static/css/main.css": 905,
      "/static/js/4.js": 114399,
      "/static/js/main.js": 7784,
      "/static/js/runtime-main.js": 852
    }
  },
  "buildHotBootTime": 9519.242200999986,
  "yarnColdInstallTime": 93694.11387600005,
  "yarnHotInstallTime": 1312.50284500001,
  "yarnDependenciesCount": 1422,
  "yarnInstallSize": 218347381
}
