{
  "devPluginSetupTime": 333.34284199999337,
  "devPrepareTime": 430.23989399995963,
  "devColdBootTime": 6817.957628999914,
  "devHotBootTime": 4141.6687806666205,
  "buildPluginSetupTime": 325.4529696665704,
  "buildPrepareTime": 432.42413800000213,
  "buildColdBootTime": 24796.314433666645,
  "minifiedBundleSize": {
    "total": 394190,
    "files": {
      "/html/main/index.html": 2641,
      "/static/css/main.css": 2636,
      "/static/js/910.js": 365877,
      "/static/js/main.js": 21402,
      "/static/js/runtime-main.js": 1634
    }
  },
  "gzippedBundleSize": {
    "total": 125874,
    "files": {
      "/html/main/index.html": 1340,
      "/static/css/main.css": 905,
      "/static/js/910.js": 115583,
      "/static/js/main.js": 7192,
      "/static/js/runtime-main.js": 854
    }
  },
  "buildHotBootTime": 9098.284060666649,
  "yarnColdInstallTime": 108886.61246600002,
  "yarnHotInstallTime": 1047.1668310000096,
  "yarnDependenciesCount": 1320,
  "yarnInstallSize": 206365619
}
