{
  "devPluginSetupTime": 1042.0371973334502,
  "devPrepareTime": 275.0389013335419,
  "devColdBootTime": 29286.62506300009,
  "devHotBootTime": 6624.065509666533,
  "buildPluginSetupTime": 1061.9253200000774,
  "buildPrepareTime": 273.7168840000716,
  "buildColdBootTime": 89051.4462286667,
  "minifiedBundleSize": {
    "total": 6145937,
    "files": {
      "/html/main/index.html": 9591,
      "/static/css/1031.css": 371,
      "/static/css/1153.css": 169,
      "/static/css/1204.css": 601,
      "/static/css/137.css": 354,
      "/static/css/1559.css": 1458,
      "/static/css/1567.css": 371,
      "/static/css/1769.css": 3136,
      "/static/css/1862.css": 501,
      "/static/css/187.css": 1871,
      "/static/css/1931.css": 1047,
      "/static/css/2075.css": 3202,
      "/static/css/2189.css": 3202,
      "/static/css/2313.css": 3083,
      "/static/css/2419.css": 3202,
      "/static/css/2536.css": 401,
      "/static/css/257.css": 1046,
      "/static/css/2594.css": 1334,
      "/static/css/2643.css": 355,
      "/static/css/2650.css": 1468,
      "/static/css/2713.css": 401,
      "/static/css/2855.css": 426,
      "/static/css/3633.css": 3202,
      "/static/css/3713.css": 1440,
      "/static/css/3732.css": 1458,
      "/static/css/4148.css": 116,
      "/static/css/4214.css": 482,
      "/static/css/4355.css": 578,
      "/static/css/4386.css": 501,
      "/static/css/4405.css": 1309,
      "/static/css/4468.css": 401,
      "/static/css/4568.css": 4829,
      "/static/css/4700.css": 466,
      "/static/css/5258.css": 2470,
      "/static/css/5266.css": 1872,
      "/static/css/5347.css": 2034,
      "/static/css/5351.css": 3136,
      "/static/css/5451.css": 1264,
      "/static/css/5513.css": 401,
      "/static/css/5556.css": 1264,
      "/static/css/5801.css": 1334,
      "/static/css/5972.css": 3083,
      "/static/css/6068.css": 1334,
      "/static/css/6132.css": 539805,
      "/static/css/6471.css": 3801,
      "/static/css/6666.css": 2183,
      "/static/css/6736.css": 466,
      "/static/css/6928.css": 1458,
      "/static/css/6932.css": 177,
      "/static/css/7333.css": 1309,
      "/static/css/7363.css": 601,
      "/static/css/7581.css": 621,
      "/static/css/8018.css": 371,
      "/static/css/8217.css": 750,
      "/static/css/8222.css": 1264,
      "/static/css/8315.css": 1264,
      "/static/css/838.css": 168,
      "/static/css/8386.css": 401,
      "/static/css/8738.css": 553,
      "/static/css/8742.css": 306,
      "/static/css/8750.css": 306,
      "/static/css/89.css": 1870,
      "/static/css/898.css": 3082,
      "/static/css/9305.css": 553,
      "/static/css/9384.css": 621,
      "/static/css/940.css": 1308,
      "/static/css/9487.css": 401,
      "/static/css/9521.css": 1872,
      "/static/css/954.css": 1464,
      "/static/css/9552.css": 177,
      "/static/css/9566.css": 578,
      "/static/css/9583.css": 1440,
      "/static/css/9924.css": 1660,
      "/static/css/main.css": 10442,
      "/static/js/1010.js": 294,
      "/static/js/1031.js": 9507,
      "/static/js/1153.js": 24138,
      "/static/js/1204.js": 390,
      "/static/js/1268.js": 4313,
      "/static/js/137.js": 1752,
      "/static/js/1442.js": 5735,
      "/static/js/154.js": 2395,
      "/static/js/1559.js": 10531,
      "/static/js/1567.js": 6606,
      "/static/js/157.js": 909,
      "/static/js/1711.js": 8100,
      "/static/js/1769.js": 20843,
      "/static/js/1862.js": 371,
      "/static/js/187.js": 11438,
      "/static/js/1877.js": 1880,
      "/static/js/1931.js": 509,
      "/static/js/2075.js": 17842,
      "/static/js/2179.js": 16574,
      "/static/js/2189.js": 5470,
      "/static/js/2313.js": 9646,
      "/static/js/2408.js": 1689347,
      "/static/js/2419.js": 10659,
      "/static/js/2444.js": 49268,
      "/static/js/2486.js": 45329,
      "/static/js/2536.js": 1215,
      "/static/js/254.js": 129,
      "/static/js/257.js": 17380,
      "/static/js/2594.js": 7649,
      "/static/js/2607.js": 1477,
      "/static/js/2643.js": 552,
      "/static/js/2648.js": 4023,
      "/static/js/2650.js": 17054,
      "/static/js/2713.js": 1111,
      "/static/js/2855.js": 10726,
      "/static/js/2975.js": 932,
      "/static/js/305.js": 652,
      "/static/js/3066.js": 4298,
      "/static/js/3235.js": 2843,
      "/static/js/3467.js": 3259,
      "/static/js/3506.js": 15334,
      "/static/js/3633.js": 1388,
      "/static/js/3689.js": 645,
      "/static/js/3713.js": 385,
      "/static/js/3732.js": 1205,
      "/static/js/3878.js": 4962,
      "/static/js/4032.js": 47582,
      "/static/js/4148.js": 221,
      "/static/js/4193.js": 19493,
      "/static/js/4213.js": 16765,
      "/static/js/4214.js": 362,
      "/static/js/4355.js": 5652,
      "/static/js/4386.js": 2844,
      "/static/js/4405.js": 987,
      "/static/js/4434.js": 2227,
      "/static/js/4468.js": 1271,
      "/static/js/4511.js": 14536,
      "/static/js/4568.js": 20170,
      "/static/js/460.js": 22769,
      "/static/js/4700.js": 264,
      "/static/js/4834.js": 3336,
      "/static/js/5013.js": 1521,
      "/static/js/5147.js": 16781,
      "/static/js/5258.js": 25951,
      "/static/js/5266.js": 2011,
      "/static/js/5347.js": 28474,
      "/static/js/538.js": 13910,
      "/static/js/5460.js": 3072,
      "/static/js/5513.js": 260,
      "/static/js/555.js": 575,
      "/static/js/5556.js": 791,
      "/static/js/5567.js": 3289,
      "/static/js/5801.js": 754,
      "/static/js/5972.js": 1016,
      "/static/js/6068.js": 4954,
      "/static/js/6078.js": 13365,
      "/static/js/6132.js": 1379100,
      "/static/js/6189.js": 8413,
      "/static/js/6340.js": 4484,
      "/static/js/6471.js": 28737,
      "/static/js/6492.js": 645150,
      "/static/js/6537.js": 8960,
      "/static/js/6573.js": 67835,
      "/static/js/6658.js": 294,
      "/static/js/6675.js": 1149,
      "/static/js/6736.js": 10604,
      "/static/js/6928.js": 18283,
      "/static/js/6932.js": 232,
      "/static/js/6960.js": 4795,
      "/static/js/7155.js": 179,
      "/static/js/7333.js": 4884,
      "/static/js/7336.js": 4526,
      "/static/js/7363.js": 20728,
      "/static/js/7556.js": 3480,
      "/static/js/7573.js": 17215,
      "/static/js/7581.js": 669,
      "/static/js/7650.js": 1417,
      "/static/js/7678.js": 997,
      "/static/js/8018.js": 369,
      "/static/js/8031.js": 15775,
      "/static/js/818.js": 626501,
      "/static/js/8180.js": 622,
      "/static/js/8217.js": 436,
      "/static/js/8222.js": 20766,
      "/static/js/8315.js": 9198,
      "/static/js/838.js": 260,
      "/static/js/8386.js": 260,
      "/static/js/8738.js": 266,
      "/static/js/8742.js": 8579,
      "/static/js/8750.js": 248,
      "/static/js/883.js": 2337,
      "/static/js/89.js": 8011,
      "/static/js/898.js": 15151,
      "/static/js/9251.js": 9425,
      "/static/js/9305.js": 15749,
      "/static/js/9384.js": 11387,
      "/static/js/9385.js": 474,
      "/static/js/940.js": 5205,
      "/static/js/9487.js": 260,
      "/static/js/9498.js": 17108,
      "/static/js/9506.js": 2549,
      "/static/js/9521.js": 12906,
      "/static/js/954.js": 705,
      "/static/js/9552.js": 9755,
      "/static/js/9566.js": 363,
      "/static/js/9583.js": 13274,
      "/static/js/9924.js": 27827,
      "/static/js/9926.js": 16855,
      "/static/js/main.js": 74558,
      "/static/js/runtime-main.js": 8523
    }
  },
  "gzippedBundleSize": {
    "total": 1594045,
    "files": {
      "/html/main/index.html": 4565,
      "/static/css/1031.css": 199,
      "/static/css/1153.css": 163,
      "/static/css/1204.css": 316,
      "/static/css/137.css": 229,
      "/static/css/1559.css": 553,
      "/static/css/1567.css": 199,
      "/static/css/1769.css": 891,
      "/static/css/1862.css": 277,
      "/static/css/187.css": 632,
      "/static/css/1931.css": 412,
      "/static/css/2075.css": 910,
      "/static/css/2189.css": 910,
      "/static/css/2313.css": 782,