{
  "devPluginSetupTime": 1187.6627839999273,
  "devPrepareTime": 276.87878399994224,
  "devColdBootTime": 6956.477604999828,
  "devHotBootTime": 4661.422168666652,
  "buildPluginSetupTime": 1060.517059333312,
  "buildPrepareTime": 271.83322033363703,
  "buildColdBootTime": 28047.356721333228,
  "minifiedBundleSize": {
    "total": 423432,
    "files": {
      "/html/main/index.html": 2660,
      "/static/css/main.css": 2636,
      "/static/js/532.js": 385045,
      "/static/js/main.js": 31438,
      "/static/js/runtime-main.js": 1653
    }
  },
  "gzippedBundleSize": {
    "total": 129780,
    "files": {
      "/html/main/index.html": 1342,
      "/static/css/main.css": 905,
      "/static/js/532.js": 120278,
      "/static/js/main.js": 6403,
      "/static/js/runtime-main.js": 852
    }
  },
  "buildHotBootTime": 2135.5352613332993
}
