{
  "devPluginSetupTime": 1991.3001959999867,
  "devPrepareTime": 470.0368826666381,
  "devColdBootTime": 11618.146650333423,
  "devHotBootTime": 7395.993921333458,
  "buildPluginSetupTime": 1357.1699879999894,
  "buildPrepareTime": 251.91509500006214,
  "buildColdBootTime": 51316.087336333156,
  "minifiedBundleSize": {
    "total": 11628365,
    "files": {
      "js": 11125876,
      "/html/main/index.html": 2666,
      "/static/css/main.css": 2636,
      "/static/js/570.js": 454008,
      "/static/js/main.js": 41520,
      "/static/js/runtime-main.js": 1659
    }
  },
  "gzippedBundleSize": {
    "total": 2182362,
    "files": {
      "js": 2032183,
      "/html/main/index.html": 1349,
      "/static/css/main.css": 905,
      "/static/js/570.js": 138755,
      "/static/js/main.js": 8309,
      "/static/js/runtime-main.js": 861
    }
  },
  "buildHotBootTime": 16502.774808,
  "yarnColdInstallTime": 80285.392314,
  "yarnHotInstallTime": 2249.619397000002,
  "yarnDependenciesCount": 1674,
  "yarnInstallSize": 233889545
}
