{
  "devPluginSetupTime": 1500.8895686667722,
  "devPrepareTime": 334.3606756667141,
  "devColdBootTime": 34281.762303333264,
  "devHotBootTime": 7515.890238666597,
  "buildPluginSetupTime": 1212.6112156667125,
  "buildPrepareTime": 294.1113066665518,
  "buildColdBootTime": 54060.313441666774,
  "minifiedBundleSize": {
    "total": 6357811,
    "files": {
      "/html/main/index.html": 10290,
      "/static/css/1031.css": 372,
      "/static/css/1153.css": 170,
      "/static/css/1204.css": 602,
      "/static/css/137.css": 355,
      "/static/css/1559.css": 1459,
      "/static/css/1567.css": 372,
      "/static/css/1769.css": 3137,
      "/static/css/1862.css": 502,
      "/static/css/187.css": 1872,
      "/static/css/1931.css": 1039,
      "/static/css/2075.css": 3198,
      "/static/css/2189.css": 3198,
      "/static/css/2313.css": 3186,
      "/static/css/2419.css": 3198,
      "/static/css/2536.css": 402,
      "/static/css/257.css": 1038,
      "/static/css/2594.css": 1335,
      "/static/css/2643.css": 356,
      "/static/css/2650.css": 1453,
      "/static/css/2713.css": 402,
      "/static/css/2855.css": 427,
      "/static/css/3633.css": 3198,
      "/static/css/3713.css": 1441,
      "/static/css/3732.css": 1459,
      "/static/css/4148.css": 117,
      "/static/css/4214.css": 483,
      "/static/css/4355.css": 579,
      "/static/css/4386.css": 502,
      "/static/css/4405.css": 1310,
      "/static/css/4468.css": 402,
      "/static/css/4568.css": 4873,
      "/static/css/4700.css": 467,
      "/static/css/5258.css": 2446,
      "/static/css/5266.css": 1873,
      "/static/css/5347.css": 2035,
      "/static/css/5351.css": 3137,
      "/static/css/5451.css": 1369,
      "/static/css/5513.css": 402,
      "/static/css/5556.css": 1369,
      "/static/css/5801.css": 1335,
      "/static/css/5972.css": 3186,
      "/static/css/6068.css": 1335,
      "/static/css/6132.css": 551183,
      "/static/css/6471.css": 3888,
      "/static/css/6666.css": 2227,
      "/static/css/6736.css": 467,
      "/static/css/6928.css": 1459,
      "/static/css/6932.css": 178,
      "/static/css/7333.css": 1310,
      "/static/css/7363.css": 602,
      "/static/css/7581.css": 622,
      "/static/css/8018.css": 372,
      "/static/css/8217.css": 751,
      "/static/css/8222.css": 1369,
      "/static/css/8315.css": 1369,
      "/static/css/838.css": 169,
      "/static/css/8386.css": 402,
      "/static/css/8738.css": 549,
      "/static/css/8742.css": 307,
      "/static/css/8750.css": 307,
      "/static/css/89.css": 1871,
      "/static/css/898.css": 3185,
      "/static/css/9305.css": 549,
      "/static/css/9384.css": 622,
      "/static/css/940.css": 1309,
      "/static/css/9487.css": 402,
      "/static/css/9521.css": 1873,
      "/static/css/954.css": 1524,
      "/static/css/9552.css": 178,
      "/static/css/9566.css": 579,
      "/static/css/9583.css": 1441,
      "/static/css/9924.css": 1661,
      "/static/css/main.css": 10557,
      "/static/js/1010.js": 313,
      "/static/js/1031.js": 9568,
      "/static/js/1153.js": 24118,
      "/static/js/1204.js": 407,
      "/static/js/1268.js": 4386,
      "/static/js/137.js": 1778,
      "/static/js/1442.js": 5760,
      "/static/js/154.js": 2451,
      "/static/js/1559.js": 10567,
      "/static/js/1567.js": 6658,
      "/static/js/157.js": 929,
      "/static/js/1711.js": 8125,
      "/static/js/1769.js": 20890,
      "/static/js/1862.js": 388,
      "/static/js/187.js": 11456,
      "/static/js/1877.js": 1905,
      "/static/js/1931.js": 526,
      "/static/js/2075.js": 18163,
      "/static/js/2179.js": 16591,
      "/static/js/2189.js": 5485,
      "/static/js/2313.js": 9697,
      "/static/js/2408.js": 1722983,
      "/static/js/2419.js": 10828,
      "/static/js/2444.js": 50022,
      "/static/js/2486.js": 45983,
      "/static/js/2536.js": 1245,
      "/static/js/254.js": 187,
      "/static/js/257.js": 17459,
      "/static/js/2594.js": 7702,
      "/static/js/2607.js": 1502,
      "/static/js/2643.js": 569,
      "/static/js/2648.js": 4149,
      "/static/js/2650.js": 17136,
      "/static/js/2713.js": 1141,
      "/static/js/2855.js": 10751,
      "/static/js/2975.js": 957,
      "/static/js/305.js": 675,
      "/static/js/3066.js": 4315,
      "/static/js/3235.js": 2868,
      "/static/js/3467.js": 3321,
      "/static/js/3506.js": 15410,
      "/static/js/3633.js": 1405,
      "/static/js/3689.js": 670,
      "/static/js/3713.js": 402,
      "/static/js/3732.js": 1222,
      "/static/js/3878.js": 4987,
      "/static/js/4032.js": 47669,
      "/static/js/4148.js": 238,
      "/static/js/4193.js": 19512,
      "/static/js/4213.js": 16782,
      "/static/js/4214.js": 379,
      "/static/js/4355.js": 5686,
      "/static/js/4386.js": 2874,
      "/static/js/4405.js": 1004,
      "/static/js/4434.js": 2252,
      "/static/js/4468.js": 1301,
      "/static/js/4511.js": 14546,
      "/static/js/4568.js": 20342,
      "/static/js/460.js": 23104,
      "/static/js/4700.js": 281,
      "/static/js/4834.js": 3343,
      "/static/js/5013.js": 1546,
      "/static/js/5147.js": 17169,
      "/static/js/5258.js": 26180,
      "/static/js/5266.js": 2028,
      "/static/js/5347.js": 28565,
      "/static/js/538.js": 14003,
      "/static/js/5460.js": 3097,
      "/static/js/5513.js": 277,
      "/static/js/555.js": 600,
      "/static/js/5556.js": 808,
      "/static/js/5567.js": 3340,
      "/static/js/5801.js": 771,
      "/static/js/5972.js": 1033,
      "/static/js/6068.js": 5027,
      "/static/js/6078.js": 13420,
      "/static/js/6132.js": 1463137,
      "/static/js/6189.js": 8430,
      "/static/js/6340.js": 4509,
      "/static/js/6471.js": 28803,
      "/static/js/6492.js": 676985,
      "/static/js/6537.js": 9011,
      "/static/js/6573.js": 70053,
      "/static/js/6658.js": 313,
      "/static/js/6675.js": 1162,
      "/static/js/6736.js": 10715,
      "/static/js/6928.js": 18405,
      "/static/js/6932.js": 249,
      "/static/js/6960.js": 4820,
      "/static/js/7155.js": 238,
      "/static/js/7333.js": 4914,
      "/static/js/7336.js": 4543,
      "/static/js/7363.js": 20813,
      "/static/js/7556.js": 3512,
      "/static/js/7573.js": 17232,
      "/static/js/7581.js": 686,
      "/static/js/7650.js": 1439,
      "/static/js/7678.js": 1012,
      "/static/js/8018.js": 386,
      "/static/js/8031.js": 15792,
      "/static/js/818.js": 662034,
      "/static/js/8180.js": 647,
      "/static/js/8217.js": 453,
      "/static/js/8222.js": 20905,
      "/static/js/8315.js": 9271,
      "/static/js/838.js": 277,
      "/static/js/8386.js": 277,
      "/static/js/8738.js": 283,
      "/static/js/8742.js": 8603,
      "/static/js/8750.js": 265,
      "/static/js/883.js": 2362,
      "/static/js/89.js": 8036,
      "/static/js/898.js": 15189,
      "/static/js/9251.js": 9443,
      "/static/js/9305.js": 15788,
      "/static/js/9384.js": 11420,
      "/static/js/9385.js": 501,
      "/static/js/940.js": 5238,
      "/static/js/9487.js": 277,
      "/static/js/9498.js": 17167,
      "/static/js/9506.js": 2574,
      "/static/js/9521.js": 12924,
      "/static/js/954.js": 722,
      "/static/js/9552.js": 9791,
      "/static/js/9566.js": 380,
      "/static/js/9583.js": 13285,
      "/static/js/9924.js": 27926,
      "/static/js/9926.js": 16760,
      "/static/js/main.js": 78442,
      "/static/js/runtime-main.js": 9222
    }
  },
  "gzippedBundleSize": {
    "total": 1742182,
    "files": {
      "/html/main/index.html": 4648,
      "/static/css/1031.css": 204,
      "/static/css/1153.css": 163,
      "/static/css/1204.css": 315,
      "/static/css/137.css": 229,
      "/static/css/1559.css": 552,
      "/static/css/1567.css": 204,
      "/static/css/1769.css": 889,
      "/static/css/1862.css": 281,
      "/static/css/187.css": 633,
      "/static/css/1931.css": 409,
      "/static/css/2075.css": 906,
      "/static/css/2189.css": 905,
      "/static/css/2313.css": 767,