{
  "devPluginSetupTime": 1114.3793823334079,
  "devPrepareTime": 259.7609416667062,
  "devColdBootTime": 7556.825307333376,
  "devHotBootTime": 4809.135857666843,
  "buildPluginSetupTime": 1098.452776000059,
  "buildPrepareTime": 268.71704099994776,
  "buildColdBootTime": 29722.65821966653,
  "minifiedBundleSize": {
    "total": 492294,
    "files": {
      "/html/main/index.html": 2660,
      "/static/css/main.css": 2636,
      "/static/js/523.js": 447652,
      "/static/js/main.js": 37693,
      "/static/js/runtime-main.js": 1653
    }
  },
  "gzippedBundleSize": {
    "total": 147494,
    "files": {
      "/html/main/index.html": 1339,
      "/static/css/main.css": 905,
      "/static/js/523.js": 136670,
      "/static/js/main.js": 7728,
      "/static/js/runtime-main.js": 852
    }
  },
  "buildHotBootTime": 8242.448725666696,
  "yarnColdInstallTime": 72510.18882099999,
  "yarnHotInstallTime": 1072.3029559999995,
  "yarnDependenciesCount": 1674,
  "yarnInstallSize": 233889545
}
