{
  "devPluginSetupTime": 1451.633262999996,
  "devPrepareTime": 502.1519946666667,
  "devColdBootTime": 4821.792444000021,
  "devHotBootTime": 3451.285037333301,
  "buildPluginSetupTime": 1435.970837333356,
  "buildPrepareTime": 686.6893556666328,
  "buildColdBootTime": 17750.592803333344,
  "minifiedBundleSize": {
    "total": 169570,
    "files": {
      "/html/main/index.html": 2317,
      "/static/css/main.css": 2636,
      "/static/js/219.js": 145744,
      "/static/js/main.js": 17563,
      "/static/js/runtime-main.js": 1310
    }
  },
  "gzippedBundleSize": {
    "total": 54860,
    "files": {
      "/html/main/index.html": 1212,
      "/static/css/main.css": 905,
      "/static/js/219.js": 46776,
      "/static/js/main.js": 5242,
      "/static/js/runtime-main.js": 725
    }
  },
  "buildHotBootTime": 1729.2374343333456
}
