{
  "devPluginSetupTime": 1897.3130726667005,
  "devPrepareTime": 579.0546216666698,
  "devColdBootTime": 7583.691913333353,
  "devHotBootTime": 5011.254337000001,
  "buildPluginSetupTime": 1461.059482666625,
  "buildPrepareTime": 427.9273146666819,
  "buildColdBootTime": 33018.273242666655,
  "minifiedBundleSize": {
    "total": 399483,
    "files": {
      "/html/main/index.html": 2658,
      "/static/css/main.css": 2636,
      "/static/js/4.js": 368732,
      "/static/js/main.js": 23804,
      "/static/js/runtime-main.js": 1653
    }
  },
  "gzippedBundleSize": {
    "total": 125276,
    "files": {
      "/html/main/index.html": 1336,
      "/static/css/main.css": 905,
      "/static/js/4.js": 114399,
      "/static/js/main.js": 7784,
      "/static/js/runtime-main.js": 852
    }
  },
  "buildHotBootTime": 10005.228446666655,
  "yarnColdInstallTime": 91519.87289,
  "yarnHotInstallTime": 2100.451276000007,
  "yarnDependenciesCount": 1421,
  "yarnInstallSize": 218339312
}
