{
  "devPluginSetupTime": 1608.9807196666563,
  "devPrepareTime": 336.8237530000042,
  "devColdBootTime": 8741.160615666691,
  "devHotBootTime": 5706.441510000033,
  "buildPluginSetupTime": 1564.18193000004,
  "buildPrepareTime": 335.80375333336025,
  "buildColdBootTime": 33917.42340166669,
  "minifiedBundleSize": {
    "total": 400045,
    "files": {
      "js": 530,
      "/html/main/index.html": 2666,
      "/static/css/main.css": 2636,
      "/static/js/4.js": 368740,
      "/static/js/main.js": 23812,
      "/static/js/runtime-main.js": 1661
    }
  },
  "gzippedBundleSize": {
    "total": 125544,
    "files": {
      "js": 246,
      "/html/main/index.html": 1341,
      "/static/css/main.css": 905,
      "/static/js/4.js": 114408,
      "/static/js/main.js": 7788,
      "/static/js/runtime-main.js": 856
    }
  },
  "buildHotBootTime": 12882.26457666664,
  "yarnColdInstallTime": 93768.32617200003,
  "yarnHotInstallTime": 1279.0785999998916,
  "yarnDependenciesCount": 1461,
  "yarnInstallSize": 226595845
}
