{
  "devPluginSetupTime": 1530.4154496666742,
  "devPrepareTime": 376.19173866665614,
  "devColdBootTime": 8157.18004633331,
  "devHotBootTime": 5393.809602666646,
  "buildPluginSetupTime": 1464.2250173333257,
  "buildPrepareTime": 595.7042056666687,
  "buildColdBootTime": 31062.97521366664,
  "minifiedBundleSize": {
    "total": 400013,
    "files": {
      "js": 530,
      "/html/main/index.html": 2658,
      "/static/css/main.css": 2636,
      "/static/js/4.js": 368732,
      "/static/js/main.js": 23804,
      "/static/js/runtime-main.js": 1653
    }
  },
  "gzippedBundleSize": {
    "total": 125535,
    "files": {
      "js": 246,
      "/html/main/index.html": 1341,
      "/static/css/main.css": 905,
      "/static/js/4.js": 114404,
      "/static/js/main.js": 7786,
      "/static/js/runtime-main.js": 853
    }
  },
  "buildHotBootTime": 11964.339415999983,
  "yarnColdInstallTime": 98056.78967299999,
  "yarnHotInstallTime": 1281.129512000014,
  "yarnDependenciesCount": 1478,
  "yarnInstallSize": 232803880
}
