{
  "devPluginSetupTime": 1391.984127666646,
  "devPrepareTime": 289.4667710000649,
  "devColdBootTime": 5407.052620666723,
  "devHotBootTime": 3387.9748326667273,
  "buildPluginSetupTime": 1363.5660560000688,
  "buildPrepareTime": 283.70833100005984,
  "buildColdBootTime": 20804.581901666552,
  "minifiedBundleSize": {
    "total": 423432,
    "files": {
      "/html/main/index.html": 2660,
      "/static/css/main.css": 2636,
      "/static/js/532.js": 385045,
      "/static/js/main.js": 31438,
      "/static/js/runtime-main.js": 1653
    }
  },
  "gzippedBundleSize": {
    "total": 129780,
    "files": {
      "/html/main/index.html": 1342,
      "/static/css/main.css": 905,
      "/static/js/532.js": 120278,
      "/static/js/main.js": 6403,
      "/static/js/runtime-main.js": 852
    }
  },
  "buildHotBootTime": 1764.1773553333867
}
