{
  "devPluginSetupTime": 2030.3149310001172,
  "devPrepareTime": 416.182146999985,
  "devColdBootTime": 4682.377725000028,
  "devHotBootTime": 4075.456649000291,
  "buildPluginSetupTime": 1307.9679589997977,
  "buildPrepareTime": 368.4855019999668,
  "buildColdBootTime": 16199.82952399971,
  "minifiedBundleSize": {
    "total": 169556,
    "files": {
      "/html/main/index.html": 2317,
      "/static/css/main.css": 2636,
      "/static/js/219.js": 145744,
      "/static/js/main.js": 17549,
      "/static/js/runtime-main.js": 1310
    }
  },
  "gzippedBundleSize": {
    "total": 54866,
    "files": {
      "/html/main/index.html": 1213,
      "/static/css/main.css": 905,
      "/static/js/219.js": 46776,
      "/static/js/main.js": 5247,
      "/static/js/runtime-main.js": 725
    }
  },
  "buildHotBootTime": 1160.678146999795
}
