{
  "devPluginSetupTime": 2013.1909170001745,
  "devPrepareTime": 424.46008299989626,
  "devColdBootTime": 6825.90034199995,
  "devHotBootTime": 6440.96862900001,
  "buildPluginSetupTime": 1422.6553360000253,
  "buildPrepareTime": 378.2304700000677,
  "buildColdBootTime": 25883.97324200021,
  "minifiedBundleSize": {
    "total": 446451,
    "files": {
      "/html/main/index.html": 2660,
      "/static/css/main.css": 2636,
      "/static/js/946.js": 418018,
      "/static/js/main.js": 21484,
      "/static/js/runtime-main.js": 1653
    }
  },
  "gzippedBundleSize": {
    "total": 138529,
    "files": {
      "/html/main/index.html": 1339,
      "/static/css/main.css": 905,
      "/static/js/946.js": 128873,
      "/static/js/main.js": 6560,
      "/static/js/runtime-main.js": 852
    }
  },
  "buildHotBootTime": 7967.544357000152
}
