{
  "devPluginSetupTime": 531.1883416666338,
  "devPrepareTime": 349.4729333332895,
  "devColdBootTime": 8600.896838333303,
  "devHotBootTime": 5442.384011999937,
  "buildPluginSetupTime": 537.1903530000709,
  "buildPrepareTime": 646.3650570000367,
  "buildColdBootTime": 31419.40945799998,
  "minifiedBundleSize": {
    "total": 394720,
    "files": {
      "js": 530,
      "/html/main/index.html": 2641,
      "/static/css/main.css": 2636,
      "/static/js/910.js": 365877,
      "/static/js/main.js": 21402,
      "/static/js/runtime-main.js": 1634
    }
  },
  "gzippedBundleSize": {
    "total": 126132,
    "files": {
      "js": 246,
      "/html/main/index.html": 1343,
      "/static/css/main.css": 905,
      "/static/js/910.js": 115585,
      "/static/js/main.js": 7197,
      "/static/js/runtime-main.js": 856
    }
  },
  "buildHotBootTime": 13580.65583266667,
  "yarnColdInstallTime": 64259.05706100003,
  "yarnHotInstallTime": 1134.2845879998058,
  "yarnDependenciesCount": 1409,
  "yarnInstallSize": 221888560
}
