{
  "devPluginSetupTime": 822.0220539999815,
  "devPrepareTime": 786.6159470000033,
  "devColdBootTime": 8397.821899666704,
  "devHotBootTime": 5811.838745333332,
  "buildPluginSetupTime": 522.9170133333342,
  "buildPrepareTime": 446.0165359999907,
  "buildColdBootTime": 32114.033191333332,
  "minifiedBundleSize": {
    "total": 394752,
    "files": {
      "js": 530,
      "/html/main/index.html": 2649,
      "/static/css/main.css": 2636,
      "/static/js/910.js": 365885,
      "/static/js/main.js": 21410,
      "/static/js/runtime-main.js": 1642
    }
  },
  "gzippedBundleSize": {
    "total": 126145,
    "files": {
      "js": 246,
      "/html/main/index.html": 1346,
      "/static/css/main.css": 905,
      "/static/js/910.js": 115589,
      "/static/js/main.js": 7200,
      "/static/js/runtime-main.js": 859
    }
  },
  "buildHotBootTime": 13180.792663666653,
  "yarnColdInstallTime": 70128.16786000005,
  "yarnHotInstallTime": 1074.5114199999953,
  "yarnDependenciesCount": 1382,
  "yarnInstallSize": 215179452
}
