{
  "devPluginSetupTime": 429.36045899971697,
  "devPrepareTime": 602.9119993334947,
  "devColdBootTime": 13248.070558666406,
  "devHotBootTime": 8761.638101999959,
  "buildPluginSetupTime": 364.24250066683936,
  "buildPrepareTime": 563.4570553335361,
  "buildColdBootTime": 53189.92618500007,
  "minifiedBundleSize": {
    "total": 802068,
    "files": {
      "js": 399486,
      "/html/main/index.html": 2647,
      "/static/css/main.css": 2636,
      "/static/js/869.js": 371899,
      "/static/js/main.js": 23760,
      "/static/js/runtime-main.js": 1640
    }
  },
  "gzippedBundleSize": {
    "total": 244360,
    "files": {
      "js": 115738,
      "/html/main/index.html": 1352,
      "/static/css/main.css": 905,
      "/static/js/869.js": 117609,
      "/static/js/main.js": 7893,
      "/static/js/runtime-main.js": 863
    }
  },
  "buildHotBootTime": 14554.589584333356,
  "yarnColdInstallTime": 95778.87922600005,
  "yarnHotInstallTime": 3126.1781609999016,
  "yarnDependenciesCount": 1327,
  "yarnInstallSize": 206433749
}
