{
  "devPluginSetupTime": 529.9865246666595,
  "devPrepareTime": 371.4921983332994,
  "devColdBootTime": 8629.207671666672,
  "devHotBootTime": 6053.340127666675,
  "buildPluginSetupTime": 585.6982173333332,
  "buildPrepareTime": 355.1810136666366,
  "buildColdBootTime": 33495.98776599998,
  "minifiedBundleSize": {
    "total": 394752,
    "files": {
      "js": 530,
      "/html/main/index.html": 2649,
      "/static/css/main.css": 2636,
      "/static/js/910.js": 365885,
      "/static/js/main.js": 21410,
      "/static/js/runtime-main.js": 1642
    }
  },
  "gzippedBundleSize": {
    "total": 126145,
    "files": {
      "js": 246,
      "/html/main/index.html": 1346,
      "/static/css/main.css": 905,
      "/static/js/910.js": 115589,
      "/static/js/main.js": 7200,
      "/static/js/runtime-main.js": 859
    }
  },
  "buildHotBootTime": 14701.640560666643,
  "yarnColdInstallTime": 96827.133439,
  "yarnHotInstallTime": 1039.1261330000125,
  "yarnDependenciesCount": 1382,
  "yarnInstallSize": 215184660
}
