{
  "devPluginSetupTime": 310.3949323333218,
  "devPrepareTime": 508.1950690000085,
  "devColdBootTime": 21337.691768,
  "devHotBootTime": 6045.622738000025,
  "buildPluginSetupTime": 333.14990333331906,
  "buildPrepareTime": 479.23931300003704,
  "buildColdBootTime": 37669.63158733336,
  "minifiedBundleSize": {
    "total": 401640,
    "files": {
      "/html/main/index.html": 2643,
      "/static/css/main.css": 9994,
      "/static/js/581.js": 365935,
      "/static/js/main.js": 21432,
      "/static/js/runtime-main.js": 1636
    }
  },
  "gzippedBundleSize": {
    "total": 127491,
    "files": {
      "/html/main/index.html": 1341,
      "/static/css/main.css": 2482,
      "/static/js/581.js": 115601,
      "/static/js/main.js": 7213,
      "/static/js/runtime-main.js": 854
    }
  },
  "buildHotBootTime": 15214.404873333327,
  "yarnColdInstallTime": 292314.03280399996,
  "yarnHotInstallTime": 1757.4011729997583,
  "yarnDependenciesCount": 1678,
  "yarnInstallSize": 242603000
}
