{
  "devPluginSetupTime": 303.58714433336473,
  "devPrepareTime": 474.4388113333068,
  "devColdBootTime": 4656.151650666686,
  "devHotBootTime": 3396.3170709999977,
  "buildPluginSetupTime": 295.656074000018,
  "buildPrepareTime": 453.48334566666745,
  "buildColdBootTime": 16046.428295000029,
  "minifiedBundleSize": {
    "total": 166076,
    "files": {
      "/html/main/index.html": 2301,
      "/static/css/main.css": 2636,
      "/static/js/906.js": 144816,
      "/static/js/main.js": 15029,
      "/static/js/runtime-main.js": 1294
    }
  },
  "gzippedBundleSize": {
    "total": 54198,
    "files": {
      "/html/main/index.html": 1213,
      "/static/css/main.css": 905,
      "/static/js/906.js": 46641,
      "/static/js/main.js": 4713,
      "/static/js/runtime-main.js": 726
    }
  },
  "buildHotBootTime": 1295.9150546666933,
  "yarnColdInstallTime": 68230.8848169999,
  "yarnHotInstallTime": 989.0604499999899,
  "yarnDependenciesCount": 1323,
  "yarnInstallSize": 197763703
}
