{
  "devPluginSetupTime": 305.5167899999845,
  "devPrepareTime": 446.934456333324,
  "devColdBootTime": 8059.187217999987,
  "devHotBootTime": 4850.49890133335,
  "buildPluginSetupTime": 301.0708243333502,
  "buildPrepareTime": 435.049824999917,
  "buildColdBootTime": 29804.037623666616,
  "minifiedBundleSize": {
    "total": 394190,
    "files": {
      "/html/main/index.html": 2641,
      "/static/css/main.css": 2636,
      "/static/js/910.js": 365877,
      "/static/js/main.js": 21402,
      "/static/js/runtime-main.js": 1634
    }
  },
  "gzippedBundleSize": {
    "total": 125874,
    "files": {
      "/html/main/index.html": 1340,
      "/static/css/main.css": 905,
      "/static/js/910.js": 115583,
      "/static/js/main.js": 7192,
      "/static/js/runtime-main.js": 854
    }
  },
  "buildHotBootTime": 11364.057729000071,
  "yarnColdInstallTime": 91331.29053700017,
  "yarnHotInstallTime": 1542.6751810000278,
  "yarnDependenciesCount": 1327,
  "yarnInstallSize": 206438957
}
