{
  "devPluginSetupTime": 308.35710733333445,
  "devPrepareTime": 467.8397703333758,
  "devColdBootTime": 18969.675648000033,
  "devHotBootTime": 7543.571045999978,
  "buildPluginSetupTime": 309.9414886666539,
  "buildPrepareTime": 768.673645666684,
  "buildColdBootTime": 37174.312816,
  "minifiedBundleSize": {
    "total": 401640,
    "files": {
      "/html/main/index.html": 2643,
      "/static/css/main.css": 9994,
      "/static/js/581.js": 365935,
      "/static/js/main.js": 21432,
      "/static/js/runtime-main.js": 1636
    }
  },
  "gzippedBundleSize": {
    "total": 127491,
    "files": {
      "/html/main/index.html": 1341,
      "/static/css/main.css": 2482,
      "/static/js/581.js": 115601,
      "/static/js/main.js": 7213,
      "/static/js/runtime-main.js": 854
    }
  },
  "buildHotBootTime": 12081.68952366671,
  "yarnColdInstallTime": 126506.44466100005,
  "yarnHotInstallTime": 1480.8340189999435,
  "yarnDependenciesCount": 1678,
  "yarnInstallSize": 242608208
}
