{
  "devPluginSetupTime": 297.75068299969035,
  "devPrepareTime": 399.02317866683006,
  "devColdBootTime": 6294.874285335342,
  "devHotBootTime": 3973.8207373271384,
  "buildPluginSetupTime": 303.32537800073624,
  "buildPrepareTime": 391.54753667116165,
  "buildColdBootTime": 36220.05968300005,
  "minifiedBundleSize": {
    "total": 803350,
    "files": {
      "js": 399486,
      "/html/main/index.html": 3929,
      "/static/css/main.css": 2636,
      "/static/js/869.js": 371899,
      "/static/js/main.js": 23760,
      "/static/js/runtime-main.js": 1640
    }
  },
  "gzippedBundleSize": {
    "total": 244875,
    "files": {
      "js": 115738,
      "/html/main/index.html": 1867,
      "/static/css/main.css": 905,
      "/static/js/869.js": 117609,
      "/static/js/main.js": 7893,
      "/static/js/runtime-main.js": 863
    }
  },
  "buildHotBootTime": 9064.510969330868,
  "yarnColdInstallTime": 116133.81988599896,
  "yarnHotInstallTime": 2040.1472579985857,
  "yarnDependenciesCount": 1350,
  "yarnInstallSize": 207354166
}
