{
  "devPluginSetupTime": 553.0396033332994,
  "devPrepareTime": 362.4980233333772,
  "devColdBootTime": 8775.360100333346,
  "devHotBootTime": 5456.025320666687,
  "buildPluginSetupTime": 505.0178886666351,
  "buildPrepareTime": 371.4704983333747,
  "buildColdBootTime": 30252.137894999974,
  "minifiedBundleSize": {
    "total": 394720,
    "files": {
      "js": 530,
      "/html/main/index.html": 2641,
      "/static/css/main.css": 2636,
      "/static/js/910.js": 365877,
      "/static/js/main.js": 21402,
      "/static/js/runtime-main.js": 1634
    }
  },
  "gzippedBundleSize": {
    "total": 126132,
    "files": {
      "js": 246,
      "/html/main/index.html": 1343,
      "/static/css/main.css": 905,
      "/static/js/910.js": 115585,
      "/static/js/main.js": 7197,
      "/static/js/runtime-main.js": 856
    }
  },
  "buildHotBootTime": 12209.079378000033,
  "yarnColdInstallTime": 82749.04890000005,
  "yarnHotInstallTime": 1066.1389019999187,
  "yarnDependenciesCount": 1409,
  "yarnInstallSize": 221894008
}
