{
  "devPluginSetupTime": 317.4972343333454,
  "devPrepareTime": 465.9333583333452,
  "devColdBootTime": 4926.442099333352,
  "devHotBootTime": 3489.2673196666874,
  "buildPluginSetupTime": 309.2298996666602,
  "buildPrepareTime": 440.8866350000414,
  "buildColdBootTime": 16354.867723999972,
  "minifiedBundleSize": {
    "total": 166076,
    "files": {
      "/html/main/index.html": 2301,
      "/static/css/main.css": 2636,
      "/static/js/906.js": 144816,
      "/static/js/main.js": 15029,
      "/static/js/runtime-main.js": 1294
    }
  },
  "gzippedBundleSize": {
    "total": 54198,
    "files": {
      "/html/main/index.html": 1213,
      "/static/css/main.css": 905,
      "/static/js/906.js": 46641,
      "/static/js/main.js": 4713,
      "/static/js/runtime-main.js": 726
    }
  },
  "buildHotBootTime": 1393.7305720000295,
  "yarnColdInstallTime": 81996.40469500003,
  "yarnHotInstallTime": 995.3898969998118,
  "yarnDependenciesCount": 1323,
  "yarnInstallSize": 197768911
}
