{
  "devPluginSetupTime": 1453.827890000015,
  "devPrepareTime": 706.0715306666485,
  "devColdBootTime": 12116.978804000013,
  "devHotBootTime": 7587.661817000015,
  "buildPluginSetupTime": 404.37946966666885,
  "buildPrepareTime": 508.3566936667,
  "buildColdBootTime": 51708.059606,
  "minifiedBundleSize": {
    "total": 802068,
    "files": {
      "js": 399486,
      "/html/main/index.html": 2647,
      "/static/css/main.css": 2636,
      "/static/js/869.js": 371899,
      "/static/js/main.js": 23760,
      "/static/js/runtime-main.js": 1640
    }
  },
  "gzippedBundleSize": {
    "total": 244360,
    "files": {
      "js": 115738,
      "/html/main/index.html": 1352,
      "/static/css/main.css": 905,
      "/static/js/869.js": 117609,
      "/static/js/main.js": 7893,
      "/static/js/runtime-main.js": 863
    }
  },
  "buildHotBootTime": 13066.173702666614,
  "yarnColdInstallTime": 95993.55857100012,
  "yarnHotInstallTime": 1077.093171000015,
  "yarnDependenciesCount": 1327,
  "yarnInstallSize": 206438957
}
