{
  "devPluginSetupTime": 525.745867999969,
  "devPrepareTime": 397.571570000068,
  "devColdBootTime": 8662.745777999982,
  "devHotBootTime": 5385.403261333316,
  "buildPluginSetupTime": 537.2631426667795,
  "buildPrepareTime": 345.51348033337854,
  "buildColdBootTime": 31574.20427633333,
  "minifiedBundleSize": {
    "total": 394752,
    "files": {
      "js": 530,
      "/html/main/index.html": 2649,
      "/static/css/main.css": 2636,
      "/static/js/910.js": 365885,
      "/static/js/main.js": 21410,
      "/static/js/runtime-main.js": 1642
    }
  },
  "gzippedBundleSize": {
    "total": 126145,
    "files": {
      "js": 246,
      "/html/main/index.html": 1346,
      "/static/css/main.css": 905,
      "/static/js/910.js": 115589,
      "/static/js/main.js": 7200,
      "/static/js/runtime-main.js": 859
    }
  },
  "buildHotBootTime": 13670.591965999998,
  "yarnColdInstallTime": 245420.51202400005,
  "yarnHotInstallTime": 1873.0770209999755,
  "yarnDependenciesCount": 1382,
  "yarnInstallSize": 215179212
}
