{
  "devPluginSetupTime": 493.19360600000556,
  "devPrepareTime": 779.3444036666575,
  "devColdBootTime": 8628.687053333308,
  "devHotBootTime": 5883.460903666681,
  "buildPluginSetupTime": 530.4128623333527,
  "buildPrepareTime": 367.9591229999981,
  "buildColdBootTime": 34611.182797666675,
  "minifiedBundleSize": {
    "total": 394720,
    "files": {
      "js": 530,
      "/html/main/index.html": 2641,
      "/static/css/main.css": 2636,
      "/static/js/910.js": 365877,
      "/static/js/main.js": 21402,
      "/static/js/runtime-main.js": 1634
    }
  },
  "gzippedBundleSize": {
    "total": 126132,
    "files": {
      "js": 246,
      "/html/main/index.html": 1343,
      "/static/css/main.css": 905,
      "/static/js/910.js": 115585,
      "/static/js/main.js": 7197,
      "/static/js/runtime-main.js": 856
    }
  },
  "buildHotBootTime": 13261.018341333294,
  "yarnColdInstallTime": 105640.19681900006,
  "yarnHotInstallTime": 1105.3075229999376,
  "yarnDependenciesCount": 1409,
  "yarnInstallSize": 221888800
}
