{
  "devPluginSetupTime": 328.79087433333433,
  "devPrepareTime": 535.3623916666644,
  "devColdBootTime": 7685.426092333316,
  "devHotBootTime": 4727.979330999951,
  "buildPluginSetupTime": 319.4354929999681,
  "buildPrepareTime": 594.8608236666769,
  "buildColdBootTime": 49564.76386466669,
  "minifiedBundleSize": {
    "total": 803350,
    "files": {
      "js": 399486,
      "/html/main/index.html": 3929,
      "/static/css/main.css": 2636,
      "/static/js/869.js": 371899,
      "/static/js/main.js": 23760,
      "/static/js/runtime-main.js": 1640
    }
  },
  "gzippedBundleSize": {
    "total": 244875,
    "files": {
      "js": 115738,
      "/html/main/index.html": 1867,
      "/static/css/main.css": 905,
      "/static/js/869.js": 117609,
      "/static/js/main.js": 7893,
      "/static/js/runtime-main.js": 863
    }
  },
  "buildHotBootTime": 12541.33776866664,
  "yarnColdInstallTime": 80137.3306300001,
  "yarnHotInstallTime": 1516.0978339998983,
  "yarnDependenciesCount": 1350,
  "yarnInstallSize": 207348958
}
