{
  "devPluginSetupTime": 307.4431840000131,
  "devPrepareTime": 659.2504756666798,
  "devColdBootTime": 7536.799597000005,
  "devHotBootTime": 4578.785099999998,
  "buildPluginSetupTime": 322.47972066665534,
  "buildPrepareTime": 551.2854356666406,
  "buildColdBootTime": 28274.464642999967,
  "minifiedBundleSize": {
    "total": 394190,
    "files": {
      "/html/main/index.html": 2641,
      "/static/css/main.css": 2636,
      "/static/js/910.js": 365877,
      "/static/js/main.js": 21402,
      "/static/js/runtime-main.js": 1634
    }
  },
  "gzippedBundleSize": {
    "total": 125874,
    "files": {
      "/html/main/index.html": 1340,
      "/static/css/main.css": 905,
      "/static/js/910.js": 115583,
      "/static/js/main.js": 7192,
      "/static/js/runtime-main.js": 854
    }
  },
  "buildHotBootTime": 10713.604249333343,
  "yarnColdInstallTime": 70896.34594999999,
  "yarnHotInstallTime": 1611.6418210000265,
  "yarnDependenciesCount": 1327,
  "yarnInstallSize": 206433749
}
