{
  "devPluginSetupTime": 350.32001766667236,
  "devPrepareTime": 718.8684886666597,
  "devColdBootTime": 15809.687632666648,
  "devHotBootTime": 5156.0511816667085,
  "buildPluginSetupTime": 337.0338543333346,
  "buildPrepareTime": 446.73246500000823,
  "buildColdBootTime": 38077.181490999996,
  "minifiedBundleSize": {
    "total": 401640,
    "files": {
      "/html/main/index.html": 2643,
      "/static/css/main.css": 9994,
      "/static/js/581.js": 365935,
      "/static/js/main.js": 21432,
      "/static/js/runtime-main.js": 1636
    }
  },
  "gzippedBundleSize": {
    "total": 127491,
    "files": {
      "/html/main/index.html": 1341,
      "/static/css/main.css": 2482,
      "/static/js/581.js": 115601,
      "/static/js/main.js": 7213,
      "/static/js/runtime-main.js": 854
    }
  },
  "buildHotBootTime": 11810.73748166669,
  "yarnColdInstallTime": 109485.878348,
  "yarnHotInstallTime": 1349.6906350001227,
  "yarnDependenciesCount": 1678,
  "yarnInstallSize": 242605345
}
