{
  "devPluginSetupTime": 581.2480766665345,
  "devPrepareTime": 391.83180966662866,
  "devColdBootTime": 8217.436281666704,
  "devHotBootTime": 5201.344322000009,
  "buildPluginSetupTime": 530.6055969999483,
  "buildPrepareTime": 359.29398500003543,
  "buildColdBootTime": 24782.876998666674,
  "minifiedBundleSize": {
    "total": 394720,
    "files": {
      "js": 530,
      "/html/main/index.html": 2641,
      "/static/css/main.css": 2636,
      "/static/js/910.js": 365877,
      "/static/js/main.js": 21402,
      "/static/js/runtime-main.js": 1634
    }
  },
  "gzippedBundleSize": {
    "total": 126132,
    "files": {
      "js": 246,
      "/html/main/index.html": 1343,
      "/static/css/main.css": 905,
      "/static/js/910.js": 115585,
      "/static/js/main.js": 7197,
      "/static/js/runtime-main.js": 856
    }
  },
  "buildHotBootTime": 11153.701982999997,
  "yarnColdInstallTime": 109612.34446300007,
  "yarnHotInstallTime": 1168.073192000389,
  "yarnDependenciesCount": 1409,
  "yarnInstallSize": 221891145
}
