{
  "devPluginSetupTime": 289.0627396667066,
  "devPrepareTime": 431.7668939999615,
  "devColdBootTime": 6846.239137000094,
  "devHotBootTime": 4187.116126333363,
  "buildPluginSetupTime": 274.49481799996767,
  "buildPrepareTime": 406.53486533323303,
  "buildColdBootTime": 21335.852852333494,
  "minifiedBundleSize": {
    "total": 394190,
    "files": {
      "/html/main/index.html": 2641,
      "/static/css/main.css": 2636,
      "/static/js/910.js": 365877,
      "/static/js/main.js": 21402,
      "/static/js/runtime-main.js": 1634
    }
  },
  "gzippedBundleSize": {
    "total": 125874,
    "files": {
      "/html/main/index.html": 1340,
      "/static/css/main.css": 905,
      "/static/js/910.js": 115583,
      "/static/js/main.js": 7192,
      "/static/js/runtime-main.js": 854
    }
  },
  "buildHotBootTime": 8035.546759333151,
  "yarnColdInstallTime": 78810.70898200013,
  "yarnHotInstallTime": 2021.1362200002186,
  "yarnDependenciesCount": 1327,
  "yarnInstallSize": 206436094
}
