{
  "devPluginSetupTime": 289.8134169999782,
  "devPrepareTime": 639.999300333322,
  "devColdBootTime": 7827.2752949999995,
  "devHotBootTime": 4783.759489333354,
  "buildPluginSetupTime": 321.67196800000966,
  "buildPrepareTime": 629.1521850000136,
  "buildColdBootTime": 31106.65581966669,
  "minifiedBundleSize": {
    "total": 394190,
    "files": {
      "/html/main/index.html": 2641,
      "/static/css/main.css": 2636,
      "/static/js/910.js": 365877,
      "/static/js/main.js": 21402,
      "/static/js/runtime-main.js": 1634
    }
  },
  "gzippedBundleSize": {
    "total": 125874,
    "files": {
      "/html/main/index.html": 1340,
      "/static/css/main.css": 905,
      "/static/js/910.js": 115583,
      "/static/js/main.js": 7192,
      "/static/js/runtime-main.js": 854
    }
  },
  "buildHotBootTime": 10785.559863333357,
  "yarnColdInstallTime": 95650.38730199996,
  "yarnHotInstallTime": 1221.3408599999966,
  "yarnDependenciesCount": 1318,
  "yarnInstallSize": 207414540
}
