{
  "devPluginSetupTime": 257.14101766670746,
  "devPrepareTime": 387.76153566657257,
  "devColdBootTime": 3714.1154320000983,
  "devHotBootTime": 2747.908631999977,
  "buildPluginSetupTime": 257.81684566661716,
  "buildPrepareTime": 386.1583193335682,
  "buildColdBootTime": 12412.155490666317,
  "minifiedBundleSize": {
    "total": 166076,
    "files": {
      "/html/main/index.html": 2301,
      "/static/css/main.css": 2636,
      "/static/js/906.js": 144816,
      "/static/js/main.js": 15029,
      "/static/js/runtime-main.js": 1294
    }
  },
  "gzippedBundleSize": {
    "total": 54198,
    "files": {
      "/html/main/index.html": 1213,
      "/static/css/main.css": 905,
      "/static/js/906.js": 46641,
      "/static/js/main.js": 4713,
      "/static/js/runtime-main.js": 726
    }
  },
  "buildHotBootTime": 1075.44740133329,
  "yarnColdInstallTime": 71577.42996399943,
  "yarnHotInstallTime": 2037.97984000016,
  "yarnDependenciesCount": 1314,
  "yarnInstallSize": 198624295
}
