{
  "devPluginSetupTime": 833.7496416666739,
  "devPrepareTime": 740.1697389999948,
  "devColdBootTime": 8825.918609333361,
  "devHotBootTime": 5945.181753333328,
  "buildPluginSetupTime": 517.7331239999427,
  "buildPrepareTime": 481.73978999998263,
  "buildColdBootTime": 31724.911117333297,
  "minifiedBundleSize": {
    "total": 394720,
    "files": {
      "js": 530,
      "/html/main/index.html": 2641,
      "/static/css/main.css": 2636,
      "/static/js/910.js": 365877,
      "/static/js/main.js": 21402,
      "/static/js/runtime-main.js": 1634
    }
  },
  "gzippedBundleSize": {
    "total": 126132,
    "files": {
      "js": 246,
      "/html/main/index.html": 1343,
      "/static/css/main.css": 905,
      "/static/js/910.js": 115585,
      "/static/js/main.js": 7197,
      "/static/js/runtime-main.js": 856
    }
  },
  "buildHotBootTime": 13910.077150666699,
  "yarnColdInstallTime": 86112.39777200005,
  "yarnHotInstallTime": 1193.020431999932,
  "yarnDependenciesCount": 1400,
  "yarnInstallSize": 223104425
}
