{
  "yarnColdInstallTime": 131000.01184699999,
  "yarnHotInstallTime": 2391.102184999967,
  "yarnDependenciesCount": 1879,
  "yarnInstallSize": 342385260
}
