{
  "yarnColdInstallTime": 93136.02454800007,
  "yarnHotInstallTime": 1145.7143669999205,
  "yarnDependenciesCount": 1503,
  "yarnInstallSize": 215186126
}
