{
  "yarnColdInstallTime": 83326.667422,
  "yarnHotInstallTime": 1034.4974149999907,
  "yarnDependenciesCount": 1507,
  "yarnInstallSize": 228837907
}
