{
  "yarnColdInstallTime": 85953.861118,
  "yarnHotInstallTime": 2428.781679999898,
  "yarnDependenciesCount": 1507,
  "yarnInstallSize": 228837907
}
