{
  "yarnColdInstallTime": 100545.842839,
  "yarnHotInstallTime": 2054.1536869999836,
  "yarnDependenciesCount": 1880,
  "yarnInstallSize": 342411524
}
