{
  "devPluginSetupTime": 1400.1437706666377,
  "devPrepareTime": 368.33026633330155,
  "devColdBootTime": 4261.599166999959,
  "devHotBootTime": 3128.7935429999684,
  "buildPluginSetupTime": 1393.2467473333625,
  "buildPrepareTime": 359.1999446666644,
  "buildColdBootTime": 16984.978121666663,
  "minifiedBundleSize": {
    "total": 170175,
    "files": {
      "/html/main/index.html": 2317,
      "/static/css/main.css": 2636,
      "/static/js/324.js": 146365,
      "/static/js/main.js": 17547,
      "/static/js/runtime-main.js": 1310
    }
  },
  "gzippedBundleSize": {
    "total": 55013,
    "files": {
      "/html/main/index.html": 1214,
      "/static/css/main.css": 905,
      "/static/js/324.js": 46922,
      "/static/js/main.js": 5247,
      "/static/js/runtime-main.js": 725
    }
  },
  "buildHotBootTime": 1225.0125103333266
}
