{
  "devPluginSetupTime": 1523.6249766666442,
  "devPrepareTime": 406.4532473333141,
  "devColdBootTime": 9573.90300833333,
  "devHotBootTime": 5680.668320333294,
  "buildPluginSetupTime": 1591.7503003333306,
  "buildPrepareTime": 383.05695999995805,
  "buildColdBootTime": 46325.232535333336,
  "minifiedBundleSize": {
    "total": 869435,
    "files": {
      "js": 408676,
      "/html/main/index.html": 2666,
      "/static/css/main.css": 2636,
      "/static/js/247.js": 430203,
      "/static/js/main.js": 23595,
      "/static/js/runtime-main.js": 1659
    }
  },
  "gzippedBundleSize": {
    "total": 259736,
    "files": {
      "js": 116461,
      "/html/main/index.html": 1349,
      "/static/css/main.css": 905,
      "/static/js/247.js": 132997,
      "/static/js/main.js": 7163,
      "/static/js/runtime-main.js": 861
    }
  },
  "buildHotBootTime": 19353.165009999997,
  "yarnColdInstallTime": 71709.487521,
  "yarnHotInstallTime": 1721.2020469999989,
  "yarnDependenciesCount": 1498,
  "yarnInstallSize": 227354349
}
