{
  "devPluginSetupTime": 1432.7259253333712,
  "devPrepareTime": 367.9899983332725,
  "devColdBootTime": 4501.247119999995,
  "devHotBootTime": 3411.2693649999565,
  "buildPluginSetupTime": 3243.7739089999814,
  "buildPrepareTime": 696.6245086667283,
  "buildColdBootTime": 22421.201639666648,
  "minifiedBundleSize": {
    "total": 169570,
    "files": {
      "/html/main/index.html": 2317,
      "/static/css/main.css": 2636,
      "/static/js/219.js": 145744,
      "/static/js/main.js": 17563,
      "/static/js/runtime-main.js": 1310
    }
  },
  "gzippedBundleSize": {
    "total": 54860,
    "files": {
      "/html/main/index.html": 1212,
      "/static/css/main.css": 905,
      "/static/js/219.js": 46776,
      "/static/js/main.js": 5242,
      "/static/js/runtime-main.js": 725
    }
  },
  "buildHotBootTime": 1597.874732333313,
  "yarnColdInstallTime": 149002.28388400003,
  "yarnHotInstallTime": 3165.957861999981,
  "yarnDependenciesCount": 1509,
  "yarnInstallSize": 213420970
}
