{
  "devPluginSetupTime": 1601.312399333304,
  "devPrepareTime": 407.1214586666708,
  "devColdBootTime": 7865.342677999986,
  "devHotBootTime": 5334.96933333339,
  "buildPluginSetupTime": 2840.175917999974,
  "buildPrepareTime": 644.7755236666804,
  "buildColdBootTime": 34658.90207166671,
  "minifiedBundleSize": {
    "total": 446304,
    "files": {
      "/html/main/index.html": 2660,
      "/static/css/main.css": 2636,
      "/static/js/502.js": 417860,
      "/static/js/main.js": 21495,
      "/static/js/runtime-main.js": 1653
    }
  },
  "gzippedBundleSize": {
    "total": 138595,
    "files": {
      "/html/main/index.html": 1339,
      "/static/css/main.css": 905,
      "/static/js/502.js": 128941,
      "/static/js/main.js": 6558,
      "/static/js/runtime-main.js": 852
    }
  },
  "buildHotBootTime": 12295.88501966667,
  "yarnColdInstallTime": 107725.16786699998,
  "yarnHotInstallTime": 2472.0414660000242,
  "yarnDependenciesCount": 1513,
  "yarnInstallSize": 227200368
}
