{
  "devPluginSetupTime": 1467.4495309999522,
  "devPrepareTime": 361.06639633339364,
  "devColdBootTime": 8383.335935666692,
  "devHotBootTime": 5241.34146533336,
  "buildPluginSetupTime": 1551.515429999951,
  "buildPrepareTime": 350.84957766668714,
  "buildColdBootTime": 47443.02307433336,
  "minifiedBundleSize": {
    "total": 857781,
    "files": {
      "js": 402974,
      "/html/main/index.html": 2666,
      "/static/css/main.css": 2636,
      "/static/js/490.js": 424236,
      "/static/js/main.js": 23610,
      "/static/js/runtime-main.js": 1659
    }
  },
  "gzippedBundleSize": {
    "total": 256679,
    "files": {
      "js": 115362,
      "/html/main/index.html": 1350,
      "/static/css/main.css": 905,
      "/static/js/490.js": 131039,
      "/static/js/main.js": 7162,
      "/static/js/runtime-main.js": 861
    }
  },
  "buildHotBootTime": 18118.431626333233,
  "yarnColdInstallTime": 67232.932462,
  "yarnHotInstallTime": 1133.3336870000057,
  "yarnDependenciesCount": 1508,
  "yarnInstallSize": 228835708
}
