{
  "devPluginSetupTime": 1431.2443043333478,
  "devPrepareTime": 370.9367153332957,
  "devColdBootTime": 4285.312309333317,
  "devHotBootTime": 3110.645056333354,
  "buildPluginSetupTime": 1376.2915520000195,
  "buildPrepareTime": 354.25130233335466,
  "buildColdBootTime": 16825.743004000007,
  "minifiedBundleSize": {
    "total": 169570,
    "files": {
      "/html/main/index.html": 2317,
      "/static/css/main.css": 2636,
      "/static/js/219.js": 145744,
      "/static/js/main.js": 17563,
      "/static/js/runtime-main.js": 1310
    }
  },
  "gzippedBundleSize": {
    "total": 54860,
    "files": {
      "/html/main/index.html": 1212,
      "/static/css/main.css": 905,
      "/static/js/219.js": 46776,
      "/static/js/main.js": 5242,
      "/static/js/runtime-main.js": 725
    }
  },
  "buildHotBootTime": 1138.0044936666575,
  "yarnColdInstallTime": 82737.984747,
  "yarnHotInstallTime": 1541.7166140000045,
  "yarnDependenciesCount": 1504,
  "yarnInstallSize": 215183927
}
