{
  "devPluginSetupTime": 1781.7024403333198,
  "devPrepareTime": 420.77222633338533,
  "devColdBootTime": 9947.060694666658,
  "devHotBootTime": 5927.273974666605,
  "buildPluginSetupTime": 1683.5032140000258,
  "buildPrepareTime": 485.424660333277,
  "buildColdBootTime": 63927.46207766662,
  "minifiedBundleSize": {
    "total": 857781,
    "files": {
      "js": 402974,
      "/html/main/index.html": 2666,
      "/static/css/main.css": 2636,
      "/static/js/490.js": 424236,
      "/static/js/main.js": 23610,
      "/static/js/runtime-main.js": 1659
    }
  },
  "gzippedBundleSize": {
    "total": 256679,
    "files": {
      "js": 115362,
      "/html/main/index.html": 1350,
      "/static/css/main.css": 905,
      "/static/js/490.js": 131039,
      "/static/js/main.js": 7162,
      "/static/js/runtime-main.js": 861
    }
  },
  "buildHotBootTime": 26479.29089266667,
  "yarnColdInstallTime": 95552.85570399999,
  "yarnHotInstallTime": 1095.219545,
  "yarnDependenciesCount": 1513,
  "yarnInstallSize": 227200368
}
