{
  "devPluginSetupTime": 2416.5807700000005,
  "devPrepareTime": 467.7288000000408,
  "devColdBootTime": 11418.286189000006,
  "devHotBootTime": 12016.407452000072,
  "buildPluginSetupTime": 1628.3092569999862,
  "buildPrepareTime": 421.41860400000587,
  "buildColdBootTime": 45961.4740840001,
  "minifiedBundleSize": {
    "total": 864786,
    "files": {
      "js": 409917,
      "/html/main/index.html": 2666,
      "/static/css/main.css": 2636,
      "/static/js/714.js": 424312,
      "/static/js/main.js": 23596,
      "/static/js/runtime-main.js": 1659
    }
  },
  "gzippedBundleSize": {
    "total": 257741,
    "files": {
      "js": 116466,
      "/html/main/index.html": 1347,
      "/static/css/main.css": 905,
      "/static/js/714.js": 130997,
      "/static/js/main.js": 7165,
      "/static/js/runtime-main.js": 861
    }
  },
  "buildHotBootTime": 9101.595162000041
}
