{
  "devPluginSetupTime": 1961.2334210001864,
  "devPrepareTime": 395.4254509997554,
  "devColdBootTime": 4431.61907499982,
  "devHotBootTime": 3879.8396399999037,
  "buildPluginSetupTime": 1269.706009999849,
  "buildPrepareTime": 324.85367099987343,
  "buildColdBootTime": 15192.927879999857,
  "minifiedBundleSize": {
    "total": 169556,
    "files": {
      "/html/main/index.html": 2317,
      "/static/css/main.css": 2636,
      "/static/js/219.js": 145744,
      "/static/js/main.js": 17549,
      "/static/js/runtime-main.js": 1310
    }
  },
  "gzippedBundleSize": {
    "total": 54866,
    "files": {
      "/html/main/index.html": 1213,
      "/static/css/main.css": 905,
      "/static/js/219.js": 46776,
      "/static/js/main.js": 5247,
      "/static/js/runtime-main.js": 725
    }
  },
  "buildHotBootTime": 1056.743759999983
}
