{
  "devPluginSetupTime": 2251.7839209999656,
  "devPrepareTime": 441.45026199996937,
  "devColdBootTime": 5753.884771000012,
  "devHotBootTime": 5168.2217200000305,
  "buildPluginSetupTime": 1553.881839999929,
  "buildPrepareTime": 397.24608299997635,
  "buildColdBootTime": 19627.838425999973,
  "minifiedBundleSize": {
    "total": 169556,
    "files": {
      "/html/main/index.html": 2317,
      "/static/css/main.css": 2636,
      "/static/js/219.js": 145744,
      "/static/js/main.js": 17549,
      "/static/js/runtime-main.js": 1310
    }
  },
  "gzippedBundleSize": {
    "total": 54866,
    "files": {
      "/html/main/index.html": 1213,
      "/static/css/main.css": 905,
      "/static/js/219.js": 46776,
      "/static/js/main.js": 5247,
      "/static/js/runtime-main.js": 725
    }
  },
  "buildHotBootTime": 1213.1136679999763
}
