{
  "devPluginSetupTime": 24362.552083000017,
  "devPrepareTime": 1959.518200999999,
  "devColdBootTime": 29692.527212999994,
  "devHotBootTime": 12420.278563000029,
  "buildPluginSetupTime": 3464.143299999996,
  "buildPrepareTime": 708.3241119999439,
  "buildColdBootTime": 48701.021987000015,
  "minifiedBundleSize": {
    "total": 446388,
    "files": {
      "/html/main/index.html": 2660,
      "/static/css/main.css": 2636,
      "/static/js/985.js": 417956,
      "/static/js/main.js": 21483,
      "/static/js/runtime-main.js": 1653
    }
  },
  "gzippedBundleSize": {
    "total": 138500,
    "files": {
      "/html/main/index.html": 1340,
      "/static/css/main.css": 905,
      "/static/js/985.js": 128842,
      "/static/js/main.js": 6561,
      "/static/js/runtime-main.js": 852
    }
  },
  "buildHotBootTime": 10282.463121999986
}
