{
  "devPluginSetupTime": 2099.6562200000044,
  "devPrepareTime": 500.16355399996974,
  "devColdBootTime": 6271.183680999966,
  "devHotBootTime": 5555.465270999994,
  "buildPluginSetupTime": 1543.9698780000326,
  "buildPrepareTime": 353.7262799999444,
  "buildColdBootTime": 19334.83744600002,
  "minifiedBundleSize": {
    "total": 169556,
    "files": {
      "/html/main/index.html": 2317,
      "/static/css/main.css": 2636,
      "/static/js/219.js": 145744,
      "/static/js/main.js": 17549,
      "/static/js/runtime-main.js": 1310
    }
  },
  "gzippedBundleSize": {
    "total": 54866,
    "files": {
      "/html/main/index.html": 1213,
      "/static/css/main.css": 905,
      "/static/js/219.js": 46776,
      "/static/js/main.js": 5247,
      "/static/js/runtime-main.js": 725
    }
  },
  "buildHotBootTime": 1128.2795670000487
}
