{
  "devPluginSetupTime": 2278.597959000035,
  "devPrepareTime": 437.53458899992984,
  "devColdBootTime": 9010.858567999909,
  "devHotBootTime": 7148.716812999919,
  "buildPluginSetupTime": 1506.345915999962,
  "buildPrepareTime": 363.3225000000093,
  "buildColdBootTime": 27021.51643800002,
  "minifiedBundleSize": {
    "total": 446388,
    "files": {
      "/html/main/index.html": 2660,
      "/static/css/main.css": 2636,
      "/static/js/985.js": 417956,
      "/static/js/main.js": 21483,
      "/static/js/runtime-main.js": 1653
    }
  },
  "gzippedBundleSize": {
    "total": 138500,
    "files": {
      "/html/main/index.html": 1340,
      "/static/css/main.css": 905,
      "/static/js/985.js": 128842,
      "/static/js/main.js": 6561,
      "/static/js/runtime-main.js": 852
    }
  },
  "buildHotBootTime": 8274.477104000049
}
