{
  "devPluginSetupTime": 1962.5597839998081,
  "devPrepareTime": 421.63494000025094,
  "devColdBootTime": 4753.223313000053,
  "devHotBootTime": 4051.310999999754,
  "buildPluginSetupTime": 1371.073653000407,
  "buildPrepareTime": 346.7588299997151,
  "buildColdBootTime": 16546.8222500002,
  "minifiedBundleSize": {
    "total": 169556,
    "files": {
      "/html/main/index.html": 2317,
      "/static/css/main.css": 2636,
      "/static/js/219.js": 145744,
      "/static/js/main.js": 17549,
      "/static/js/runtime-main.js": 1310
    }
  },
  "gzippedBundleSize": {
    "total": 54866,
    "files": {
      "/html/main/index.html": 1213,
      "/static/css/main.css": 905,
      "/static/js/219.js": 46776,
      "/static/js/main.js": 5247,
      "/static/js/runtime-main.js": 725
    }
  },
  "buildHotBootTime": 1137.6572030000389
}
