{
  "devPluginSetupTime": 2037.9193419999792,
  "devPrepareTime": 429.39520900003845,
  "devColdBootTime": 7610.836287999991,
  "devHotBootTime": 6531.287966999982,
  "buildPluginSetupTime": 1373.9181119999848,
  "buildPrepareTime": 344.48456399998395,
  "buildColdBootTime": 25882.895369999984,
  "minifiedBundleSize": {
    "total": 446388,
    "files": {
      "/html/main/index.html": 2660,
      "/static/css/main.css": 2636,
      "/static/js/985.js": 417956,
      "/static/js/main.js": 21483,
      "/static/js/runtime-main.js": 1653
    }
  },
  "gzippedBundleSize": {
    "total": 138500,
    "files": {
      "/html/main/index.html": 1340,
      "/static/css/main.css": 905,
      "/static/js/985.js": 128842,
      "/static/js/main.js": 6561,
      "/static/js/runtime-main.js": 852
    }
  },
  "buildHotBootTime": 8276.427015999972
}
