{
  "devPluginSetupTime": 2022.707817000046,
  "devPrepareTime": 409.30070300004445,
  "devColdBootTime": 4588.402439999976,
  "devHotBootTime": 4306.47843300004,
  "buildPluginSetupTime": 1378.9207099999767,
  "buildPrepareTime": 345.5297099999734,
  "buildColdBootTime": 17156.243750000023,
  "minifiedBundleSize": {
    "total": 169556,
    "files": {
      "/html/main/index.html": 2317,
      "/static/css/main.css": 2636,
      "/static/js/219.js": 145744,
      "/static/js/main.js": 17549,
      "/static/js/runtime-main.js": 1310
    }
  },
  "gzippedBundleSize": {
    "total": 54866,
    "files": {
      "/html/main/index.html": 1213,
      "/static/css/main.css": 905,
      "/static/js/219.js": 46776,
      "/static/js/main.js": 5247,
      "/static/js/runtime-main.js": 725
    }
  },
  "buildHotBootTime": 1150.104784999974
}
