{
  "devPluginSetupTime": 1949.6121839997359,
  "devPrepareTime": 454.2036270000972,
  "devColdBootTime": 7110.088965000119,
  "devHotBootTime": 6256.549420000054,
  "buildPluginSetupTime": 1388.1507909996435,
  "buildPrepareTime": 329.57915299991146,
  "buildColdBootTime": 24603.336124999914,
  "minifiedBundleSize": {
    "total": 446388,
    "files": {
      "/html/main/index.html": 2660,
      "/static/css/main.css": 2636,
      "/static/js/985.js": 417956,
      "/static/js/main.js": 21483,
      "/static/js/runtime-main.js": 1653
    }
  },
  "gzippedBundleSize": {
    "total": 138500,
    "files": {
      "/html/main/index.html": 1340,
      "/static/css/main.css": 905,
      "/static/js/985.js": 128842,
      "/static/js/main.js": 6561,
      "/static/js/runtime-main.js": 852
    }
  },
  "buildHotBootTime": 7416.6450920002535
}
