{
  "devPluginSetupTime": 1907.0407710000873,
  "devPrepareTime": 402.4994810000062,
  "devColdBootTime": 4476.015645000152,
  "devHotBootTime": 3878.363814999815,
  "buildPluginSetupTime": 1309.101524000056,
  "buildPrepareTime": 341.5059159998782,
  "buildColdBootTime": 15605.909147999715,
  "minifiedBundleSize": {
    "total": 169556,
    "files": {
      "/html/main/index.html": 2317,
      "/static/css/main.css": 2636,
      "/static/js/219.js": 145744,
      "/static/js/main.js": 17549,
      "/static/js/runtime-main.js": 1310
    }
  },
  "gzippedBundleSize": {
    "total": 54866,
    "files": {
      "/html/main/index.html": 1213,
      "/static/css/main.css": 905,
      "/static/js/219.js": 46776,
      "/static/js/main.js": 5247,
      "/static/js/runtime-main.js": 725
    }
  },
  "buildHotBootTime": 1150.1424879999831
}
