{
  "devPluginSetupTime": 2113.1225440000417,
  "devPrepareTime": 522.7676350000547,
  "devColdBootTime": 5958.940105000045,
  "devHotBootTime": 5005.582531000022,
  "buildPluginSetupTime": 1496.1598480000393,
  "buildPrepareTime": 351.1321809999645,
  "buildColdBootTime": 19684.429189000046,
  "minifiedBundleSize": {
    "total": 169556,
    "files": {
      "/html/main/index.html": 2317,
      "/static/css/main.css": 2636,
      "/static/js/219.js": 145744,
      "/static/js/main.js": 17549,
      "/static/js/runtime-main.js": 1310
    }
  },
  "gzippedBundleSize": {
    "total": 54866,
    "files": {
      "/html/main/index.html": 1213,
      "/static/css/main.css": 905,
      "/static/js/219.js": 46776,
      "/static/js/main.js": 5247,
      "/static/js/runtime-main.js": 725
    }
  },
  "buildHotBootTime": 1205.3952050000662
}
