{
  "devPluginSetupTime": 1899.966863000067,
  "devPrepareTime": 408.07147499988787,
  "devColdBootTime": 4751.3896550000645,
  "devHotBootTime": 4189.151735999854,
  "buildPluginSetupTime": 1312.304209999973,
  "buildPrepareTime": 344.9526070000138,
  "buildColdBootTime": 16016.54067599983,
  "minifiedBundleSize": {
    "total": 169556,
    "files": {
      "/html/main/index.html": 2317,
      "/static/css/main.css": 2636,
      "/static/js/219.js": 145744,
      "/static/js/main.js": 17549,
      "/static/js/runtime-main.js": 1310
    }
  },
  "gzippedBundleSize": {
    "total": 54866,
    "files": {
      "/html/main/index.html": 1213,
      "/static/css/main.css": 905,
      "/static/js/219.js": 46776,
      "/static/js/main.js": 5247,
      "/static/js/runtime-main.js": 725
    }
  },
  "buildHotBootTime": 1093.7598199998029
}
