{
  "devPluginSetupTime": 2443.4736819999525,
  "devPrepareTime": 528.8868860000512,
  "devColdBootTime": 8850.602303999942,
  "devHotBootTime": 8319.562995999935,
  "buildPluginSetupTime": 1562.471283000079,
  "buildPrepareTime": 377.1677409999538,
  "buildColdBootTime": 35560.83800700004,
  "minifiedBundleSize": {
    "total": 446388,
    "files": {
      "/html/main/index.html": 2660,
      "/static/css/main.css": 2636,
      "/static/js/985.js": 417956,
      "/static/js/main.js": 21483,
      "/static/js/runtime-main.js": 1653
    }
  },
  "gzippedBundleSize": {
    "total": 138500,
    "files": {
      "/html/main/index.html": 1340,
      "/static/css/main.css": 905,
      "/static/js/985.js": 128842,
      "/static/js/main.js": 6561,
      "/static/js/runtime-main.js": 852
    }
  },
  "buildHotBootTime": 17706.25875799998
}
