{
  "devPluginSetupTime": 1916.2723189999815,
  "devPrepareTime": 403.042085000081,
  "devColdBootTime": 6877.799163999967,
  "devHotBootTime": 6430.458119000075,
  "buildPluginSetupTime": 1296.5766259999946,
  "buildPrepareTime": 331.00220400001854,
  "buildColdBootTime": 24386.57899599988,
  "minifiedBundleSize": {
    "total": 446388,
    "files": {
      "/html/main/index.html": 2660,
      "/static/css/main.css": 2636,
      "/static/js/985.js": 417956,
      "/static/js/main.js": 21483,
      "/static/js/runtime-main.js": 1653
    }
  },
  "gzippedBundleSize": {
    "total": 138500,
    "files": {
      "/html/main/index.html": 1340,
      "/static/css/main.css": 905,
      "/static/js/985.js": 128842,
      "/static/js/main.js": 6561,
      "/static/js/runtime-main.js": 852
    }
  },
  "buildHotBootTime": 7279.19885200006
}
