{
  "devPluginSetupTime": 2028.6496410000836,
  "devPrepareTime": 434.5083680000389,
  "devColdBootTime": 4597.279151999974,
  "devHotBootTime": 4385.314872000017,
  "buildPluginSetupTime": 1391.3357929999474,
  "buildPrepareTime": 346.1832810000051,
  "buildColdBootTime": 17449.95528699993,
  "minifiedBundleSize": {
    "total": 169556,
    "files": {
      "/html/main/index.html": 2317,
      "/static/css/main.css": 2636,
      "/static/js/219.js": 145744,
      "/static/js/main.js": 17549,
      "/static/js/runtime-main.js": 1310
    }
  },
  "gzippedBundleSize": {
    "total": 54866,
    "files": {
      "/html/main/index.html": 1213,
      "/static/css/main.css": 905,
      "/static/js/219.js": 46776,
      "/static/js/main.js": 5247,
      "/static/js/runtime-main.js": 725
    }
  },
  "buildHotBootTime": 1353.7743749999208
}
