{
  "devPluginSetupTime": 1850.9074069999624,
  "devPrepareTime": 417.94988900003955,
  "devColdBootTime": 6669.75133400003,
  "devHotBootTime": 6228.934736000025,
  "buildPluginSetupTime": 1332.2618830000283,
  "buildPrepareTime": 335.75242699997034,
  "buildColdBootTime": 23896.548793000053,
  "minifiedBundleSize": {
    "total": 446388,
    "files": {
      "/html/main/index.html": 2660,
      "/static/css/main.css": 2636,
      "/static/js/985.js": 417956,
      "/static/js/main.js": 21483,
      "/static/js/runtime-main.js": 1653
    }
  },
  "gzippedBundleSize": {
    "total": 138500,
    "files": {
      "/html/main/index.html": 1340,
      "/static/css/main.css": 905,
      "/static/js/985.js": 128842,
      "/static/js/main.js": 6561,
      "/static/js/runtime-main.js": 852
    }
  },
  "buildHotBootTime": 7303.2100389999105
}
