{
  "devPluginSetupTime": 1981.462472999934,
  "devPrepareTime": 413.00523500004783,
  "devColdBootTime": 4885.95409299992,
  "devHotBootTime": 4037.771286000032,
  "buildPluginSetupTime": 1337.4719939997885,
  "buildPrepareTime": 347.93291600001976,
  "buildColdBootTime": 16432.75142799993,
  "minifiedBundleSize": {
    "total": 169556,
    "files": {
      "/html/main/index.html": 2317,
      "/static/css/main.css": 2636,
      "/static/js/219.js": 145744,
      "/static/js/main.js": 17549,
      "/static/js/runtime-main.js": 1310
    }
  },
  "gzippedBundleSize": {
    "total": 54866,
    "files": {
      "/html/main/index.html": 1213,
      "/static/css/main.css": 905,
      "/static/js/219.js": 46776,
      "/static/js/main.js": 5247,
      "/static/js/runtime-main.js": 725
    }
  },
  "buildHotBootTime": 1151.5016900000628
}
