{
  "devPluginSetupTime": 1973.1936079999432,
  "devPrepareTime": 409.90941899991594,
  "devColdBootTime": 7160.061542999931,
  "devHotBootTime": 6613.494418000104,
  "buildPluginSetupTime": 1369.417745999992,
  "buildPrepareTime": 351.71813799999654,
  "buildColdBootTime": 26149.764153999975,
  "minifiedBundleSize": {
    "total": 446388,
    "files": {
      "/html/main/index.html": 2660,
      "/static/css/main.css": 2636,
      "/static/js/985.js": 417956,
      "/static/js/main.js": 21483,
      "/static/js/runtime-main.js": 1653
    }
  },
  "gzippedBundleSize": {
    "total": 138500,
    "files": {
      "/html/main/index.html": 1340,
      "/static/css/main.css": 905,
      "/static/js/985.js": 128842,
      "/static/js/main.js": 6561,
      "/static/js/runtime-main.js": 852
    }
  },
  "buildHotBootTime": 7901.24098500004
}
