{
  "devPluginSetupTime": 1939.7050380000146,
  "devPrepareTime": 449.3163780000177,
  "devColdBootTime": 6919.926571999968,
  "devHotBootTime": 14597.349013000028,
  "buildPluginSetupTime": 14553.40593899996,
  "buildPrepareTime": 2164.831126999983,
  "buildColdBootTime": 78274.84419700003,
  "minifiedBundleSize": {
    "total": 446388,
    "files": {
      "/html/main/index.html": 2660,
      "/static/css/main.css": 2636,
      "/static/js/985.js": 417956,
      "/static/js/main.js": 21483,
      "/static/js/runtime-main.js": 1653
    }
  },
  "gzippedBundleSize": {
    "total": 138500,
    "files": {
      "/html/main/index.html": 1340,
      "/static/css/main.css": 905,
      "/static/js/985.js": 128842,
      "/static/js/main.js": 6561,
      "/static/js/runtime-main.js": 852
    }
  },
  "buildHotBootTime": 12340.346719000023
}
