{
  "devPluginSetupTime": 2064.392297000042,
  "devPrepareTime": 426.680309999967,
  "devColdBootTime": 4762.548990000039,
  "devHotBootTime": 4043.687166000018,
  "buildPluginSetupTime": 1329.5328229999868,
  "buildPrepareTime": 344.7930290000513,
  "buildColdBootTime": 17352.587304999935,
  "minifiedBundleSize": {
    "total": 169556,
    "files": {
      "/html/main/index.html": 2317,
      "/static/css/main.css": 2636,
      "/static/js/219.js": 145744,
      "/static/js/main.js": 17549,
      "/static/js/runtime-main.js": 1310
    }
  },
  "gzippedBundleSize": {
    "total": 54866,
    "files": {
      "/html/main/index.html": 1213,
      "/static/css/main.css": 905,
      "/static/js/219.js": 46776,
      "/static/js/main.js": 5247,
      "/static/js/runtime-main.js": 725
    }
  },
  "buildHotBootTime": 1183.7189280000748
}
