{
  "devPluginSetupTime": 1916.621146999998,
  "devPrepareTime": 410.5939180001151,
  "devColdBootTime": 4512.599134000018,
  "devHotBootTime": 4807.82486900012,
  "buildPluginSetupTime": 1371.1498109998647,
  "buildPrepareTime": 350.35307899978943,
  "buildColdBootTime": 16312.693031999981,
  "minifiedBundleSize": {
    "total": 169556,
    "files": {
      "/html/main/index.html": 2317,
      "/static/css/main.css": 2636,
      "/static/js/219.js": 145744,
      "/static/js/main.js": 17549,
      "/static/js/runtime-main.js": 1310
    }
  },
  "gzippedBundleSize": {
    "total": 54866,
    "files": {
      "/html/main/index.html": 1213,
      "/static/css/main.css": 905,
      "/static/js/219.js": 46776,
      "/static/js/main.js": 5247,
      "/static/js/runtime-main.js": 725
    }
  },
  "buildHotBootTime": 1212.79362199991
}
