{
  "devPluginSetupTime": 2132.2378160001244,
  "devPrepareTime": 415.6204560000915,
  "devColdBootTime": 7202.850073999958,
  "devHotBootTime": 6773.6530430000275,
  "buildPluginSetupTime": 1392.6127870001364,
  "buildPrepareTime": 362.3769369998481,
  "buildColdBootTime": 24945.515197,
  "minifiedBundleSize": {
    "total": 446388,
    "files": {
      "/html/main/index.html": 2660,
      "/static/css/main.css": 2636,
      "/static/js/985.js": 417956,
      "/static/js/main.js": 21483,
      "/static/js/runtime-main.js": 1653
    }
  },
  "gzippedBundleSize": {
    "total": 138500,
    "files": {
      "/html/main/index.html": 1340,
      "/static/css/main.css": 905,
      "/static/js/985.js": 128842,
      "/static/js/main.js": 6561,
      "/static/js/runtime-main.js": 852
    }
  },
  "buildHotBootTime": 7857.156074000057
}
