{
  "devPluginSetupTime": 1955.1505279999692,
  "devPrepareTime": 412.9548469998408,
  "devColdBootTime": 7056.154319999972,
  "devHotBootTime": 6413.188905999996,
  "buildPluginSetupTime": 1360.880300000077,
  "buildPrepareTime": 347.0872800000943,
  "buildColdBootTime": 24483.08707200014,
  "minifiedBundleSize": {
    "total": 446388,
    "files": {
      "/html/main/index.html": 2660,
      "/static/css/main.css": 2636,
      "/static/js/985.js": 417956,
      "/static/js/main.js": 21483,
      "/static/js/runtime-main.js": 1653
    }
  },
  "gzippedBundleSize": {
    "total": 138500,
    "files": {
      "/html/main/index.html": 1340,
      "/static/css/main.css": 905,
      "/static/js/985.js": 128842,
      "/static/js/main.js": 6561,
      "/static/js/runtime-main.js": 852
    }
  },
  "buildHotBootTime": 7444.057119000005
}
