{
  "devPluginSetupTime": 2334.3122229999863,
  "devPrepareTime": 469.154159000027,
  "devColdBootTime": 5875.170225000009,
  "devHotBootTime": 4323.316987999948,
  "buildPluginSetupTime": 1443.0182730000233,
  "buildPrepareTime": 355.87942100001965,
  "buildColdBootTime": 21377.323027000064,
  "minifiedBundleSize": {
    "total": 169556,
    "files": {
      "/html/main/index.html": 2317,
      "/static/css/main.css": 2636,
      "/static/js/219.js": 145744,
      "/static/js/main.js": 17549,
      "/static/js/runtime-main.js": 1310
    }
  },
  "gzippedBundleSize": {
    "total": 54866,
    "files": {
      "/html/main/index.html": 1213,
      "/static/css/main.css": 905,
      "/static/js/219.js": 46776,
      "/static/js/main.js": 5247,
      "/static/js/runtime-main.js": 725
    }
  },
  "buildHotBootTime": 1194.9324880000204
}
