{
  "devPluginSetupTime": 2027.0714710000902,
  "devPrepareTime": 395.137869999744,
  "devColdBootTime": 4573.914547999855,
  "devHotBootTime": 3882.2730479999445,
  "buildPluginSetupTime": 1276.723026999738,
  "buildPrepareTime": 328.77997899986804,
  "buildColdBootTime": 15451.490584000014,
  "minifiedBundleSize": {
    "total": 169556,
    "files": {
      "/html/main/index.html": 2317,
      "/static/css/main.css": 2636,
      "/static/js/219.js": 145744,
      "/static/js/main.js": 17549,
      "/static/js/runtime-main.js": 1310
    }
  },
  "gzippedBundleSize": {
    "total": 54866,
    "files": {
      "/html/main/index.html": 1213,
      "/static/css/main.css": 905,
      "/static/js/219.js": 46776,
      "/static/js/main.js": 5247,
      "/static/js/runtime-main.js": 725
    }
  },
  "buildHotBootTime": 1151.1524820001796
}
