{
  "devPluginSetupTime": 2044.3018129999982,
  "devPrepareTime": 414.66611900005955,
  "devColdBootTime": 6915.020383000025,
  "devHotBootTime": 6404.416469000047,
  "buildPluginSetupTime": 1344.9480130000738,
  "buildPrepareTime": 350.184133999981,
  "buildColdBootTime": 47715.27449600003,
  "minifiedBundleSize": {
    "total": 446388,
    "files": {
      "/html/main/index.html": 2660,
      "/static/css/main.css": 2636,
      "/static/js/985.js": 417956,
      "/static/js/main.js": 21483,
      "/static/js/runtime-main.js": 1653
    }
  },
  "gzippedBundleSize": {
    "total": 138500,
    "files": {
      "/html/main/index.html": 1340,
      "/static/css/main.css": 905,
      "/static/js/985.js": 128842,
      "/static/js/main.js": 6561,
      "/static/js/runtime-main.js": 852
    }
  },
  "buildHotBootTime": 12035.579816999962
}
