{
  "devPluginSetupTime": 2653.7279829999898,
  "devPrepareTime": 542.7344649999868,
  "devColdBootTime": 11054.475260999985,
  "devHotBootTime": 10757.537329000013,
  "buildPluginSetupTime": 1392.2977240000037,
  "buildPrepareTime": 381.93876499996986,
  "buildColdBootTime": 53135.33897000004,
  "minifiedBundleSize": {
    "total": 864933,
    "files": {
      "js": 410292,
      "/html/main/index.html": 2666,
      "/static/css/main.css": 2636,
      "/static/js/962.js": 424082,
      "/static/js/main.js": 23598,
      "/static/js/runtime-main.js": 1659
    }
  },
  "gzippedBundleSize": {
    "total": 257696,
    "files": {
      "js": 116530,
      "/html/main/index.html": 1348,
      "/static/css/main.css": 905,
      "/static/js/962.js": 130888,
      "/static/js/main.js": 7164,
      "/static/js/runtime-main.js": 861
    }
  },
  "buildHotBootTime": 12373.93965100008
}
