{
  "devPluginSetupTime": 1974.7626770000206,
  "devPrepareTime": 523.6454190000077,
  "devColdBootTime": 7509.038009000011,
  "devHotBootTime": 6560.81434599997,
  "buildPluginSetupTime": 1371.0501040000236,
  "buildPrepareTime": 353.95845800003735,
  "buildColdBootTime": 26559.108586999995,
  "minifiedBundleSize": {
    "total": 446388,
    "files": {
      "/html/main/index.html": 2660,
      "/static/css/main.css": 2636,
      "/static/js/985.js": 417956,
      "/static/js/main.js": 21483,
      "/static/js/runtime-main.js": 1653
    }
  },
  "gzippedBundleSize": {
    "total": 138500,
    "files": {
      "/html/main/index.html": 1340,
      "/static/css/main.css": 905,
      "/static/js/985.js": 128842,
      "/static/js/main.js": 6561,
      "/static/js/runtime-main.js": 852
    }
  },
  "buildHotBootTime": 7907.242239000043
}
