{
  "devPluginSetupTime": 2452.1038010000484,
  "devPrepareTime": 466.2806930000661,
  "devColdBootTime": 9682.564203999937,
  "devHotBootTime": 8411.694470000104,
  "buildPluginSetupTime": 1570.5289219999686,
  "buildPrepareTime": 395.22539300005883,
  "buildColdBootTime": 29979.754981999984,
  "minifiedBundleSize": {
    "total": 446388,
    "files": {
      "/html/main/index.html": 2660,
      "/static/css/main.css": 2636,
      "/static/js/985.js": 417956,
      "/static/js/main.js": 21483,
      "/static/js/runtime-main.js": 1653
    }
  },
  "gzippedBundleSize": {
    "total": 138500,
    "files": {
      "/html/main/index.html": 1340,
      "/static/css/main.css": 905,
      "/static/js/985.js": 128842,
      "/static/js/main.js": 6561,
      "/static/js/runtime-main.js": 852
    }
  },
  "buildHotBootTime": 8753.75839600002
}
