{
  "devPluginSetupTime": 1425.5251123333194,
  "devPrepareTime": 377.10381100000814,
  "devColdBootTime": 4221.55819566672,
  "devHotBootTime": 3105.7067949999278,
  "buildPluginSetupTime": 1427.3632733332925,
  "buildPrepareTime": 367.3418993333665,
  "buildColdBootTime": 16774.008042000078,
  "minifiedBundleSize": {
    "total": 170386,
    "files": {
      "/html/main/index.html": 2317,
      "/static/css/main.css": 2636,
      "/static/js/324.js": 146365,
      "/static/js/main.js": 17758,
      "/static/js/runtime-main.js": 1310
    }
  },
  "gzippedBundleSize": {
    "total": 55087,
    "files": {
      "/html/main/index.html": 1213,
      "/static/css/main.css": 905,
      "/static/js/324.js": 46922,
      "/static/js/main.js": 5322,
      "/static/js/runtime-main.js": 725
    }
  },
  "buildHotBootTime": 1211.53562066673
}
