{
  "devPluginSetupTime": 1252.2139286668971,
  "devPrepareTime": 449.288508333421,
  "devColdBootTime": 34723.957603333365,
  "devHotBootTime": 27006.472720000118,
  "buildPluginSetupTime": 1247.6524739999634,
  "buildPrepareTime": 439.5040470000046,
  "buildColdBootTime": 51811.75186266688,
  "minifiedBundleSize": {
    "total": 6357877,
    "files": {
      "/html/main/index.html": 10305,
      "/static/css/1107.css": 402,
      "/static/css/1164.css": 372,
      "/static/css/1170.css": 372,
      "/static/css/1451.css": 602,
      "/static/css/163.css": 1440,
      "/static/css/1696.css": 551183,
      "/static/css/1755.css": 402,
      "/static/css/1870.css": 549,
      "/static/css/2074.css": 356,
      "/static/css/2093.css": 427,
      "/static/css/2447.css": 3137,
      "/static/css/2596.css": 402,
      "/static/css/2644.css": 170,
      "/static/css/2848.css": 3186,
      "/static/css/3071.css": 579,
      "/static/css/3105.css": 579,
      "/static/css/3241.css": 1310,
      "/static/css/3372.css": 602,
      "/static/css/338.css": 1872,
      "/static/css/3617.css": 1873,
      "/static/css/3710.css": 117,
      "/static/css/3893.css": 2035,
      "/static/css/3953.css": 170,
      "/static/css/4077.css": 1441,
      "/static/css/4149.css": 307,
      "/static/css/4276.css": 1459,
      "/static/css/4337.css": 1039,
      "/static/css/4538.css": 3198,
      "/static/css/4598.css": 2227,
      "/static/css/4725.css": 1525,
      "/static/css/4736.css": 3888,
      "/static/css/481.css": 401,
      "/static/css/5059.css": 3186,
      "/static/css/5137.css": 3186,
      "/static/css/5540.css": 1310,
      "/static/css/5647.css": 1453,
      "/static/css/5667.css": 356,
      "/static/css/5672.css": 467,
      "/static/css/5833.css": 502,
      "/static/css/6078.css": 3137,
      "/static/css/6161.css": 3198,
      "/static/css/6378.css": 3198,
      "/static/css/6510.css": 1369,
      "/static/css/6565.css": 483,
      "/static/css/6771.css": 622,
      "/static/css/6794.css": 502,
      "/static/css/699.css": 4872,
      "/static/css/7090.css": 1369,
      "/static/css/7316.css": 751,
      "/static/css/7455.css": 372,
      "/static/css/7515.css": 1369,
      "/static/css/7567.css": 467,
      "/static/css/7746.css": 1039,
      "/static/css/7806.css": 1873,
      "/static/css/7969.css": 178,
      "/static/css/8031.css": 549,
      "/static/css/8215.css": 1661,
      "/static/css/8291.css": 622,
      "/static/css/8333.css": 1310,
      "/static/css/8429.css": 1459,
      "/static/css/8695.css": 2446,
      "/static/css/8703.css": 178,
      "/static/css/8976.css": 1459,
      "/static/css/8991.css": 402,
      "/static/css/901.css": 1334,
      "/static/css/9213.css": 1335,
      "/static/css/9364.css": 402,
      "/static/css/9484.css": 307,
      "/static/css/952.css": 3197,
      "/static/css/9707.css": 1335,
      "/static/css/9784.css": 1873,
      "/static/css/9818.css": 1369,
      "/static/css/main.css": 10557,
      "/static/js/1013.js": 47670,
      "/static/js/1107.js": 276,
      "/static/js/1164.js": 6659,
      "/static/js/1170.js": 9568,
      "/static/js/1253.js": 3512,
      "/static/js/1409.js": 1905,
      "/static/js/1451.js": 20813,
      "/static/js/1476.js": 2251,
      "/static/js/163.js": 398,
      "/static/js/1696.js": 1463168,
      "/static/js/1704.js": 4509,
      "/static/js/1755.js": 1142,
      "/static/js/1870.js": 15788,
      "/static/js/1961.js": 16591,
      "/static/js/2001.js": 4149,
      "/static/js/2074.js": 568,
      "/static/js/2089.js": 5760,
      "/static/js/2093.js": 10752,
      "/static/js/2447.js": 20887,
      "/static/js/2589.js": 4387,
      "/static/js/2596.js": 277,
      "/static/js/2644.js": 24122,
      "/static/js/2823.js": 45987,
      "/static/js/2848.js": 15195,
      "/static/js/2984.js": 13420,
      "/static/js/3071.js": 5687,
      "/static/js/3093.js": 4820,
      "/static/js/3105.js": 380,
      "/static/js/3241.js": 5236,
      "/static/js/3372.js": 407,
      "/static/js/338.js": 11456,
      "/static/js/3533.js": 3342,
      "/static/js/3617.js": 2028,
      "/static/js/3710.js": 238,
      "/static/js/3805.js": 647,
      "/static/js/3893.js": 28562,
      "/static/js/3924.js": 313,
      "/static/js/3930.js": 1439,
      "/static/js/3953.js": 279,
      "/static/js/4052.js": 3340,
      "/static/js/4077.js": 13280,
      "/static/js/4149.js": 265,
      "/static/js/4169.js": 189,
      "/static/js/4196.js": 602,
      "/static/js/4276.js": 10567,
      "/static/js/4337.js": 526,
      "/static/js/4359.js": 2453,
      "/static/js/4538.js": 5488,
      "/static/js/4552.js": 14546,
      "/static/js/4600.js": 16782,
      "/static/js/4725.js": 724,
      "/static/js/4736.js": 28807,
      "/static/js/481.js": 1298,
      "/static/js/4969.js": 676987,
      "/static/js/5059.js": 9699,
      "/static/js/5137.js": 1032,
      "/static/js/5142.js": 8125,
      "/static/js/5540.js": 1003,
      "/static/js/5647.js": 17137,
      "/static/js/5667.js": 1780,
      "/static/js/5672.js": 10716,
      "/static/js/5833.js": 2875,
      "/static/js/5891.js": 15792,
      "/static/js/6015.js": 676,
      "/static/js/606.js": 2362,
      "/static/js/6146.js": 19512,
      "/static/js/6161.js": 18165,
      "/static/js/622.js": 23108,
      "/static/js/6375.js": 1546,
      "/static/js/6378.js": 10826,
      "/static/js/6565.js": 380,
      "/static/js/6697.js": 15413,
      "/static/js/6771.js": 686,
      "/static/js/6794.js": 388,
      "/static/js/683.js": 17231,
      "/static/js/684.js": 1722993,
      "/static/js/6887.js": 70057,
      "/static/js/699.js": 20336,
      "/static/js/7090.js": 20908,
      "/static/js/7103.js": 17162,
      "/static/js/7136.js": 4987,
      "/static/js/7155.js": 238,
      "/static/js/7273.js": 313,
      "/static/js/7316.js": 453,
      "/static/js/7395.js": 931,
      "/static/js/741.js": 668,
      "/static/js/7455.js": 386,
      "/static/js/7515.js": 808,
      "/static/js/7567.js": 281,
      "/static/js/7723.js": 3097,
      "/static/js/7746.js": 17464,
      "/static/js/7757.js": 1502,
      "/static/js/7806.js": 12927,
      "/static/js/7969.js": 249,
      "/static/js/8031.js": 283,
      "/static/js/8066.js": 9444,
      "/static/js/818.js": 662034,
      "/static/js/8215.js": 27914,
      "/static/js/8226.js": 9012,
      "/static/js/8291.js": 11421,
      "/static/js/8320.js": 16763,
      "/static/js/8333.js": 4911,
      "/static/js/835.js": 1160,
      "/static/js/8429.js": 18405,
      "/static/js/8448.js": 3321,
      "/static/js/861.js": 2867,
      "/static/js/8663.js": 8429,
      "/static/js/8687.js": 1012,
      "/static/js/8695.js": 26180,
      "/static/js/8703.js": 9792,
      "/static/js/8864.js": 50026,
      "/static/js/8976.js": 1222,
      "/static/js/8991.js": 1242,
      "/static/js/9002.js": 17173,
      "/static/js/901.js": 767,
      "/static/js/9213.js": 7697,
      "/static/js/9281.js": 501,
      "/static/js/9364.js": 277,
      "/static/js/9374.js": 2574,
      "/static/js/9470.js": 4544,
      "/static/js/9483.js": 957,
      "/static/js/9484.js": 8604,
      "/static/js/952.js": 1404,
      "/static/js/9707.js": 5023,
      "/static/js/9756.js": 14004,
      "/static/js/9784.js": 8039,
      "/static/js/9818.js": 9272,
      "/static/js/9890.js": 4315,
      "/static/js/main.js": 78416,
      "/static/js/runtime-main.js": 9237
    }
  },
  "gzippedBundleSize": {
    "total": 1742094,
    "files": {
      "/html/main/index.html": 4666,
      "/static/css/1107.css": 238,
      "/static/css/1164.css": 202,
      "/static/css/1170.css": 203,
      "/static/css/1451.css": 316,
      "/static/css/163.css": 491,
      "/static/css/1696.css": 57550,
      "/static/css/1755.css": 241,
      "/static/css/1870.css": 319,
      "/static/css/2074.css": 230,
      "/static/css/2093.css": 258,
      "/static/css/2447.css": 888,
      "/static/css/2596.css": 239,
      "/static/css/2644.css": 164,