{
  "devPluginSetupTime": 1428.4693960000684,
  "devPrepareTime": 315.51695866665494,
  "devColdBootTime": 4337.782517000004,
  "devHotBootTime": 2987.706542666672,
  "buildPluginSetupTime": 1518.4621650000336,
  "buildPrepareTime": 473.5008370000093,
  "buildColdBootTime": 19608.662357000012,
  "minifiedBundleSize": {
    "total": 168879,
    "files": {
      "/html/main/index.html": 2317,
      "/static/css/main.css": 2636,
      "/static/js/348.js": 145400,
      "/static/js/main.js": 17216,
      "/static/js/runtime-main.js": 1310
    }
  },
  "gzippedBundleSize": {
    "total": 54748,
    "files": {
      "/html/main/index.html": 1213,
      "/static/css/main.css": 905,
      "/static/js/348.js": 46704,
      "/static/js/main.js": 5201,
      "/static/js/runtime-main.js": 725
    }
  },
  "buildHotBootTime": 1896.1043903333677,
  "yarnColdInstallTime": 124734.92226999998,
  "yarnHotInstallTime": 1985.5442060000496,
  "yarnDependenciesCount": 1486,
  "yarnInstallSize": 213723288
}
