{
  "devPluginSetupTime": 1394.086144000059,
  "devPrepareTime": 303.2896143333055,
  "devColdBootTime": 4024.3200756666097,
  "devHotBootTime": 2914.3400260001267,
  "buildPluginSetupTime": 1325.0224406666432,
  "buildPrepareTime": 288.7995663334926,
  "buildColdBootTime": 14942.89611599998,
  "minifiedBundleSize": {
    "total": 169152,
    "files": {
      "/html/main/index.html": 2317,
      "/static/css/main.css": 2636,
      "/static/js/348.js": 145400,
      "/static/js/main.js": 17489,
      "/static/js/runtime-main.js": 1310
    }
  },
  "gzippedBundleSize": {
    "total": 54834,
    "files": {
      "/html/main/index.html": 1215,
      "/static/css/main.css": 905,
      "/static/js/348.js": 46704,
      "/static/js/main.js": 5285,
      "/static/js/runtime-main.js": 725
    }
  },
  "buildHotBootTime": 1111.5106083332405,
  "yarnColdInstallTime": 98161.04997499986,
  "yarnHotInstallTime": 986.3322179999668,
  "yarnDependenciesCount": 1487,
  "yarnInstallSize": 211933563
}
