{
  "devPluginSetupTime": 1482.1576480000124,
  "devPrepareTime": 321.3203386666719,
  "devColdBootTime": 7662.588454666703,
  "devHotBootTime": 4518.0776336666895,
  "buildPluginSetupTime": 1464.966491999997,
  "buildPrepareTime": 319.54059333334834,
  "buildColdBootTime": 31230.705372999964,
  "minifiedBundleSize": {
    "total": 399659,
    "files": {
      "/html/main/index.html": 2658,
      "/static/css/main.css": 2636,
      "/static/js/4.js": 368732,
      "/static/js/main.js": 23980,
      "/static/js/runtime-main.js": 1653
    }
  },
  "gzippedBundleSize": {
    "total": 125270,
    "files": {
      "/html/main/index.html": 1337,
      "/static/css/main.css": 905,
      "/static/js/4.js": 114399,
      "/static/js/main.js": 7777,
      "/static/js/runtime-main.js": 852
    }
  },
  "buildHotBootTime": 10634.954373333332,
  "yarnColdInstallTime": 87744.3124559999,
  "yarnHotInstallTime": 1099.051546000177,
  "yarnDependenciesCount": 1491,
  "yarnInstallSize": 225600568
}
