{
  "devPluginSetupTime": 1668.2655499999917,
  "devPrepareTime": 537.608783000013,
  "devColdBootTime": 7337.420325666685,
  "devHotBootTime": 4531.052846333284,
  "buildPluginSetupTime": 1509.4082509999862,
  "buildPrepareTime": 361.9722223333083,
  "buildColdBootTime": 51142.20028433332,
  "minifiedBundleSize": {
    "total": 817277,
    "files": {
      "js": 408156,
      "/html/main/index.html": 3948,
      "/static/css/main.css": 2636,
      "/static/js/654.js": 374779,
      "/static/js/main.js": 26099,
      "/static/js/runtime-main.js": 1659
    }
  },
  "gzippedBundleSize": {
    "total": 245052,
    "files": {
      "js": 116622,
      "/html/main/index.html": 1864,
      "/static/css/main.css": 905,
      "/static/js/654.js": 116423,
      "/static/js/main.js": 8377,
      "/static/js/runtime-main.js": 861
    }
  },
  "buildHotBootTime": 11540.362110666698,
  "yarnColdInstallTime": 91554.10734800005,
  "yarnHotInstallTime": 1478.3981409999542,
  "yarnDependenciesCount": 1506,
  "yarnInstallSize": 226420148
}
