{
  "devPluginSetupTime": 325.68887233328616,
  "devPrepareTime": 609.5641243332842,
  "devColdBootTime": 16592.87068433334,
  "devHotBootTime": 6108.799187000007,
  "buildPluginSetupTime": 300.732269999998,
  "buildPrepareTime": 451.28895633333985,
  "buildColdBootTime": 36288.451817666646,
  "minifiedBundleSize": {
    "total": 401640,
    "files": {
      "/html/main/index.html": 2643,
      "/static/css/main.css": 9994,
      "/static/js/581.js": 365935,
      "/static/js/main.js": 21432,
      "/static/js/runtime-main.js": 1636
    }
  },
  "gzippedBundleSize": {
    "total": 127491,
    "files": {
      "/html/main/index.html": 1341,
      "/static/css/main.css": 2482,
      "/static/js/581.js": 115601,
      "/static/js/main.js": 7213,
      "/static/js/runtime-main.js": 854
    }
  },
  "buildHotBootTime": 12884.744923333326,
  "yarnColdInstallTime": 93722.99149199994,
  "yarnHotInstallTime": 1342.5730520000216,
  "yarnDependenciesCount": 1671,
  "yarnInstallSize": 242581453
}
