{
  "devPluginSetupTime": 1831.2682773334284,
  "devPrepareTime": 518.350891999978,
  "devColdBootTime": 10360.882080333386,
  "devHotBootTime": 6065.886267666628,
  "buildPluginSetupTime": 1581.690979333284,
  "buildPrepareTime": 306.1788003332913,
  "buildColdBootTime": 48571.69686133337,
  "minifiedBundleSize": {
    "total": 911967,
    "files": {
      "js": 409193,
      "/html/main/index.html": 2666,
      "/static/css/main.css": 2636,
      "/static/js/997.js": 454282,
      "/static/js/main.js": 41531,
      "/static/js/runtime-main.js": 1659
    }
  },
  "gzippedBundleSize": {
    "total": 268233,
    "files": {
      "js": 117633,
      "/html/main/index.html": 1348,
      "/static/css/main.css": 905,
      "/static/js/997.js": 139143,
      "/static/js/main.js": 8343,
      "/static/js/runtime-main.js": 861
    }
  },
  "buildHotBootTime": 15754.326415000018
}
