{
  "devPluginSetupTime": 2266.064480666692,
  "devPrepareTime": 798.2806776665772,
  "devColdBootTime": 16120.307263000015,
  "devHotBootTime": 5728.910422000025,
  "buildPluginSetupTime": 1519.881505666611,
  "buildPrepareTime": 318.54917466671515,
  "buildColdBootTime": 51106.25977833336,
  "minifiedBundleSize": {
    "total": 911967,
    "files": {
      "js": 409193,
      "/html/main/index.html": 2666,
      "/static/css/main.css": 2636,
      "/static/js/997.js": 454282,
      "/static/js/main.js": 41531,
      "/static/js/runtime-main.js": 1659
    }
  },
  "gzippedBundleSize": {
    "total": 268233,
    "files": {
      "js": 117633,
      "/html/main/index.html": 1348,
      "/static/css/main.css": 905,
      "/static/js/997.js": 139143,
      "/static/js/main.js": 8343,
      "/static/js/runtime-main.js": 861
    }
  },
  "buildHotBootTime": 16560.008838000085
}
