{
  "devPluginSetupTime": 1402.9258873333067,
  "devPrepareTime": 310.9433106666741,
  "devColdBootTime": 6806.743914333249,
  "devHotBootTime": 3942.251645666625,
  "buildPluginSetupTime": 1385.3734160000458,
  "buildPrepareTime": 304.92042300004204,
  "buildColdBootTime": 24587.710381666664,
  "minifiedBundleSize": {
    "total": 399386,
    "files": {
      "/html/main/index.html": 2658,
      "/static/css/main.css": 2636,
      "/static/js/4.js": 368732,
      "/static/js/main.js": 23707,
      "/static/js/runtime-main.js": 1653
    }
  },
  "gzippedBundleSize": {
    "total": 125187,
    "files": {
      "/html/main/index.html": 1337,
      "/static/css/main.css": 905,
      "/static/js/4.js": 114399,
      "/static/js/main.js": 7694,
      "/static/js/runtime-main.js": 852
    }
  },
  "buildHotBootTime": 8048.001902333383,
  "yarnColdInstallTime": 109988.8664340002,
  "yarnHotInstallTime": 2142.4450730001554,
  "yarnDependenciesCount": 1491,
  "yarnInstallSize": 227429198
}
