{
  "devPluginSetupTime": 1532.76046499998,
  "devPrepareTime": 312.7236726666645,
  "devColdBootTime": 8915.114544333346,
  "devHotBootTime": 5262.145006666736,
  "buildPluginSetupTime": 1448.271832000076,
  "buildPrepareTime": 302.99284366665717,
  "buildColdBootTime": 47485.28280566664,
  "minifiedBundleSize": {
    "total": 815496,
    "files": {
      "js": 407930,
      "/html/main/index.html": 2666,
      "/static/css/main.css": 2636,
      "/static/js/654.js": 374779,
      "/static/js/main.js": 25826,
      "/static/js/runtime-main.js": 1659
    }
  },
  "gzippedBundleSize": {
    "total": 244388,
    "files": {
      "js": 116557,
      "/html/main/index.html": 1349,
      "/static/css/main.css": 905,
      "/static/js/654.js": 116423,
      "/static/js/main.js": 8293,
      "/static/js/runtime-main.js": 861
    }
  },
  "buildHotBootTime": 10831.977303000012,
  "yarnColdInstallTime": 85373.66855000006,
  "yarnHotInstallTime": 1757.9118419999722,
  "yarnDependenciesCount": 1491,
  "yarnInstallSize": 227429198
}
