{
  "devPluginSetupTime": 1552.0746879999836,
  "devPrepareTime": 799.6478413333729,
  "devColdBootTime": 5320.06524466665,
  "devHotBootTime": 4241.569049666636,
  "buildPluginSetupTime": 316.71867800003383,
  "buildPrepareTime": 542.5219240000006,
  "buildColdBootTime": 18108.120816666673,
  "minifiedBundleSize": {
    "total": 166076,
    "files": {
      "/html/main/index.html": 2301,
      "/static/css/main.css": 2636,
      "/static/js/906.js": 144816,
      "/static/js/main.js": 15029,
      "/static/js/runtime-main.js": 1294
    }
  },
  "gzippedBundleSize": {
    "total": 54198,
    "files": {
      "/html/main/index.html": 1213,
      "/static/css/main.css": 905,
      "/static/js/906.js": 46641,
      "/static/js/main.js": 4713,
      "/static/js/runtime-main.js": 726
    }
  },
  "buildHotBootTime": 1539.8416223333527,
  "yarnColdInstallTime": 81288.76003300003,
  "yarnHotInstallTime": 1208.101772999973,
  "yarnDependenciesCount": 1319,
  "yarnInstallSize": 197758965
}
