{
  "devPluginSetupTime": 356.6416770000554,
  "devPrepareTime": 498.96932033332996,
  "devColdBootTime": 16394.76752533337,
  "devHotBootTime": 5328.584196666644,
  "buildPluginSetupTime": 338.82807333332795,
  "buildPrepareTime": 478.28845333331265,
  "buildColdBootTime": 38941.61600799998,
  "minifiedBundleSize": {
    "total": 401640,
    "files": {
      "/html/main/index.html": 2643,
      "/static/css/main.css": 9994,
      "/static/js/581.js": 365935,
      "/static/js/main.js": 21432,
      "/static/js/runtime-main.js": 1636
    }
  },
  "gzippedBundleSize": {
    "total": 127491,
    "files": {
      "/html/main/index.html": 1341,
      "/static/css/main.css": 2482,
      "/static/js/581.js": 115601,
      "/static/js/main.js": 7213,
      "/static/js/runtime-main.js": 854
    }
  },
  "buildHotBootTime": 12501.75124266666,
  "yarnColdInstallTime": 109264.01352700009,
  "yarnHotInstallTime": 1318.8798460001126,
  "yarnDependenciesCount": 1674,
  "yarnInstallSize": 242598262
}
