{
  "devPluginSetupTime": 302.30963933328167,
  "devPrepareTime": 453.16613533328444,
  "devColdBootTime": 7186.065750666661,
  "devHotBootTime": 4497.809747000031,
  "buildPluginSetupTime": 314.73391300005215,
  "buildPrepareTime": 448.996760333345,
  "buildColdBootTime": 28656.379668666592,
  "minifiedBundleSize": {
    "total": 394190,
    "files": {
      "/html/main/index.html": 2641,
      "/static/css/main.css": 2636,
      "/static/js/910.js": 365877,
      "/static/js/main.js": 21402,
      "/static/js/runtime-main.js": 1634
    }
  },
  "gzippedBundleSize": {
    "total": 125874,
    "files": {
      "/html/main/index.html": 1340,
      "/static/css/main.css": 905,
      "/static/js/910.js": 115583,
      "/static/js/main.js": 7192,
      "/static/js/runtime-main.js": 854
    }
  },
  "buildHotBootTime": 11116.294981666686,
  "yarnColdInstallTime": 81772.63552500005,
  "yarnHotInstallTime": 1156.618157000048,
  "yarnDependenciesCount": 1323,
  "yarnInstallSize": 206429011
}
