{
  "devPluginSetupTime": 1412.6676993334356,
  "devPrepareTime": 310.3570066668714,
  "devColdBootTime": 7344.315826999955,
  "devHotBootTime": 4668.372238666595,
  "buildPluginSetupTime": 1323.9089053333737,
  "buildPrepareTime": 285.67340733343735,
  "buildColdBootTime": 23973.725083666697,
  "minifiedBundleSize": {
    "total": 400189,
    "files": {
      "js": 530,
      "/html/main/index.html": 2658,
      "/static/css/main.css": 2636,
      "/static/js/4.js": 368732,
      "/static/js/main.js": 23980,
      "/static/js/runtime-main.js": 1653
    }
  },
  "gzippedBundleSize": {
    "total": 125530,
    "files": {
      "js": 246,
      "/html/main/index.html": 1342,
      "/static/css/main.css": 905,
      "/static/js/4.js": 114404,
      "/static/js/main.js": 7780,
      "/static/js/runtime-main.js": 853
    }
  },
  "buildHotBootTime": 8813.830124999708,
  "yarnColdInstallTime": 99967.047425,
  "yarnHotInstallTime": 2139.2484229998663,
  "yarnDependenciesCount": 1479,
  "yarnInstallSize": 232754297
}
