{
  "devPluginSetupTime": 1352.4172383332625,
  "devPrepareTime": 289.1066956666764,
  "devColdBootTime": 6177.372879333406,
  "devHotBootTime": 3718.6796369999647,
  "buildPluginSetupTime": 1324.0444953332965,
  "buildPrepareTime": 281.40392566658556,
  "buildColdBootTime": 38625.63423166657,
  "minifiedBundleSize": {
    "total": 817277,
    "files": {
      "js": 408156,
      "/html/main/index.html": 3948,
      "/static/css/main.css": 2636,
      "/static/js/654.js": 374779,
      "/static/js/main.js": 26099,
      "/static/js/runtime-main.js": 1659
    }
  },
  "gzippedBundleSize": {
    "total": 245052,
    "files": {
      "js": 116622,
      "/html/main/index.html": 1864,
      "/static/css/main.css": 905,
      "/static/js/654.js": 116423,
      "/static/js/main.js": 8377,
      "/static/js/runtime-main.js": 861
    }
  },
  "buildHotBootTime": 8642.587414666856,
  "yarnColdInstallTime": 92434.9273839998,
  "yarnHotInstallTime": 1028.1314739999361,
  "yarnDependenciesCount": 1436,
  "yarnInstallSize": 219154946
}
