{
  "devPluginSetupTime": 1468.3221530000058,
  "devPrepareTime": 312.13539366668556,
  "devColdBootTime": 4210.086879666662,
  "devHotBootTime": 2969.19047833335,
  "buildPluginSetupTime": 1351.244119333375,
  "buildPrepareTime": 293.61267833334085,
  "buildColdBootTime": 15496.294666666616,
  "minifiedBundleSize": {
    "total": 169152,
    "files": {
      "/html/main/index.html": 2317,
      "/static/css/main.css": 2636,
      "/static/js/348.js": 145400,
      "/static/js/main.js": 17489,
      "/static/js/runtime-main.js": 1310
    }
  },
  "gzippedBundleSize": {
    "total": 54834,
    "files": {
      "/html/main/index.html": 1215,
      "/static/css/main.css": 905,
      "/static/js/348.js": 46704,
      "/static/js/main.js": 5285,
      "/static/js/runtime-main.js": 725
    }
  },
  "buildHotBootTime": 1159.4767450000315,
  "yarnColdInstallTime": 99277.09021400008,
  "yarnHotInstallTime": 1012.4931350001134,
  "yarnDependenciesCount": 1419,
  "yarnInstallSize": 204519767
}
