{
  "devPluginSetupTime": 1414.7820559999673,
  "devPrepareTime": 331.22266500004724,
  "devColdBootTime": 4503.315862000008,
  "devHotBootTime": 3024.2791690000063,
  "buildPluginSetupTime": 1492.4698593333985,
  "buildPrepareTime": 322.0186430000079,
  "buildColdBootTime": 17702.58487100003,
  "minifiedBundleSize": {
    "total": 169152,
    "files": {
      "/html/main/index.html": 2317,
      "/static/css/main.css": 2636,
      "/static/js/348.js": 145400,
      "/static/js/main.js": 17489,
      "/static/js/runtime-main.js": 1310
    }
  },
  "gzippedBundleSize": {
    "total": 54834,
    "files": {
      "/html/main/index.html": 1215,
      "/static/css/main.css": 905,
      "/static/js/348.js": 46704,
      "/static/js/main.js": 5285,
      "/static/js/runtime-main.js": 725
    }
  },
  "buildHotBootTime": 1426.6944390000233,
  "yarnColdInstallTime": 233780.80706799997,
  "yarnHotInstallTime": 1215.9811870000558,
  "yarnDependenciesCount": 1418,
  "yarnInstallSize": 204510724
}
