{
  "devPluginSetupTime": 1495.3086216667045,
  "devPrepareTime": 328.13531199997914,
  "devColdBootTime": 7845.933322333304,
  "devHotBootTime": 4896.8730206666905,
  "buildPluginSetupTime": 1430.3709703333054,
  "buildPrepareTime": 710.7052676666839,
  "buildColdBootTime": 31712.39262566665,
  "minifiedBundleSize": {
    "total": 400221,
    "files": {
      "js": 530,
      "/html/main/index.html": 2666,
      "/static/css/main.css": 2636,
      "/static/js/4.js": 368740,
      "/static/js/main.js": 23988,
      "/static/js/runtime-main.js": 1661
    }
  },
  "gzippedBundleSize": {
    "total": 125538,
    "files": {
      "js": 246,
      "/html/main/index.html": 1341,
      "/static/css/main.css": 905,
      "/static/js/4.js": 114408,
      "/static/js/main.js": 7782,
      "/static/js/runtime-main.js": 856
    }
  },
  "buildHotBootTime": 12584.225980000027,
  "yarnColdInstallTime": 95900.49863299984,
  "yarnHotInstallTime": 1080.5235630001407,
  "yarnDependenciesCount": 1461,
  "yarnInstallSize": 226591899
}
