{
  "devPluginSetupTime": 1490.3694159999334,
  "devPrepareTime": 339.4393846666596,
  "devColdBootTime": 8012.624031666666,
  "devHotBootTime": 5181.43438900006,
  "buildPluginSetupTime": 1398.419291999967,
  "buildPrepareTime": 313.4391106666687,
  "buildColdBootTime": 25929.23239233337,
  "minifiedBundleSize": {
    "total": 400221,
    "files": {
      "js": 530,
      "/html/main/index.html": 2666,
      "/static/css/main.css": 2636,
      "/static/js/4.js": 368740,
      "/static/js/main.js": 23988,
      "/static/js/runtime-main.js": 1661
    }
  },
  "gzippedBundleSize": {
    "total": 125538,
    "files": {
      "js": 246,
      "/html/main/index.html": 1341,
      "/static/css/main.css": 905,
      "/static/js/4.js": 114408,
      "/static/js/main.js": 7782,
      "/static/js/runtime-main.js": 856
    }
  },
  "buildHotBootTime": 9027.644877666607,
  "yarnColdInstallTime": 107459.86907800008,
  "yarnHotInstallTime": 2410.6704160000663,
  "yarnDependenciesCount": 1461,
  "yarnInstallSize": 226602043
}
