{
  "devPluginSetupTime": 1671.548790666624,
  "devPrepareTime": 347.7360639999776,
  "devColdBootTime": 7862.461372666682,
  "devHotBootTime": 4839.211833333325,
  "buildPluginSetupTime": 1645.1851353333332,
  "buildPrepareTime": 307.10568366669276,
  "buildColdBootTime": 30596.791133666644,
  "minifiedBundleSize": {
    "total": 399659,
    "files": {
      "/html/main/index.html": 2658,
      "/static/css/main.css": 2636,
      "/static/js/4.js": 368732,
      "/static/js/main.js": 23980,
      "/static/js/runtime-main.js": 1653
    }
  },
  "gzippedBundleSize": {
    "total": 125270,
    "files": {
      "/html/main/index.html": 1337,
      "/static/css/main.css": 905,
      "/static/js/4.js": 114399,
      "/static/js/main.js": 7777,
      "/static/js/runtime-main.js": 852
    }
  },
  "buildHotBootTime": 10627.819994666652,
  "yarnColdInstallTime": 74759.46202199999,
  "yarnHotInstallTime": 1091.2369110002182,
  "yarnDependenciesCount": 1423,
  "yarnInstallSize": 218298772
}
