{
  "devPluginSetupTime": 1391.243059666672,
  "devPrepareTime": 307.4073253333336,
  "devColdBootTime": 7198.244484000024,
  "devHotBootTime": 4614.061111333314,
  "buildPluginSetupTime": 1395.6401423333834,
  "buildPrepareTime": 295.9901629999901,
  "buildColdBootTime": 24772.68439499995,
  "minifiedBundleSize": {
    "total": 400189,
    "files": {
      "js": 530,
      "/html/main/index.html": 2658,
      "/static/css/main.css": 2636,
      "/static/js/4.js": 368732,
      "/static/js/main.js": 23980,
      "/static/js/runtime-main.js": 1653
    }
  },
  "gzippedBundleSize": {
    "total": 125530,
    "files": {
      "js": 246,
      "/html/main/index.html": 1342,
      "/static/css/main.css": 905,
      "/static/js/4.js": 114404,
      "/static/js/main.js": 7780,
      "/static/js/runtime-main.js": 853
    }
  },
  "buildHotBootTime": 9032.065428000022,
  "yarnColdInstallTime": 79032.08350299997,
  "yarnHotInstallTime": 1010.1642489999067,
  "yarnDependenciesCount": 1480,
  "yarnInstallSize": 232763340
}
