{
  "devPluginSetupTime": 1458.003011333213,
  "devPrepareTime": 322.00738500004326,
  "devColdBootTime": 8940.706132000001,
  "devHotBootTime": 5192.7648379999055,
  "buildPluginSetupTime": 1482.5773583332386,
  "buildPrepareTime": 309.0592843333725,
  "buildColdBootTime": 44339.26523833334,
  "minifiedBundleSize": {
    "total": 815995,
    "files": {
      "js": 408156,
      "/html/main/index.html": 2666,
      "/static/css/main.css": 2636,
      "/static/js/654.js": 374779,
      "/static/js/main.js": 26099,
      "/static/js/runtime-main.js": 1659
    }
  },
  "gzippedBundleSize": {
    "total": 244537,
    "files": {
      "js": 116622,
      "/html/main/index.html": 1349,
      "/static/css/main.css": 905,
      "/static/js/654.js": 116423,
      "/static/js/main.js": 8377,
      "/static/js/runtime-main.js": 861
    }
  },
  "buildHotBootTime": 9443.481312333452,
  "yarnColdInstallTime": 137372.40911599994,
  "yarnHotInstallTime": 1203.730743000051,
  "yarnDependenciesCount": 1423,
  "yarnInstallSize": 218298772
}
