{
  "devPluginSetupTime": 1417.850728333462,
  "devPrepareTime": 334.11792633325484,
  "devColdBootTime": 14389.330417999998,
  "devHotBootTime": 4590.571834000138,
  "buildPluginSetupTime": 1414.4756749998778,
  "buildPrepareTime": 310.8499409998767,
  "buildColdBootTime": 32222.42954900007,
  "minifiedBundleSize": {
    "total": 407121,
    "files": {
      "/html/main/index.html": 2662,
      "/static/css/main.css": 9994,
      "/static/js/137.js": 368797,
      "/static/js/main.js": 24013,
      "/static/js/runtime-main.js": 1655
    }
  },
  "gzippedBundleSize": {
    "total": 126902,
    "files": {
      "/html/main/index.html": 1341,
      "/static/css/main.css": 2482,
      "/static/js/137.js": 114430,
      "/static/js/main.js": 7799,
      "/static/js/runtime-main.js": 850
    }
  },
  "buildHotBootTime": 8161.112939666491,
  "yarnColdInstallTime": 122328.91756299976,
  "yarnHotInstallTime": 1365.872215999756,
  "yarnDependenciesCount": 1941,
  "yarnInstallSize": 254500667
}
