{
  "devPluginSetupTime": 1549.2551386666794,
  "devPrepareTime": 435.6478866666633,
  "devColdBootTime": 4679.316473333359,
  "devHotBootTime": 3376.140953666647,
  "buildPluginSetupTime": 1440.0372359999844,
  "buildPrepareTime": 421.44279266664915,
  "buildColdBootTime": 20764.214446333277,
  "minifiedBundleSize": {
    "total": 169152,
    "files": {
      "/html/main/index.html": 2317,
      "/static/css/main.css": 2636,
      "/static/js/348.js": 145400,
      "/static/js/main.js": 17489,
      "/static/js/runtime-main.js": 1310
    }
  },
  "gzippedBundleSize": {
    "total": 54834,
    "files": {
      "/html/main/index.html": 1215,
      "/static/css/main.css": 905,
      "/static/js/348.js": 46704,
      "/static/js/main.js": 5285,
      "/static/js/runtime-main.js": 725
    }
  },
  "buildHotBootTime": 1399.0194226666742,
  "yarnColdInstallTime": 74873.57736500003,
  "yarnHotInstallTime": 1264.7355950000929,
  "yarnDependenciesCount": 1417,
  "yarnInstallSize": 204566505
}
