{
  "devPluginSetupTime": 1297.3366066666786,
  "devPrepareTime": 289.494334333421,
  "devColdBootTime": 8105.78992333333,
  "devHotBootTime": 4697.250676000025,
  "buildPluginSetupTime": 1305.478592000048,
  "buildPrepareTime": 280.8045939999477,
  "buildColdBootTime": 38893.04307433334,
  "minifiedBundleSize": {
    "total": 815995,
    "files": {
      "js": 408156,
      "/html/main/index.html": 2666,
      "/static/css/main.css": 2636,
      "/static/js/654.js": 374779,
      "/static/js/main.js": 26099,
      "/static/js/runtime-main.js": 1659
    }
  },
  "gzippedBundleSize": {
    "total": 244537,
    "files": {
      "js": 116622,
      "/html/main/index.html": 1349,
      "/static/css/main.css": 905,
      "/static/js/654.js": 116423,
      "/static/js/main.js": 8377,
      "/static/js/runtime-main.js": 861
    }
  },
  "buildHotBootTime": 8135.705321666629,
  "yarnColdInstallTime": 112096.38632800011,
  "yarnHotInstallTime": 1487.4730489999056,
  "yarnDependenciesCount": 1421,
  "yarnInstallSize": 218335366
}
