{
  "devPluginSetupTime": 1652.399310333344,
  "devPrepareTime": 360.7747153329353,
  "devColdBootTime": 7879.196675000402,
  "devHotBootTime": 4720.643282999906,
  "buildPluginSetupTime": 1648.5264950000371,
  "buildPrepareTime": 351.3486579998086,
  "buildColdBootTime": 60625.950992334016,
  "minifiedBundleSize": {
    "total": 817277,
    "files": {
      "js": 408156,
      "/html/main/index.html": 3948,
      "/static/css/main.css": 2636,
      "/static/js/654.js": 374779,
      "/static/js/main.js": 26099,
      "/static/js/runtime-main.js": 1659
    }
  },
  "gzippedBundleSize": {
    "total": 245052,
    "files": {
      "js": 116622,
      "/html/main/index.html": 1864,
      "/static/css/main.css": 905,
      "/static/js/654.js": 116423,
      "/static/js/main.js": 8377,
      "/static/js/runtime-main.js": 861
    }
  },
  "buildHotBootTime": 12300.852730333185,
  "yarnColdInstallTime": 136418.9227749994,
  "yarnHotInstallTime": 3256.454777999781,
  "yarnDependenciesCount": 1436,
  "yarnInstallSize": 219165090
}
