{
  "devPluginSetupTime": 1379.5660063326359,
  "devPrepareTime": 295.3946173333873,
  "devColdBootTime": 3913.3636726668724,
  "devHotBootTime": 2817.750902667021,
  "buildPluginSetupTime": 1369.2862009995927,
  "buildPrepareTime": 291.88637966662645,
  "buildColdBootTime": 15475.038712666059,
  "minifiedBundleSize": {
    "total": 169152,
    "files": {
      "/html/main/index.html": 2317,
      "/static/css/main.css": 2636,
      "/static/js/348.js": 145400,
      "/static/js/main.js": 17489,
      "/static/js/runtime-main.js": 1310
    }
  },
  "gzippedBundleSize": {
    "total": 54834,
    "files": {
      "/html/main/index.html": 1215,
      "/static/css/main.css": 905,
      "/static/js/348.js": 46704,
      "/static/js/main.js": 5285,
      "/static/js/runtime-main.js": 725
    }
  },
  "buildHotBootTime": 1143.3222076663126,
  "yarnColdInstallTime": 83211.20986999944,
  "yarnHotInstallTime": 2197.4155069999397,
  "yarnDependenciesCount": 1419,
  "yarnInstallSize": 204518418
}
