{
  "devPluginSetupTime": 1479.8776369999784,
  "devPrepareTime": 326.72788966679946,
  "devColdBootTime": 7518.403645666626,
  "devHotBootTime": 4999.433507666613,
  "buildPluginSetupTime": 1547.2931613333833,
  "buildPrepareTime": 320.5629343333033,
  "buildColdBootTime": 29793.808969999973,
  "minifiedBundleSize": {
    "total": 400221,
    "files": {
      "js": 530,
      "/html/main/index.html": 2666,
      "/static/css/main.css": 2636,
      "/static/js/4.js": 368740,
      "/static/js/main.js": 23988,
      "/static/js/runtime-main.js": 1661
    }
  },
  "gzippedBundleSize": {
    "total": 125538,
    "files": {
      "js": 246,
      "/html/main/index.html": 1341,
      "/static/css/main.css": 905,
      "/static/js/4.js": 114408,
      "/static/js/main.js": 7782,
      "/static/js/runtime-main.js": 856
    }
  },
  "buildHotBootTime": 11488.420800333377,
  "yarnColdInstallTime": 124488.81812299974,
  "yarnHotInstallTime": 3019.517519000452,
  "yarnDependenciesCount": 1463,
  "yarnInstallSize": 226555305
}
