{
  "devPluginSetupTime": 1637.5136893333208,
  "devPrepareTime": 400.34709033335093,
  "devColdBootTime": 7073.070968000025,
  "devHotBootTime": 4552.474126666687,
  "buildPluginSetupTime": 1433.7056886666687,
  "buildPrepareTime": 529.5466949999876,
  "buildColdBootTime": 30317.22277433336,
  "minifiedBundleSize": {
    "total": 399659,
    "files": {
      "/html/main/index.html": 2658,
      "/static/css/main.css": 2636,
      "/static/js/4.js": 368732,
      "/static/js/main.js": 23980,
      "/static/js/runtime-main.js": 1653
    }
  },
  "gzippedBundleSize": {
    "total": 125270,
    "files": {
      "/html/main/index.html": 1337,
      "/static/css/main.css": 905,
      "/static/js/4.js": 114399,
      "/static/js/main.js": 7777,
      "/static/js/runtime-main.js": 852
    }
  },
  "buildHotBootTime": 8944.590442666706,
  "yarnColdInstallTime": 93461.46596099995,
  "yarnHotInstallTime": 1877.3193380000303,
  "yarnDependenciesCount": 1421,
  "yarnInstallSize": 218345510
}
