{
  "devPluginSetupTime": 1741.443628000018,
  "devPrepareTime": 348.4089143333258,
  "devColdBootTime": 8425.931238999978,
  "devHotBootTime": 5392.0056076666415,
  "buildPluginSetupTime": 1548.0589543333044,
  "buildPrepareTime": 629.7162169999987,
  "buildColdBootTime": 34027.813456666656,
  "minifiedBundleSize": {
    "total": 400189,
    "files": {
      "js": 530,
      "/html/main/index.html": 2658,
      "/static/css/main.css": 2636,
      "/static/js/4.js": 368732,
      "/static/js/main.js": 23980,
      "/static/js/runtime-main.js": 1653
    }
  },
  "gzippedBundleSize": {
    "total": 125530,
    "files": {
      "js": 246,
      "/html/main/index.html": 1342,
      "/static/css/main.css": 905,
      "/static/js/4.js": 114404,
      "/static/js/main.js": 7780,
      "/static/js/runtime-main.js": 853
    }
  },
  "buildHotBootTime": 11880.155178333362,
  "yarnColdInstallTime": 111732.15719300008,
  "yarnHotInstallTime": 2521.427551000146,
  "yarnDependenciesCount": 1478,
  "yarnInstallSize": 232810078
}
