{
  "devPluginSetupTime": 1498.250233666622,
  "devPrepareTime": 321.9670786667072,
  "devColdBootTime": 14716.8157623333,
  "devHotBootTime": 4909.0408416666905,
  "buildPluginSetupTime": 1496.4431206666632,
  "buildPrepareTime": 356.05371066667914,
  "buildColdBootTime": 44679.60648966662,
  "minifiedBundleSize": {
    "total": 407121,
    "files": {
      "/html/main/index.html": 2662,
      "/static/css/main.css": 9994,
      "/static/js/137.js": 368797,
      "/static/js/main.js": 24013,
      "/static/js/runtime-main.js": 1655
    }
  },
  "gzippedBundleSize": {
    "total": 126902,
    "files": {
      "/html/main/index.html": 1341,
      "/static/css/main.css": 2482,
      "/static/js/137.js": 114430,
      "/static/js/main.js": 7799,
      "/static/js/runtime-main.js": 850
    }
  },
  "buildHotBootTime": 9214.259432333327,
  "yarnColdInstallTime": 112839.56245000008,
  "yarnHotInstallTime": 1387.4866710000206,
  "yarnDependenciesCount": 1941,
  "yarnInstallSize": 254510763
}
