{
  "devPluginSetupTime": 1536.7438386664726,
  "devPrepareTime": 322.41607966677594,
  "devColdBootTime": 6967.574875333346,
  "devHotBootTime": 4206.543322000031,
  "buildPluginSetupTime": 1516.861686333393,
  "buildPrepareTime": 309.0886206667249,
  "buildColdBootTime": 43653.934429666646,
  "minifiedBundleSize": {
    "total": 817277,
    "files": {
      "js": 408156,
      "/html/main/index.html": 3948,
      "/static/css/main.css": 2636,
      "/static/js/654.js": 374779,
      "/static/js/main.js": 26099,
      "/static/js/runtime-main.js": 1659
    }
  },
  "gzippedBundleSize": {
    "total": 245052,
    "files": {
      "js": 116622,
      "/html/main/index.html": 1864,
      "/static/css/main.css": 905,
      "/static/js/654.js": 116423,
      "/static/js/main.js": 8377,
      "/static/js/runtime-main.js": 861
    }
  },
  "buildHotBootTime": 9838.618500333434,
  "yarnColdInstallTime": 105321.44775399985,
  "yarnHotInstallTime": 2326.9542860002257,
  "yarnDependenciesCount": 1438,
  "yarnInstallSize": 219118352
}
