{
  "devPluginSetupTime": 1402.5994966665749,
  "devPrepareTime": 299.1623683332776,
  "devColdBootTime": 8433.353252333278,
  "devHotBootTime": 4815.903724333271,
  "buildPluginSetupTime": 1355.8896263334125,
  "buildPrepareTime": 296.935622666652,
  "buildColdBootTime": 42037.55300766664,
  "minifiedBundleSize": {
    "total": 815995,
    "files": {
      "js": 408156,
      "/html/main/index.html": 2666,
      "/static/css/main.css": 2636,
      "/static/js/654.js": 374779,
      "/static/js/main.js": 26099,
      "/static/js/runtime-main.js": 1659
    }
  },
  "gzippedBundleSize": {
    "total": 244537,
    "files": {
      "js": 116622,
      "/html/main/index.html": 1349,
      "/static/css/main.css": 905,
      "/static/js/654.js": 116423,
      "/static/js/main.js": 8377,
      "/static/js/runtime-main.js": 861
    }
  },
  "buildHotBootTime": 8772.460578000018,
  "yarnColdInstallTime": 155043.98007400008,
  "yarnHotInstallTime": 1225.0296979998238,
  "yarnDependenciesCount": 1421,
  "yarnInstallSize": 218345510
}
