{
  "devPluginSetupTime": 1298.316424000077,
  "devPrepareTime": 278.17672999979305,
  "devColdBootTime": 5904.491505333378,
  "devHotBootTime": 3562.676241000028,
  "buildPluginSetupTime": 1332.5921330001827,
  "buildPrepareTime": 283.5057943334493,
  "buildColdBootTime": 39173.246251666766,
  "minifiedBundleSize": {
    "total": 817277,
    "files": {
      "js": 408156,
      "/html/main/index.html": 3948,
      "/static/css/main.css": 2636,
      "/static/js/654.js": 374779,
      "/static/js/main.js": 26099,
      "/static/js/runtime-main.js": 1659
    }
  },
  "gzippedBundleSize": {
    "total": 245052,
    "files": {
      "js": 116622,
      "/html/main/index.html": 1864,
      "/static/css/main.css": 905,
      "/static/js/654.js": 116423,
      "/static/js/main.js": 8377,
      "/static/js/runtime-main.js": 861
    }
  },
  "buildHotBootTime": 8896.668328666594,
  "yarnColdInstallTime": 96593.4775729999,
  "yarnHotInstallTime": 1115.5945510002784,
  "yarnDependenciesCount": 1438,
  "yarnInstallSize": 219117003
}
