{
  "devPluginSetupTime": 1638.1213493333391,
  "devPrepareTime": 509.80882266668294,
  "devColdBootTime": 8950.502151999992,
  "devHotBootTime": 5335.562407999959,
  "buildPluginSetupTime": 1340.695859666642,
  "buildPrepareTime": 297.0619926666841,
  "buildColdBootTime": 46223.27258033332,
  "minifiedBundleSize": {
    "total": 815995,
    "files": {
      "js": 408156,
      "/html/main/index.html": 2666,
      "/static/css/main.css": 2636,
      "/static/js/654.js": 374779,
      "/static/js/main.js": 26099,
      "/static/js/runtime-main.js": 1659
    }
  },
  "gzippedBundleSize": {
    "total": 244537,
    "files": {
      "js": 116622,
      "/html/main/index.html": 1349,
      "/static/css/main.css": 905,
      "/static/js/654.js": 116423,
      "/static/js/main.js": 8377,
      "/static/js/runtime-main.js": 861
    }
  },
  "buildHotBootTime": 9635.625208333367,
  "yarnColdInstallTime": 88963.06146499992,
  "yarnHotInstallTime": 1468.7246630000882,
  "yarnDependenciesCount": 1423,
  "yarnInstallSize": 218297423
}
