{
  "devPluginSetupTime": 1910.8746526666412,
  "devPrepareTime": 713.0672310000131,
  "devColdBootTime": 14908.017848999976,
  "devHotBootTime": 5391.25440466664,
  "buildPluginSetupTime": 1549.7329233333392,
  "buildPrepareTime": 319.36591666665237,
  "buildColdBootTime": 38828.70586166667,
  "minifiedBundleSize": {
    "total": 407121,
    "files": {
      "/html/main/index.html": 2662,
      "/static/css/main.css": 9994,
      "/static/js/137.js": 368797,
      "/static/js/main.js": 24013,
      "/static/js/runtime-main.js": 1655
    }
  },
  "gzippedBundleSize": {
    "total": 126902,
    "files": {
      "/html/main/index.html": 1341,
      "/static/css/main.css": 2482,
      "/static/js/137.js": 114430,
      "/static/js/main.js": 7799,
      "/static/js/runtime-main.js": 850
    }
  },
  "buildHotBootTime": 10079.016181666637,
  "yarnColdInstallTime": 101462.5981399999,
  "yarnHotInstallTime": 1422.9272399998736,
  "yarnDependenciesCount": 1943,
  "yarnInstallSize": 254464073
}
