{
  "devPluginSetupTime": 1380.403312666652,
  "devPrepareTime": 307.9733223333412,
  "devColdBootTime": 6955.4142720000045,
  "devHotBootTime": 4197.734549000005,
  "buildPluginSetupTime": 1454.1389796666335,
  "buildPrepareTime": 302.9845983334041,
  "buildColdBootTime": 28707.675280000007,
  "minifiedBundleSize": {
    "total": 399659,
    "files": {
      "/html/main/index.html": 2658,
      "/static/css/main.css": 2636,
      "/static/js/4.js": 368732,
      "/static/js/main.js": 23980,
      "/static/js/runtime-main.js": 1653
    }
  },
  "gzippedBundleSize": {
    "total": 125270,
    "files": {
      "/html/main/index.html": 1337,
      "/static/css/main.css": 905,
      "/static/js/4.js": 114399,
      "/static/js/main.js": 7777,
      "/static/js/runtime-main.js": 852
    }
  },
  "buildHotBootTime": 8786.500162999999,
  "yarnColdInstallTime": 76801.71348899999,
  "yarnHotInstallTime": 1290.2293630000204,
  "yarnDependenciesCount": 1421,
  "yarnInstallSize": 218335366
}
