{
  "devPluginSetupTime": 1368.3821626668796,
  "devPrepareTime": 301.7981173334022,
  "devColdBootTime": 13209.138661666773,
  "devHotBootTime": 4308.786633666605,
  "buildPluginSetupTime": 1376.0324840005487,
  "buildPrepareTime": 308.99754933392006,
  "buildColdBootTime": 29671.136867666617,
  "minifiedBundleSize": {
    "total": 407121,
    "files": {
      "/html/main/index.html": 2662,
      "/static/css/main.css": 9994,
      "/static/js/137.js": 368797,
      "/static/js/main.js": 24013,
      "/static/js/runtime-main.js": 1655
    }
  },
  "gzippedBundleSize": {
    "total": 126902,
    "files": {
      "/html/main/index.html": 1341,
      "/static/css/main.css": 2482,
      "/static/js/137.js": 114430,
      "/static/js/main.js": 7799,
      "/static/js/runtime-main.js": 850
    }
  },
  "buildHotBootTime": 7932.590563333283,
  "yarnColdInstallTime": 112901.56148799974,
  "yarnHotInstallTime": 1662.2625179998577,
  "yarnDependenciesCount": 1943,
  "yarnInstallSize": 254462724
}
