{
  "devPluginSetupTime": 1408.5864149999882,
  "devPrepareTime": 308.28656833331723,
  "devColdBootTime": 4024.943081333302,
  "devHotBootTime": 2926.5821086666933,
  "buildPluginSetupTime": 1417.1874329999555,
  "buildPrepareTime": 296.49890633338754,
  "buildColdBootTime": 15753.631688999943,
  "minifiedBundleSize": {
    "total": 169152,
    "files": {
      "/html/main/index.html": 2317,
      "/static/css/main.css": 2636,
      "/static/js/348.js": 145400,
      "/static/js/main.js": 17489,
      "/static/js/runtime-main.js": 1310
    }
  },
  "gzippedBundleSize": {
    "total": 54834,
    "files": {
      "/html/main/index.html": 1215,
      "/static/css/main.css": 905,
      "/static/js/348.js": 46704,
      "/static/js/main.js": 5285,
      "/static/js/runtime-main.js": 725
    }
  },
  "buildHotBootTime": 1183.1812003333664,
  "yarnColdInstallTime": 79552.68625300005,
  "yarnHotInstallTime": 1476.3404259998351,
  "yarnDependenciesCount": 1417,
  "yarnInstallSize": 204556361
}
