{
  "devPluginSetupTime": 1361.2844986667235,
  "devPrepareTime": 301.560108333438,
  "devColdBootTime": 6999.263518666693,
  "devHotBootTime": 4476.171017333322,
  "buildPluginSetupTime": 1315.4958513333306,
  "buildPrepareTime": 293.337663666578,
  "buildColdBootTime": 24065.291585000075,
  "minifiedBundleSize": {
    "total": 400221,
    "files": {
      "js": 530,
      "/html/main/index.html": 2666,
      "/static/css/main.css": 2636,
      "/static/js/4.js": 368740,
      "/static/js/main.js": 23988,
      "/static/js/runtime-main.js": 1661
    }
  },
  "gzippedBundleSize": {
    "total": 125538,
    "files": {
      "js": 246,
      "/html/main/index.html": 1341,
      "/static/css/main.css": 905,
      "/static/js/4.js": 114408,
      "/static/js/main.js": 7782,
      "/static/js/runtime-main.js": 856
    }
  },
  "buildHotBootTime": 8787.327862666687,
  "yarnColdInstallTime": 77499.06635400001,
  "yarnHotInstallTime": 972.0705769998021,
  "yarnDependenciesCount": 1463,
  "yarnInstallSize": 226553956
}
