{
  "devPluginSetupTime": 1316.221792333449,
  "devPrepareTime": 293.1609186668259,
  "devColdBootTime": 7113.1208879998885,
  "devHotBootTime": 4560.887949666784,
  "buildPluginSetupTime": 1343.4689386667062,
  "buildPrepareTime": 295.50813200014335,
  "buildColdBootTime": 24400.84654466668,
  "minifiedBundleSize": {
    "total": 400189,
    "files": {
      "js": 530,
      "/html/main/index.html": 2658,
      "/static/css/main.css": 2636,
      "/static/js/4.js": 368732,
      "/static/js/main.js": 23980,
      "/static/js/runtime-main.js": 1653
    }
  },
  "gzippedBundleSize": {
    "total": 125530,
    "files": {
      "js": 246,
      "/html/main/index.html": 1342,
      "/static/css/main.css": 905,
      "/static/js/4.js": 114404,
      "/static/js/main.js": 7780,
      "/static/js/runtime-main.js": 853
    }
  },
  "buildHotBootTime": 9021.880413666679,
  "yarnColdInstallTime": 106435.48274900019,
  "yarnHotInstallTime": 2181.5193920000456,
  "yarnDependenciesCount": 1480,
  "yarnInstallSize": 232761991
}
