{
  "devPluginSetupTime": 1827.086193999974,
  "devPrepareTime": 470.67039733337396,
  "devColdBootTime": 7332.550768333371,
  "devHotBootTime": 4939.474599666661,
  "buildPluginSetupTime": 1436.5106993333513,
  "buildPrepareTime": 366.5830076667092,
  "buildColdBootTime": 25085.762160000042,
  "minifiedBundleSize": {
    "total": 399659,
    "files": {
      "/html/main/index.html": 2658,
      "/static/css/main.css": 2636,
      "/static/js/4.js": 368732,
      "/static/js/main.js": 23980,
      "/static/js/runtime-main.js": 1653
    }
  },
  "gzippedBundleSize": {
    "total": 125270,
    "files": {
      "/html/main/index.html": 1337,
      "/static/css/main.css": 905,
      "/static/js/4.js": 114399,
      "/static/js/main.js": 7777,
      "/static/js/runtime-main.js": 852
    }
  },
  "buildHotBootTime": 7766.028631999972,
  "yarnColdInstallTime": 88494.98661700008,
  "yarnHotInstallTime": 1651.3569920000155,
  "yarnDependenciesCount": 1422,
  "yarnInstallSize": 218289729
}
