{
  "devPluginSetupTime": 1541.3639013333402,
  "devPrepareTime": 333.138568666686,
  "devColdBootTime": 7657.460437999999,
  "devHotBootTime": 4952.793259333237,
  "buildPluginSetupTime": 1473.5955353333459,
  "buildPrepareTime": 302.2196210000354,
  "buildColdBootTime": 29616.283658666613,
  "minifiedBundleSize": {
    "total": 400189,
    "files": {
      "js": 530,
      "/html/main/index.html": 2658,
      "/static/css/main.css": 2636,
      "/static/js/4.js": 368732,
      "/static/js/main.js": 23980,
      "/static/js/runtime-main.js": 1653
    }
  },
  "gzippedBundleSize": {
    "total": 125530,
    "files": {
      "js": 246,
      "/html/main/index.html": 1342,
      "/static/css/main.css": 905,
      "/static/js/4.js": 114404,
      "/static/js/main.js": 7780,
      "/static/js/runtime-main.js": 853
    }
  },
  "buildHotBootTime": 10271.965708999973,
  "yarnColdInstallTime": 74019.26219699997,
  "yarnHotInstallTime": 1234.224898000015,
  "yarnDependenciesCount": 1478,
  "yarnInstallSize": 232799934
}
