{
  "devPluginSetupTime": 1326.8418886666186,
  "devPrepareTime": 299.2945170002058,
  "devColdBootTime": 6249.13639833328,
  "devHotBootTime": 3783.281335333207,
  "buildPluginSetupTime": 1332.9739186667528,
  "buildPrepareTime": 286.14016033352044,
  "buildColdBootTime": 24416.096884000115,
  "minifiedBundleSize": {
    "total": 399659,
    "files": {
      "/html/main/index.html": 2658,
      "/static/css/main.css": 2636,
      "/static/js/4.js": 368732,
      "/static/js/main.js": 23980,
      "/static/js/runtime-main.js": 1653
    }
  },
  "gzippedBundleSize": {
    "total": 125270,
    "files": {
      "/html/main/index.html": 1337,
      "/static/css/main.css": 905,
      "/static/js/4.js": 114399,
      "/static/js/main.js": 7777,
      "/static/js/runtime-main.js": 852
    }
  },
  "buildHotBootTime": 7696.681735666779,
  "yarnColdInstallTime": 93393.21528899996,
  "yarnHotInstallTime": 2268.864419999998,
  "yarnDependenciesCount": 1423,
  "yarnInstallSize": 218297423
}
