{
  "devPluginSetupTime": 322.00516533331637,
  "devPrepareTime": 437.7043966666873,
  "devColdBootTime": 4424.990255333328,
  "devHotBootTime": 3217.3944569999585,
  "buildPluginSetupTime": 283.3974099999371,
  "buildPrepareTime": 422.62909300000564,
  "buildColdBootTime": 13894.695327666666,
  "minifiedBundleSize": {
    "total": 166076,
    "files": {
      "/html/main/index.html": 2301,
      "/static/css/main.css": 2636,
      "/static/js/906.js": 144816,
      "/static/js/main.js": 15029,
      "/static/js/runtime-main.js": 1294
    }
  },
  "gzippedBundleSize": {
    "total": 54198,
    "files": {
      "/html/main/index.html": 1213,
      "/static/css/main.css": 905,
      "/static/js/906.js": 46641,
      "/static/js/main.js": 4713,
      "/static/js/runtime-main.js": 726
    }
  },
  "buildHotBootTime": 1306.7526723332703,
  "yarnColdInstallTime": 93814.782351,
  "yarnHotInstallTime": 2150.634793000063,
  "yarnDependenciesCount": 1316,
  "yarnInstallSize": 197592739
}
