{
  "devPluginSetupTime": 1431.8107503333206,
  "devPrepareTime": 391.75297466665506,
  "devColdBootTime": 4340.073532666662,
  "devHotBootTime": 3374.5170889999717,
  "buildPluginSetupTime": 1418.698951333373,
  "buildPrepareTime": 389.596223333346,
  "buildColdBootTime": 17605.276699333335,
  "minifiedBundleSize": {
    "total": 169570,
    "files": {
      "/html/main/index.html": 2317,
      "/static/css/main.css": 2636,
      "/static/js/219.js": 145744,
      "/static/js/main.js": 17563,
      "/static/js/runtime-main.js": 1310
    }
  },
  "gzippedBundleSize": {
    "total": 54860,
    "files": {
      "/html/main/index.html": 1212,
      "/static/css/main.css": 905,
      "/static/js/219.js": 46776,
      "/static/js/main.js": 5242,
      "/static/js/runtime-main.js": 725
    }
  },
  "buildHotBootTime": 1219.6243593333445,
  "yarnColdInstallTime": 84684.14844699996,
  "yarnHotInstallTime": 1149.3255400001071,
  "yarnDependenciesCount": 1503,
  "yarnInstallSize": 215183749
}
