{
  "yarnColdInstallTime": 125768.0904649999,
  "yarnHotInstallTime": 1546.047230000142,
  "yarnDependenciesCount": 1871,
  "yarnInstallSize": 340927966
}
