{
  "yarnColdInstallTime": 71510.17190800002,
  "yarnHotInstallTime": 1042.170333999995,
  "yarnDependenciesCount": 1498,
  "yarnInstallSize": 227354349
}
