{
  "yarnColdInstallTime": 83371.24466199998,
  "yarnHotInstallTime": 2395.7852110000094,
  "yarnDependenciesCount": 1494,
  "yarnInstallSize": 213701923
}
