{
  "yarnColdInstallTime": 69046.13144499998,
  "yarnHotInstallTime": 968.1802989999996,
  "yarnDependenciesCount": 1498,
  "yarnInstallSize": 227354349
}
