{
  "yarnColdInstallTime": 82129.37470400007,
  "yarnHotInstallTime": 1230.8439510001335,
  "yarnDependenciesCount": 1503,
  "yarnInstallSize": 225718895,
  "devPluginSetupTime": 1559.7782956666779,
  "devPrepareTime": 383.21436400001403,
  "devColdBootTime": 9490.155487666721,
  "devHotBootTime": 5759.886739999987,
  "buildPluginSetupTime": 1557.287585666636,
  "buildPrepareTime": 401.1741720000282,
  "buildColdBootTime": 51565.306055666646,
  "minifiedBundleSize": {
    "total": 869435,
    "files": {
      "js": 408676,
      "/html/main/index.html": 2666,
      "/static/css/main.css": 2636,
      "/static/js/247.js": 430203,
      "/static/js/main.js": 23595,
      "/static/js/runtime-main.js": 1659
    }
  },
  "gzippedBundleSize": {
    "total": 259736,
    "files": {
      "js": 116461,
      "/html/main/index.html": 1349,
      "/static/css/main.css": 905,
      "/static/js/247.js": 132997,
      "/static/js/main.js": 7163,
      "/static/js/runtime-main.js": 861
    }
  },
  "buildHotBootTime": 10374.94178733346
}
