{
  "yarnColdInstallTime": 98686.30476600002,
  "yarnHotInstallTime": 1178.0760729999747,
  "yarnDependenciesCount": 1498,
  "yarnInstallSize": 211938459,
  "devPluginSetupTime": 1547.9842760000222,
  "devPrepareTime": 412.68281066664105,
  "devColdBootTime": 4853.884624999987,
  "devHotBootTime": 3596.682558333307,
  "buildPluginSetupTime": 1444.0504363333264,
  "buildPrepareTime": 699.9562910000483,
  "buildColdBootTime": 23397.49001899998,
  "minifiedBundleSize": {
    "total": 170175,
    "files": {
      "/html/main/index.html": 2317,
      "/static/css/main.css": 2636,
      "/static/js/324.js": 146365,
      "/static/js/main.js": 17547,
      "/static/js/runtime-main.js": 1310
    }
  },
  "gzippedBundleSize": {
    "total": 55013,
    "files": {
      "/html/main/index.html": 1214,
      "/static/css/main.css": 905,
      "/static/js/324.js": 46922,
      "/static/js/main.js": 5247,
      "/static/js/runtime-main.js": 725
    }
  },
  "buildHotBootTime": 1991.9142943333136
}
