{
  "yarnColdInstallTime": 117458.053721,
  "yarnHotInstallTime": 1217.5460090000124,
  "yarnDependenciesCount": 1870,
  "yarnInstallSize": 340901702
}
