{
  "devPluginSetupTime": 1351.3475470000024,
  "devPrepareTime": 340.5368146666636,
  "devColdBootTime": 7271.2428213332705,
  "devHotBootTime": 4583.878579333308,
  "buildPluginSetupTime": 1512.067389666646,
  "buildPrepareTime": 611.37168833334,
  "buildColdBootTime": 30110.79096766662,
  "minifiedBundleSize": {
    "total": 400189,
    "files": {
      "js": 530,
      "/html/main/index.html": 2658,
      "/static/css/main.css": 2636,
      "/static/js/4.js": 368732,
      "/static/js/main.js": 23980,
      "/static/js/runtime-main.js": 1653
    }
  },
  "gzippedBundleSize": {
    "total": 125530,
    "files": {
      "js": 246,
      "/html/main/index.html": 1342,
      "/static/css/main.css": 905,
      "/static/js/4.js": 114404,
      "/static/js/main.js": 7780,
      "/static/js/runtime-main.js": 853
    }
  },
  "buildHotBootTime": 11150.508365999985,
  "yarnColdInstallTime": 112539.68592999992,
  "yarnHotInstallTime": 2152.3923029999714,
  "yarnDependenciesCount": 1479,
  "yarnInstallSize": 232754297
}
