{
  "devPluginSetupTime": 1533.1496679999789,
  "devPrepareTime": 316.27824500001344,
  "devColdBootTime": 9220.57199799995,
  "devHotBootTime": 5276.778704999985,
  "buildPluginSetupTime": 1452.8395556666267,
  "buildPrepareTime": 318.2201490000589,
  "buildColdBootTime": 48469.089725333346,
  "minifiedBundleSize": {
    "total": 815995,
    "files": {
      "js": 408156,
      "/html/main/index.html": 2666,
      "/static/css/main.css": 2636,
      "/static/js/654.js": 374779,
      "/static/js/main.js": 26099,
      "/static/js/runtime-main.js": 1659
    }
  },
  "gzippedBundleSize": {
    "total": 244537,
    "files": {
      "js": 116622,
      "/html/main/index.html": 1349,
      "/static/css/main.css": 905,
      "/static/js/654.js": 116423,
      "/static/js/main.js": 8377,
      "/static/js/runtime-main.js": 861
    }
  },
  "buildHotBootTime": 10305.658057333281,
  "yarnColdInstallTime": 82342.76077899989,
  "yarnHotInstallTime": 1124.688368999865,
  "yarnDependenciesCount": 1422,
  "yarnInstallSize": 218289729
}
