{
  "devPluginSetupTime": 1275.5638076666899,
  "devPrepareTime": 293.7241316666671,
  "devColdBootTime": 6658.529761666742,
  "devHotBootTime": 4290.552386999984,
  "buildPluginSetupTime": 1280.692320333328,
  "buildPrepareTime": 282.039164999888,
  "buildColdBootTime": 22755.84030466674,
  "minifiedBundleSize": {
    "total": 400189,
    "files": {
      "js": 530,
      "/html/main/index.html": 2658,
      "/static/css/main.css": 2636,
      "/static/js/4.js": 368732,
      "/static/js/main.js": 23980,
      "/static/js/runtime-main.js": 1653
    }
  },
  "gzippedBundleSize": {
    "total": 125530,
    "files": {
      "js": 246,
      "/html/main/index.html": 1342,
      "/static/css/main.css": 905,
      "/static/js/4.js": 114404,
      "/static/js/main.js": 7780,
      "/static/js/runtime-main.js": 853
    }
  },
  "buildHotBootTime": 8420.449081666613,
  "yarnColdInstallTime": 102078.86810299987,
  "yarnHotInstallTime": 1966.727235000115,
  "yarnDependenciesCount": 1479,
  "yarnInstallSize": 232743895
}
