{
  "devPluginSetupTime": 1973.1508173333325,
  "devPrepareTime": 374.10389833334676,
  "devColdBootTime": 7706.455764333329,
  "devHotBootTime": 5446.632082333362,
  "buildPluginSetupTime": 1532.392845666657,
  "buildPrepareTime": 328.49640999998275,
  "buildColdBootTime": 31328.686146999982,
  "minifiedBundleSize": {
    "total": 399659,
    "files": {
      "/html/main/index.html": 2658,
      "/static/css/main.css": 2636,
      "/static/js/4.js": 368732,
      "/static/js/main.js": 23980,
      "/static/js/runtime-main.js": 1653
    }
  },
  "gzippedBundleSize": {
    "total": 125270,
    "files": {
      "/html/main/index.html": 1337,
      "/static/css/main.css": 905,
      "/static/js/4.js": 114399,
      "/static/js/main.js": 7777,
      "/static/js/runtime-main.js": 852
    }
  },
  "buildHotBootTime": 10597.732600333247,
  "yarnColdInstallTime": 94566.69399300008,
  "yarnHotInstallTime": 2182.547036000062,
  "yarnDependenciesCount": 1422,
  "yarnInstallSize": 218289729
}
