{
  "devPluginSetupTime": 1283.0133863314986,
  "devPrepareTime": 275.6311356673638,
  "devColdBootTime": 5924.544594667852,
  "devHotBootTime": 3593.5945269986987,
  "buildPluginSetupTime": 1284.1649093329906,
  "buildPrepareTime": 274.13160700102645,
  "buildColdBootTime": 37397.462372002505,
  "minifiedBundleSize": {
    "total": 817277,
    "files": {
      "js": 408156,
      "/html/main/index.html": 3948,
      "/static/css/main.css": 2636,
      "/static/js/654.js": 374779,
      "/static/js/main.js": 26099,
      "/static/js/runtime-main.js": 1659
    }
  },
  "gzippedBundleSize": {
    "total": 245052,
    "files": {
      "js": 116622,
      "/html/main/index.html": 1864,
      "/static/css/main.css": 905,
      "/static/js/654.js": 116423,
      "/static/js/main.js": 8377,
      "/static/js/runtime-main.js": 861
    }
  },
  "buildHotBootTime": 8444.334401999911,
  "yarnColdInstallTime": 95395.73379799724,
  "yarnHotInstallTime": 2167.047050997615,
  "yarnDependenciesCount": 1437,
  "yarnInstallSize": 219109309
}
