{
  "devPluginSetupTime": 1472.3424766666722,
  "devPrepareTime": 327.05997133332613,
  "devColdBootTime": 7625.340873666612,
  "devHotBootTime": 4953.014950333396,
  "buildPluginSetupTime": 1515.1482576666942,
  "buildPrepareTime": 312.2143076666398,
  "buildColdBootTime": 32008.99455933335,
  "minifiedBundleSize": {
    "total": 400221,
    "files": {
      "js": 530,
      "/html/main/index.html": 2666,
      "/static/css/main.css": 2636,
      "/static/js/4.js": 368740,
      "/static/js/main.js": 23988,
      "/static/js/runtime-main.js": 1661
    }
  },
  "gzippedBundleSize": {
    "total": 125538,
    "files": {
      "js": 246,
      "/html/main/index.html": 1341,
      "/static/css/main.css": 905,
      "/static/js/4.js": 114408,
      "/static/js/main.js": 7782,
      "/static/js/runtime-main.js": 856
    }
  },
  "buildHotBootTime": 11390.4756793334,
  "yarnColdInstallTime": 83849.6390529999,
  "yarnHotInstallTime": 1129.4446960000787,
  "yarnDependenciesCount": 1462,
  "yarnInstallSize": 226546262
}
