{
  "devPluginSetupTime": 1401.7152286666678,
  "devPrepareTime": 320.88026099997415,
  "devColdBootTime": 4041.4821886666664,
  "devHotBootTime": 2926.6175200000093,
  "buildPluginSetupTime": 1396.815402333353,
  "buildPrepareTime": 298.4450713333208,
  "buildColdBootTime": 15927.114565999946,
  "minifiedBundleSize": {
    "total": 169152,
    "files": {
      "/html/main/index.html": 2317,
      "/static/css/main.css": 2636,
      "/static/js/348.js": 145400,
      "/static/js/main.js": 17489,
      "/static/js/runtime-main.js": 1310
    }
  },
  "gzippedBundleSize": {
    "total": 54834,
    "files": {
      "/html/main/index.html": 1215,
      "/static/css/main.css": 905,
      "/static/js/348.js": 46704,
      "/static/js/main.js": 5285,
      "/static/js/runtime-main.js": 725
    }
  },
  "buildHotBootTime": 1232.3063560000155,
  "yarnColdInstallTime": 91951.60488700005,
  "yarnHotInstallTime": 1048.3593429999892,
  "yarnDependenciesCount": 1418,
  "yarnInstallSize": 204510724
}
