{
  "devPluginSetupTime": 1430.7676629999187,
  "devPrepareTime": 660.1432106667198,
  "devColdBootTime": 11151.938892666638,
  "devHotBootTime": 10395.354001333317,
  "buildPluginSetupTime": 1119.2915113333922,
  "buildPrepareTime": 296.31693833336857,
  "buildColdBootTime": 29176.42949166661,
  "minifiedBundleSize": {
    "total": 11619117,
    "files": {
      "js": 11116626,
      "/html/main/index.html": 2666,
      "/static/css/main.css": 2636,
      "/static/js/772.js": 454009,
      "/static/js/main.js": 41521,
      "/static/js/runtime-main.js": 1659
    }
  },
  "gzippedBundleSize": {
    "total": 2180532,
    "files": {
      "js": 2030346,
      "/html/main/index.html": 1351,
      "/static/css/main.css": 905,
      "/static/js/772.js": 138759,
      "/static/js/main.js": 8310,
      "/static/js/runtime-main.js": 861
    }
  },
  "buildHotBootTime": 31002.33261599997
}
