{
  "devPluginSetupTime": 339.0381303333367,
  "devPrepareTime": 548.2884716666691,
  "devColdBootTime": 31007.381851666683,
  "devHotBootTime": 13448.804411000068,
  "buildPluginSetupTime": 326.91279633327696,
  "buildPrepareTime": 467.0244159999614,
  "buildColdBootTime": 50066.763797666645,
  "minifiedBundleSize": {
    "total": 6224401,
    "files": {
      "/html/main/index.html": 9812,
      "/static/css/1154.css": 1369,
      "/static/css/1238.css": 1039,
      "/static/css/1278.css": 549,
      "/static/css/1293.css": 367,
      "/static/css/1541.css": 1661,
      "/static/css/1579.css": 1459,
      "/static/css/1609.css": 3137,
      "/static/css/1627.css": 467,
      "/static/css/1774.css": 367,
      "/static/css/1865.css": 1873,
      "/static/css/1967.css": 367,
      "/static/css/2.css": 4837,
      "/static/css/2167.css": 356,
      "/static/css/2225.css": 1453,
      "/static/css/2321.css": 372,
      "/static/css/2450.css": 307,
      "/static/css/2572.css": 1441,
      "/static/css/2715.css": 170,
      "/static/css/2786.css": 1873,
      "/static/css/3120.css": 372,
      "/static/css/3249.css": 1039,
      "/static/css/3272.css": 463,
      "/static/css/3287.css": 622,
      "/static/css/3433.css": 3137,
      "/static/css/3655.css": 751,
      "/static/css/3726.css": 540,
      "/static/css/3736.css": 1310,
      "/static/css/390.css": 3197,
      "/static/css/3988.css": 178,
      "/static/css/4009.css": 178,
      "/static/css/4013.css": 450,
      "/static/css/4193.css": 1459,
      "/static/css/4308.css": 3198,
      "/static/css/4386.css": 2688,
      "/static/css/4407.css": 540,
      "/static/css/4519.css": 1441,
      "/static/css/4709.css": 463,
      "/static/css/4861.css": 561180,
      "/static/css/5332.css": 170,
      "/static/css/5342.css": 622,
      "/static/css/5495.css": 1369,
      "/static/css/5547.css": 1369,
      "/static/css/5603.css": 467,
      "/static/css/562.css": 2687,
      "/static/css/5660.css": 372,
      "/static/css/5767.css": 3198,
      "/static/css/6100.css": 367,
      "/static/css/6181.css": 1525,
      "/static/css/6250.css": 1335,
      "/static/css/6644.css": 367,
      "/static/css/6658.css": 1873,
      "/static/css/6688.css": 1310,
      "/static/css/6710.css": 602,
      "/static/css/6999.css": 307,
      "/static/css/7804.css": 356,
      "/static/css/7838.css": 2446,
      "/static/css/8074.css": 367,
      "/static/css/8238.css": 427,
      "/static/css/8242.css": 1459,
      "/static/css/8404.css": 1335,
      "/static/css/8452.css": 602,
      "/static/css/8634.css": 2035,
      "/static/css/87.css": 2686,
      "/static/css/8925.css": 2227,
      "/static/css/9200.css": 549,
      "/static/css/9320.css": 3198,
      "/static/css/9351.css": 1369,
      "/static/css/9459.css": 1873,
      "/static/css/9680.css": 1310,
      "/static/css/9772.css": 117,
      "/static/css/9788.css": 3390,
      "/static/css/9799.css": 1335,
      "/static/css/main.css": 10519,
      "/static/js/1167.js": 3343,
      "/static/js/1236.js": 16040,
      "/static/js/1238.js": 6549,
      "/static/js/1278.js": 283,
      "/static/js/1293.js": 277,
      "/static/js/1525.js": 8929,
      "/static/js/1541.js": 16687,
      "/static/js/1579.js": 1222,
      "/static/js/1609.js": 20852,
      "/static/js/1627.js": 9725,
      "/static/js/1774.js": 277,
      "/static/js/1849.js": 1162,
      "/static/js/1865.js": 12910,
      "/static/js/1967.js": 1301,
      "/static/js/2.js": 16507,
      "/static/js/2020.js": 2453,
      "/static/js/2044.js": 8125,
      "/static/js/2050.js": 2677,
      "/static/js/2141.js": 4987,
      "/static/js/2167.js": 1777,
      "/static/js/2225.js": 22945,
      "/static/js/2321.js": 2219,
      "/static/js/2353.js": 2574,
      "/static/js/2450.js": 265,
      "/static/js/2466.js": 667768,
      "/static/js/2572.js": 13269,
      "/static/js/2605.js": 31681,
      "/static/js/2610.js": 2229,
      "/static/js/2614.js": 5760,
      "/static/js/2715.js": 278,
      "/static/js/2786.js": 2028,
      "/static/js/2831.js": 2869,
      "/static/js/2832.js": 2364,
      "/static/js/3120.js": 386,
      "/static/js/3249.js": 526,
      "/static/js/3272.js": 388,
      "/static/js/3287.js": 686,
      "/static/js/3416.js": 2252,
      "/static/js/3419.js": 647,
      "/static/js/3655.js": 453,
      "/static/js/3726.js": 380,
      "/static/js/3736.js": 1004,
      "/static/js/390.js": 8495,
      "/static/js/3988.js": 249,
      "/static/js/4009.js": 8834,
      "/static/js/4013.js": 380,
      "/static/js/411.js": 4467,
      "/static/js/4193.js": 24270,
      "/static/js/4221.js": 1546,
      "/static/js/4308.js": 5472,
      "/static/js/4310.js": 3097,
      "/static/js/4347.js": 19226,
      "/static/js/4386.js": 9069,
      "/static/js/4407.js": 5669,
      "/static/js/4488.js": 14530,
      "/static/js/4519.js": 402,
      "/static/js/4709.js": 2874,
      "/static/js/4747.js": 677,
      "/static/js/4812.js": 602,
      "/static/js/4861.js": 1386411,
      "/static/js/5134.js": 481,
      "/static/js/5195.js": 313,
      "/static/js/5207.js": 17213,
      "/static/js/5222.js": 1650,
      "/static/js/5294.js": 1012,
      "/static/js/5332.js": 22436,
      "/static/js/5342.js": 10456,
      "/static/js/5408.js": 50525,
      "/static/js/5495.js": 8304,
      "/static/js/5547.js": 808,
      "/static/js/5603.js": 281,
      "/static/js/562.js": 1031,
      "/static/js/5660.js": 6626,
      "/static/js/5738.js": 10970,
      "/static/js/5767.js": 14868,
      "/static/js/594.js": 187,
      "/static/js/5942.js": 500,
      "/static/js/6038.js": 8808,
      "/static/js/6069.js": 2353,
      "/static/js/61.js": 4502,
      "/static/js/6100.js": 1142,
      "/static/js/6151.js": 1502,
      "/static/js/6181.js": 723,
      "/static/js/6182.js": 2110,
      "/static/js/6222.js": 45912,
      "/static/js/6250.js": 7684,
      "/static/js/6294.js": 4820,
      "/static/js/6644.js": 1245,
      "/static/js/6657.js": 9085,
      "/static/js/6658.js": 8038,
      "/static/js/6688.js": 5125,
      "/static/js/6710.js": 407,
      "/static/js/6774.js": 4149,
      "/static/js/6999.js": 7619,
      "/static/js/7155.js": 238,
      "/static/js/7311.js": 13389,
      "/static/js/7375.js": 11658,
      "/static/js/7532.js": 313,
      "/static/js/7627.js": 957,
      "/static/js/7711.js": 10286,
      "/static/js/7726.js": 931,
      "/static/js/775.js": 1721143,
      "/static/js/7804.js": 569,
      "/static/js/7838.js": 19573,
      "/static/js/7897.js": 79057,
      "/static/js/8074.js": 277,
      "/static/js/818.js": 645153,
      "/static/js/8238.js": 10734,
      "/static/js/8242.js": 10463,
      "/static/js/8277.js": 232,
      "/static/js/8404.js": 771,
      "/static/js/8452.js": 26651,
      "/static/js/8634.js": 24026,
      "/static/js/8656.js": 16304,
      "/static/js/87.js": 9438,
      "/static/js/8949.js": 10513,
      "/static/js/8964.js": 16090,
      "/static/js/9115.js": 1905,
      "/static/js/9116.js": 9427,
      "/static/js/9146.js": 69932,
      "/static/js/9200.js": 14808,
      "/static/js/9290.js": 12692,
      "/static/js/9320.js": 1406,
      "/static/js/9351.js": 11623,
      "/static/js/9459.js": 11442,
      "/static/js/9483.js": 670,
      "/static/js/9660.js": 12734,
      "/static/js/9680.js": 4799,
      "/static/js/9718.js": 8036,
      "/static/js/9772.js": 238,
      "/static/js/9788.js": 18706,
      "/static/js/9799.js": 10914,
      "/static/js/main.js": 67328,
      "/static/js/runtime-main.js": 8744
    }
  },
  "gzippedBundleSize": {
    "total": 1704821,
    "files": {
      "/html/main/index.html": 4643,
      "/static/css/1154.css": 454,
      "/static/css/1238.css": 408,
      "/static/css/1278.css": 319,
      "/static/css/1293.css": 237,
      "/static/css/1541.css": 661,
      "/static/css/1579.css": 552,
      "/static/css/1609.css": 889,
      "/static/css/1627.css": 301,
      "/static/css/1774.css": 236,