{
  "devPluginSetupTime": 309.7342566666969,
  "devPrepareTime": 446.18912566670525,
  "devColdBootTime": 8105.860080999982,
  "devHotBootTime": 4548.782212666682,
  "buildPluginSetupTime": 305.6093919999742,
  "buildPrepareTime": 629.4848283332927,
  "buildColdBootTime": 29503.60161366663,
  "minifiedBundleSize": {
    "total": 394190,
    "files": {
      "/html/main/index.html": 2641,
      "/static/css/main.css": 2636,
      "/static/js/910.js": 365877,
      "/static/js/main.js": 21402,
      "/static/js/runtime-main.js": 1634
    }
  },
  "gzippedBundleSize": {
    "total": 125874,
    "files": {
      "/html/main/index.html": 1340,
      "/static/css/main.css": 905,
      "/static/js/910.js": 115583,
      "/static/js/main.js": 7192,
      "/static/js/runtime-main.js": 854
    }
  },
  "buildHotBootTime": 10870.013889666685,
  "yarnColdInstallTime": 106628.33978600008,
  "yarnHotInstallTime": 1589.5484319999814,
  "yarnDependenciesCount": 1324,
  "yarnInstallSize": 206281962
}
