{
  "devPluginSetupTime": 314.51320900003583,
  "devPrepareTime": 440.97703166666906,
  "devColdBootTime": 4429.752216666665,
  "devHotBootTime": 3539.155973333322,
  "buildPluginSetupTime": 293.0132113333093,
  "buildPrepareTime": 710.5068209999785,
  "buildColdBootTime": 17622.427645000007,
  "minifiedBundleSize": {
    "total": 166076,
    "files": {
      "/html/main/index.html": 2301,
      "/static/css/main.css": 2636,
      "/static/js/906.js": 144816,
      "/static/js/main.js": 15029,
      "/static/js/runtime-main.js": 1294
    }
  },
  "gzippedBundleSize": {
    "total": 54198,
    "files": {
      "/html/main/index.html": 1213,
      "/static/css/main.css": 905,
      "/static/js/906.js": 46641,
      "/static/js/main.js": 4713,
      "/static/js/runtime-main.js": 726
    }
  },
  "buildHotBootTime": 1873.0203203333465,
  "yarnColdInstallTime": 127416.89226100012,
  "yarnHotInstallTime": 1213.0525040000211,
  "yarnDependenciesCount": 1320,
  "yarnInstallSize": 197611916
}
