{
  "devPluginSetupTime": 331.835353333309,
  "devPrepareTime": 1904.9564613333205,
  "devColdBootTime": 16100.842335666646,
  "devHotBootTime": 5012.506065333301,
  "buildPluginSetupTime": 315.47866266670945,
  "buildPrepareTime": 441.8910633333726,
  "buildColdBootTime": 35125.38563333335,
  "minifiedBundleSize": {
    "total": 401640,
    "files": {
      "/html/main/index.html": 2643,
      "/static/css/main.css": 9994,
      "/static/js/581.js": 365935,
      "/static/js/main.js": 21432,
      "/static/js/runtime-main.js": 1636
    }
  },
  "gzippedBundleSize": {
    "total": 127491,
    "files": {
      "/html/main/index.html": 1341,
      "/static/css/main.css": 2482,
      "/static/js/581.js": 115601,
      "/static/js/main.js": 7213,
      "/static/js/runtime-main.js": 854
    }
  },
  "buildHotBootTime": 10990.009704999975,
  "yarnColdInstallTime": 79601.51432700013,
  "yarnHotInstallTime": 1343.9317189999856,
  "yarnDependenciesCount": 1675,
  "yarnInstallSize": 242451049
}
