{
  "devPluginSetupTime": 1243.6454806666977,
  "devPrepareTime": 496.5816506666597,
  "devColdBootTime": 7914.039222333347,
  "devHotBootTime": 7617.889588333356,
  "buildPluginSetupTime": 1125.8621939999673,
  "buildPrepareTime": 329.10752833339694,
  "buildColdBootTime": 25021.33529833324,
  "minifiedBundleSize": {
    "total": 492240,
    "files": {
      "/html/main/index.html": 2660,
      "/static/css/main.css": 2636,
      "/static/js/148.js": 447653,
      "/static/js/main.js": 37638,
      "/static/js/runtime-main.js": 1653
    }
  },
  "gzippedBundleSize": {
    "total": 147479,
    "files": {
      "/html/main/index.html": 1338,
      "/static/css/main.css": 905,
      "/static/js/148.js": 136673,
      "/static/js/main.js": 7711,
      "/static/js/runtime-main.js": 852
    }
  },
  "buildHotBootTime": 22437.054341666557
}
