{
  "devPluginSetupTime": 1657.429163666636,
  "devPrepareTime": 384.1721460000069,
  "devColdBootTime": 4201.684768000036,
  "devHotBootTime": 3099.1195020000064,
  "buildPluginSetupTime": 1390.7757926666334,
  "buildPrepareTime": 347.3228803333283,
  "buildColdBootTime": 16474.439939999993,
  "minifiedBundleSize": {
    "total": 169570,
    "files": {
      "/html/main/index.html": 2317,
      "/static/css/main.css": 2636,
      "/static/js/219.js": 145744,
      "/static/js/main.js": 17563,
      "/static/js/runtime-main.js": 1310
    }
  },
  "gzippedBundleSize": {
    "total": 54860,
    "files": {
      "/html/main/index.html": 1212,
      "/static/css/main.css": 905,
      "/static/js/219.js": 46776,
      "/static/js/main.js": 5242,
      "/static/js/runtime-main.js": 725
    }
  },
  "buildHotBootTime": 1206.561460000036,
  "yarnColdInstallTime": 81139.11758199998,
  "yarnHotInstallTime": 893.0506339999847,
  "yarnDependenciesCount": 1503,
  "yarnInstallSize": 215183847
}
