{
  "devPluginSetupTime": 1409.6273510000126,
  "devPrepareTime": 313.99370566666283,
  "devColdBootTime": 6958.241721000057,
  "devHotBootTime": 4268.102672000027,
  "buildPluginSetupTime": 1495.1070249999564,
  "buildPrepareTime": 311.52917366676655,
  "buildColdBootTime": 29871.341125666706,
  "minifiedBundleSize": {
    "total": 399386,
    "files": {
      "/html/main/index.html": 2658,
      "/static/css/main.css": 2636,
      "/static/js/4.js": 368732,
      "/static/js/main.js": 23707,
      "/static/js/runtime-main.js": 1653
    }
  },
  "gzippedBundleSize": {
    "total": 125187,
    "files": {
      "/html/main/index.html": 1337,
      "/static/css/main.css": 905,
      "/static/js/4.js": 114399,
      "/static/js/main.js": 7694,
      "/static/js/runtime-main.js": 852
    }
  },
  "buildHotBootTime": 9685.816738666656,
  "yarnColdInstallTime": 76447.7372020001,
  "yarnHotInstallTime": 1315.2741649998352,
  "yarnDependenciesCount": 1491,
  "yarnInstallSize": 225600225
}
