{
  "devPluginSetupTime": 1501.1282583333862,
  "devPrepareTime": 294.73910900003585,
  "devColdBootTime": 6619.570667666616,
  "devHotBootTime": 3932.726032666629,
  "buildPluginSetupTime": 1480.4383496667724,
  "buildPrepareTime": 322.0786130000682,
  "buildColdBootTime": 46397.549972999994,
  "minifiedBundleSize": {
    "total": 817299,
    "files": {
      "js": 408451,
      "/html/main/index.html": 3948,
      "/static/css/main.css": 2636,
      "/static/js/654.js": 374779,
      "/static/js/main.js": 25826,
      "/static/js/runtime-main.js": 1659
    }
  },
  "gzippedBundleSize": {
    "total": 244900,
    "files": {
      "js": 116556,
      "/html/main/index.html": 1862,
      "/static/css/main.css": 905,
      "/static/js/654.js": 116423,
      "/static/js/main.js": 8293,
      "/static/js/runtime-main.js": 861
    }
  },
  "buildHotBootTime": 10160.877152333347,
  "yarnColdInstallTime": 91647.97133300011,
  "yarnHotInstallTime": 1316.682928999886,
  "yarnDependenciesCount": 1506,
  "yarnInstallSize": 226419805
}
