{
  "devPluginSetupTime": 1371.24355333345,
  "devPrepareTime": 307.61203333331895,
  "devColdBootTime": 13646.991200333383,
  "devHotBootTime": 4257.537893666653,
  "buildPluginSetupTime": 1326.9510993334309,
  "buildPrepareTime": 287.5031536666211,
  "buildColdBootTime": 29023.626755000016,
  "minifiedBundleSize": {
    "total": 406848,
    "files": {
      "/html/main/index.html": 2662,
      "/static/css/main.css": 9994,
      "/static/js/137.js": 368797,
      "/static/js/main.js": 23740,
      "/static/js/runtime-main.js": 1655
    }
  },
  "gzippedBundleSize": {
    "total": 126820,
    "files": {
      "/html/main/index.html": 1340,
      "/static/css/main.css": 2482,
      "/static/js/137.js": 114430,
      "/static/js/main.js": 7718,
      "/static/js/runtime-main.js": 850
    }
  },
  "buildHotBootTime": 7640.563268333285,
  "yarnColdInstallTime": 123714.59550700011,
  "yarnHotInstallTime": 2444.186013000086,
  "yarnDependenciesCount": 1982,
  "yarnInstallSize": 261761469
}
