{
  "devPluginSetupTime": 1498.60880466667,
  "devPrepareTime": 353.5410083333263,
  "devColdBootTime": 6610.064161333333,
  "devHotBootTime": 4333.792253333299,
  "buildPluginSetupTime": 1372.5577313333051,
  "buildPrepareTime": 353.63192600000184,
  "buildColdBootTime": 25284.86867766672,
  "minifiedBundleSize": {
    "total": 446304,
    "files": {
      "/html/main/index.html": 2660,
      "/static/css/main.css": 2636,
      "/static/js/502.js": 417860,
      "/static/js/main.js": 21495,
      "/static/js/runtime-main.js": 1653
    }
  },
  "gzippedBundleSize": {
    "total": 138595,
    "files": {
      "/html/main/index.html": 1339,
      "/static/css/main.css": 905,
      "/static/js/502.js": 128941,
      "/static/js/main.js": 6558,
      "/static/js/runtime-main.js": 852
    }
  },
  "buildHotBootTime": 9172.454054333348,
  "yarnColdInstallTime": 80908.39966600004,
  "yarnHotInstallTime": 1754.6856690000277,
  "yarnDependenciesCount": 1507,
  "yarnInstallSize": 228835530
}
