{
  "devPluginSetupTime": 560.8355050000051,
  "devPrepareTime": 390.4538210000222,
  "devColdBootTime": 7565.79659366662,
  "devHotBootTime": 4826.018804333328,
  "buildPluginSetupTime": 512.0063333332849,
  "buildPrepareTime": 351.71463333338033,
  "buildColdBootTime": 25664.86189000002,
  "minifiedBundleSize": {
    "total": 394720,
    "files": {
      "js": 530,
      "/html/main/index.html": 2641,
      "/static/css/main.css": 2636,
      "/static/js/910.js": 365877,
      "/static/js/main.js": 21402,
      "/static/js/runtime-main.js": 1634
    }
  },
  "gzippedBundleSize": {
    "total": 126132,
    "files": {
      "js": 246,
      "/html/main/index.html": 1343,
      "/static/css/main.css": 905,
      "/static/js/910.js": 115585,
      "/static/js/main.js": 7197,
      "/static/js/runtime-main.js": 856
    }
  },
  "buildHotBootTime": 11456.503760333328,
  "yarnColdInstallTime": 91368.86186000006,
  "yarnHotInstallTime": 1873.8286739999894,
  "yarnDependenciesCount": 1401,
  "yarnInstallSize": 223048642
}
