{
  "devPluginSetupTime": 498.91132866666885,
  "devPrepareTime": 383.94178100000136,
  "devColdBootTime": 7693.54843133331,
  "devHotBootTime": 4845.323315666678,
  "buildPluginSetupTime": 554.3788013332911,
  "buildPrepareTime": 352.1750413333066,
  "buildColdBootTime": 30085.1746633333,
  "minifiedBundleSize": {
    "total": 394752,
    "files": {
      "js": 530,
      "/html/main/index.html": 2649,
      "/static/css/main.css": 2636,
      "/static/js/910.js": 365885,
      "/static/js/main.js": 21410,
      "/static/js/runtime-main.js": 1642
    }
  },
  "gzippedBundleSize": {
    "total": 126145,
    "files": {
      "js": 246,
      "/html/main/index.html": 1346,
      "/static/css/main.css": 905,
      "/static/js/910.js": 115589,
      "/static/js/main.js": 7200,
      "/static/js/runtime-main.js": 859
    }
  },
  "buildHotBootTime": 12995.157253666664,
  "yarnColdInstallTime": 79533.49708800006,
  "yarnHotInstallTime": 1052.623821999994,
  "yarnDependenciesCount": 1375,
  "yarnInstallSize": 216233094
}
