{
  "devPluginSetupTime": 280.5351470000266,
  "devPrepareTime": 403.5286063332266,
  "devColdBootTime": 6238.110991333301,
  "devHotBootTime": 3909.920962000033,
  "buildPluginSetupTime": 296.6160799999877,
  "buildPrepareTime": 415.60598300001584,
  "buildColdBootTime": 23449.705144000007,
  "minifiedBundleSize": {
    "total": 394190,
    "files": {
      "/html/main/index.html": 2641,
      "/static/css/main.css": 2636,
      "/static/js/910.js": 365877,
      "/static/js/main.js": 21402,
      "/static/js/runtime-main.js": 1634
    }
  },
  "gzippedBundleSize": {
    "total": 125874,
    "files": {
      "/html/main/index.html": 1340,
      "/static/css/main.css": 905,
      "/static/js/910.js": 115583,
      "/static/js/main.js": 7192,
      "/static/js/runtime-main.js": 854
    }
  },
  "buildHotBootTime": 8880.789035666734,
  "yarnColdInstallTime": 92613.25352100004,
  "yarnHotInstallTime": 1120.265690999804,
  "yarnDependenciesCount": 1319,
  "yarnInstallSize": 207380291
}
