{
  "devPluginSetupTime": 362.2867436666468,
  "devPrepareTime": 490.3589506666564,
  "devColdBootTime": 7731.177714999998,
  "devHotBootTime": 4631.853324999994,
  "buildPluginSetupTime": 330.369928000068,
  "buildPrepareTime": 459.89499266666826,
  "buildColdBootTime": 30110.861205333338,
  "minifiedBundleSize": {
    "total": 394190,
    "files": {
      "/html/main/index.html": 2641,
      "/static/css/main.css": 2636,
      "/static/js/910.js": 365877,
      "/static/js/main.js": 21402,
      "/static/js/runtime-main.js": 1634
    }
  },
  "gzippedBundleSize": {
    "total": 125874,
    "files": {
      "/html/main/index.html": 1340,
      "/static/css/main.css": 905,
      "/static/js/910.js": 115583,
      "/static/js/main.js": 7192,
      "/static/js/runtime-main.js": 854
    }
  },
  "buildHotBootTime": 11043.889255000007,
  "yarnColdInstallTime": 311881.5109470001,
  "yarnHotInstallTime": 1211.0627640001476,
  "yarnDependenciesCount": 1319,
  "yarnInstallSize": 207380212
}
