{
  "devPluginSetupTime": 298.26802166667767,
  "devPrepareTime": 410.5500863333388,
  "devColdBootTime": 4226.030257000045,
  "devHotBootTime": 3022.264132333318,
  "buildPluginSetupTime": 299.1100503333534,
  "buildPrepareTime": 402.65650699997786,
  "buildColdBootTime": 13296.17674033336,
  "minifiedBundleSize": {
    "total": 166076,
    "files": {
      "/html/main/index.html": 2301,
      "/static/css/main.css": 2636,
      "/static/js/906.js": 144816,
      "/static/js/main.js": 15029,
      "/static/js/runtime-main.js": 1294
    }
  },
  "gzippedBundleSize": {
    "total": 54198,
    "files": {
      "/html/main/index.html": 1213,
      "/static/css/main.css": 905,
      "/static/js/906.js": 46641,
      "/static/js/main.js": 4713,
      "/static/js/runtime-main.js": 726
    }
  },
  "buildHotBootTime": 1162.8290009999957,
  "yarnColdInstallTime": 93437.58914299996,
  "yarnHotInstallTime": 1306.8781060000183,
  "yarnDependenciesCount": 1315,
  "yarnInstallSize": 198600598
}
