{
  "devPluginSetupTime": 365.1125999999931,
  "devPrepareTime": 432.4515666666363,
  "devColdBootTime": 7103.418821333365,
  "devHotBootTime": 4307.004580333363,
  "buildPluginSetupTime": 315.0343386666694,
  "buildPrepareTime": 421.4599453333067,
  "buildColdBootTime": 38099.5388856666,
  "minifiedBundleSize": {
    "total": 803405,
    "files": {
      "js": 399566,
      "/html/main/index.html": 3904,
      "/static/css/main.css": 2636,
      "/static/js/869.js": 371899,
      "/static/js/main.js": 23760,
      "/static/js/runtime-main.js": 1640
    }
  },
  "gzippedBundleSize": {
    "total": 244893,
    "files": {
      "js": 115771,
      "/html/main/index.html": 1852,
      "/static/css/main.css": 905,
      "/static/js/869.js": 117609,
      "/static/js/main.js": 7893,
      "/static/js/runtime-main.js": 863
    }
  },
  "buildHotBootTime": 9360.192058666726,
  "yarnColdInstallTime": 77294.898116,
  "yarnHotInstallTime": 1425.6433840000536,
  "yarnDependenciesCount": 1342,
  "yarnInstallSize": 208295421
}
