{
  "devPluginSetupTime": 304.71214066668955,
  "devPrepareTime": 704.9113520000052,
  "devColdBootTime": 8332.914744333326,
  "devHotBootTime": 5551.006118999969,
  "buildPluginSetupTime": 333.09909200000885,
  "buildPrepareTime": 435.81654866668396,
  "buildColdBootTime": 32649.616094333313,
  "minifiedBundleSize": {
    "total": 395587,
    "files": {
      "/html/main/index.html": 2660,
      "/static/css/main.css": 2636,
      "/static/js/703.js": 366924,
      "/static/js/main.js": 21714,
      "/static/js/runtime-main.js": 1653
    }
  },
  "gzippedBundleSize": {
    "total": 125839,
    "files": {
      "/html/main/index.html": 1340,
      "/static/css/main.css": 905,
      "/static/js/703.js": 115573,
      "/static/js/main.js": 7169,
      "/static/js/runtime-main.js": 852
    }
  },
  "buildHotBootTime": 11176.072912000003,
  "yarnColdInstallTime": 93346.959852,
  "yarnHotInstallTime": 957.7133990000002,
  "yarnDependenciesCount": 1320,
  "yarnInstallSize": 206404997
}
