{
  "devPluginSetupTime": 1248.5985959999573,
  "devPrepareTime": 512.8981629999665,
  "devColdBootTime": 7933.127099333408,
  "devHotBootTime": 7359.470153333386,
  "buildPluginSetupTime": 1206.226976000083,
  "buildPrepareTime": 487.49310700005543,
  "buildColdBootTime": 23760.13144266683,
  "minifiedBundleSize": {
    "total": 492246,
    "files": {
      "/html/main/index.html": 2663,
      "/static/css/main.css": 2636,
      "/static/js/548.js": 447653,
      "/static/js/main.js": 37638,
      "/static/js/runtime-main.js": 1656
    }
  },
  "gzippedBundleSize": {
    "total": 147485,
    "files": {
      "/html/main/index.html": 1341,
      "/static/css/main.css": 905,
      "/static/js/548.js": 136671,
      "/static/js/main.js": 7713,
      "/static/js/runtime-main.js": 855
    }
  },
  "buildHotBootTime": 24648.626777333364
}
