{
  "yarnColdInstallTime": 89038.33303500002,
  "yarnHotInstallTime": 2643.6487290000077,
  "yarnDependenciesCount": 1674,
  "yarnInstallSize": 233889545
}
