{
  "yarnColdInstallTime": 62708.83929599999,
  "yarnHotInstallTime": 1099.4737480000185,
  "yarnDependenciesCount": 1674,
  "yarnInstallSize": 233889545
}
