{
  "yarnColdInstallTime": 73235.71802099998,
  "yarnHotInstallTime": 1357.790548000019,
  "yarnDependenciesCount": 1674,
  "yarnInstallSize": 233889545
}
