{
  "yarnColdInstallTime": 69517.717844,
  "yarnHotInstallTime": 1056.2064850000024,
  "yarnDependenciesCount": 1674,
  "yarnInstallSize": 233889545
}
