{
  "yarnColdInstallTime": 93001.39773199998,
  "yarnHotInstallTime": 1168.7738839999947,
  "yarnDependenciesCount": 2050,
  "yarnInstallSize": 353570012
}
