{
  "yarnColdInstallTime": 93460.586258,
  "yarnHotInstallTime": 1168.441673000023,
  "yarnDependenciesCount": 2050,
  "yarnInstallSize": 353570167
}
