{
  "devPluginSetupTime": 1701.6471059999894,
  "devPrepareTime": 779.9447153333264,
  "devColdBootTime": 6043.801303666648,
  "devHotBootTime": 4340.1011946666795,
  "buildPluginSetupTime": 1626.226029000051,
  "buildPrepareTime": 440.5424189999855,
  "buildColdBootTime": 19940.49378966668,
  "minifiedBundleSize": {
    "total": 170386,
    "files": {
      "/html/main/index.html": 2317,
      "/static/css/main.css": 2636,
      "/static/js/324.js": 146365,
      "/static/js/main.js": 17758,
      "/static/js/runtime-main.js": 1310
    }
  },
  "gzippedBundleSize": {
    "total": 55090,
    "files": {
      "/html/main/index.html": 1214,
      "/static/css/main.css": 905,
      "/static/js/324.js": 46923,
      "/static/js/main.js": 5323,
      "/static/js/runtime-main.js": 725
    }
  },
  "buildHotBootTime": 1307.4444646666525
}
