{
  "devPluginSetupTime": 291.8299320001776,
  "devPrepareTime": 446.66480933331576,
  "devColdBootTime": 3970.923542333301,
  "devHotBootTime": 2829.72460233327,
  "buildPluginSetupTime": 293.7364353334221,
  "buildPrepareTime": 435.5654439999101,
  "buildColdBootTime": 14471.682531666787,
  "minifiedBundleSize": {
    "total": 166946,
    "files": {
      "/html/main/index.html": 2317,
      "/static/css/main.css": 2636,
      "/static/js/348.js": 145396,
      "/static/js/main.js": 15287,
      "/static/js/runtime-main.js": 1310
    }
  },
  "gzippedBundleSize": {
    "total": 54239,
    "files": {
      "/html/main/index.html": 1212,
      "/static/css/main.css": 905,
      "/static/js/348.js": 46700,
      "/static/js/main.js": 4697,
      "/static/js/runtime-main.js": 725
    }
  },
  "buildHotBootTime": 1291.905122666775,
  "yarnColdInstallTime": 99054.19013999961,
  "yarnHotInstallTime": 1708.5536660002545,
  "yarnDependenciesCount": 1390,
  "yarnInstallSize": 204089918
}
