{
  "devPluginSetupTime": 288.7141760000183,
  "devPrepareTime": 439.6407463332483,
  "devColdBootTime": 8452.458926666606,
  "devHotBootTime": 4766.192486333272,
  "buildPluginSetupTime": 273.96521666669287,
  "buildPrepareTime": 415.18766033339006,
  "buildColdBootTime": 35361.790349333234,
  "minifiedBundleSize": {
    "total": 804980,
    "files": {
      "js": 401357,
      "/html/main/index.html": 2666,
      "/static/css/main.css": 2636,
      "/static/js/434.js": 372786,
      "/static/js/main.js": 23876,
      "/static/js/runtime-main.js": 1659
    }
  },
  "gzippedBundleSize": {
    "total": 244364,
    "files": {
      "js": 115912,
      "/html/main/index.html": 1348,
      "/static/css/main.css": 905,
      "/static/js/434.js": 117556,
      "/static/js/main.js": 7782,
      "/static/js/runtime-main.js": 861
    }
  },
  "buildHotBootTime": 8797.601022999967,
  "yarnColdInstallTime": 72475.15108700003,
  "yarnHotInstallTime": 1002.8538789998274,
  "yarnDependenciesCount": 1394,
  "yarnInstallSize": 217868923
}
