{
  "devPluginSetupTime": 428.84222433320247,
  "devPrepareTime": 331.82059766662616,
  "devColdBootTime": 6662.892695000007,
  "devHotBootTime": 4248.669125333351,
  "buildPluginSetupTime": 428.3363066667225,
  "buildPrepareTime": 317.66903199992765,
  "buildColdBootTime": 20539.74502833335,
  "minifiedBundleSize": {
    "total": 395983,
    "files": {
      "js": 530,
      "/html/main/index.html": 2660,
      "/static/css/main.css": 2636,
      "/static/js/558.js": 366745,
      "/static/js/main.js": 21759,
      "/static/js/runtime-main.js": 1653
    }
  },
  "gzippedBundleSize": {
    "total": 126060,
    "files": {
      "js": 246,
      "/html/main/index.html": 1343,
      "/static/css/main.css": 905,
      "/static/js/558.js": 115538,
      "/static/js/main.js": 7175,
      "/static/js/runtime-main.js": 853
    }
  },
  "buildHotBootTime": 9420.03885266666
}
