{
  "devPluginSetupTime": 334.56966999999713,
  "devPrepareTime": 473.83197199991747,
  "devColdBootTime": 27350.114543000043,
  "devHotBootTime": 5809.039537666676,
  "buildPluginSetupTime": 386.62211966662045,
  "buildPrepareTime": 519.7705573334048,
  "buildColdBootTime": 92053.482479,
  "minifiedBundleSize": {
    "total": 6032175,
    "files": {
      "/html/main/index.html": 9651,
      "/static/css/106.css": 1871,
      "/static/css/1111.css": 371,
      "/static/css/1128.css": 1047,
      "/static/css/1131.css": 1872,
      "/static/css/1340.css": 466,
      "/static/css/1344.css": 371,
      "/static/css/1479.css": 1309,
      "/static/css/1620.css": 466,
      "/static/css/172.css": 1457,
      "/static/css/1815.css": 621,
      "/static/css/1830.css": 2585,
      "/static/css/1905.css": 1334,
      "/static/css/1956.css": 1872,
      "/static/css/1968.css": 169,
      "/static/css/2018.css": 355,
      "/static/css/2120.css": 3202,
      "/static/css/217.css": 461,
      "/static/css/2367.css": 2034,
      "/static/css/2497.css": 366,
      "/static/css/2527.css": 3202,
      "/static/css/3215.css": 601,
      "/static/css/3264.css": 449,
      "/static/css/3670.css": 366,
      "/static/css/373.css": 2182,
      "/static/css/3781.css": 621,
      "/static/css/3915.css": 2585,
      "/static/css/4017.css": 1872,
      "/static/css/409.css": 3135,
      "/static/css/4116.css": 1264,
      "/static/css/4209.css": 1334,
      "/static/css/4211.css": 1412,
      "/static/css/432.css": 365,
      "/static/css/4453.css": 539,
      "/static/css/4527.css": 601,
      "/static/css/4594.css": 2585,
      "/static/css/4722.css": 3136,
      "/static/css/4775.css": 3303,
      "/static/css/4934.css": 1264,
      "/static/css/5015.css": 462,
      "/static/css/5386.css": 1465,
      "/static/css/5631.css": 4768,
      "/static/css/5655.css": 3202,
      "/static/css/5657.css": 306,
      "/static/css/5666.css": 1264,
      "/static/css/5730.css": 1047,
      "/static/css/6006.css": 553,
      "/static/css/6090.css": 539,
      "/static/css/6096.css": 1458,
      "/static/css/635.css": 2469,
      "/static/css/6394.css": 116,
      "/static/css/6534.css": 306,
      "/static/css/6727.css": 1412,
      "/static/css/7224.css": 169,
      "/static/css/7258.css": 1660,
      "/static/css/730.css": 354,
      "/static/css/7397.css": 366,
      "/static/css/7485.css": 366,
      "/static/css/7936.css": 1334,
      "/static/css/8081.css": 177,
      "/static/css/8103.css": 1264,
      "/static/css/8178.css": 371,
      "/static/css/8202.css": 1309,
      "/static/css/8264.css": 366,
      "/static/css/8669.css": 540748,
      "/static/css/9005.css": 3202,
      "/static/css/9074.css": 426,
      "/static/css/9330.css": 553,
      "/static/css/9430.css": 1468,
      "/static/css/950.css": 176,
      "/static/css/9574.css": 1458,
      "/static/css/9763.css": 1309,
      "/static/css/990.css": 749,
      "/static/css/main.css": 10404,
      "/static/js/106.js": 8012,
      "/static/js/1111.js": 6606,
      "/static/js/1128.js": 6529,
      "/static/js/1131.js": 2011,
      "/static/js/1309.js": 1880,
      "/static/js/1340.js": 9659,
      "/static/js/1344.js": 368,
      "/static/js/1356.js": 12677,
      "/static/js/1413.js": 4484,
      "/static/js/1479.js": 5106,
      "/static/js/1564.js": 10442,
      "/static/js/16.js": 466,
      "/static/js/1613.js": 1477,
      "/static/js/1620.js": 264,
      "/static/js/17.js": 1517,
      "/static/js/171.js": 4021,
      "/static/js/172.js": 10438,
      "/static/js/1815.js": 669,
      "/static/js/1830.js": 9019,
      "/static/js/1905.js": 754,
      "/static/js/1923.js": 474,
      "/static/js/1931.js": 645,
      "/static/js/1956.js": 12908,
      "/static/js/1968.js": 22565,
      "/static/js/2018.js": 552,
      "/static/js/2120.js": 8394,
      "/static/js/217.js": 2841,
      "/static/js/2327.js": 16187,
      "/static/js/2367.js": 24034,
      "/static/js/2497.js": 1269,
      "/static/js/2522.js": 4552,
      "/static/js/2527.js": 14642,
      "/static/js/2534.js": 3336,
      "/static/js/2588.js": 911,
      "/static/js/2650.js": 3072,
      "/static/js/2954.js": 14537,
      "/static/js/3215.js": 26561,
      "/static/js/3264.js": 363,
      "/static/js/3278.js": 5735,
      "/static/js/3329.js": 8014,
      "/static/js/3349.js": 10193,
      "/static/js/3368.js": 4962,
      "/static/js/3394.js": 4323,
      "/static/js/3527.js": 16599,
      "/static/js/3539.js": 654,
      "/static/js/3619.js": 13366,
      "/static/js/3652.js": 2609,
      "/static/js/3670.js": 1112,
      "/static/js/3713.js": 622,
      "/static/js/3762.js": 8437,
      "/static/js/3781.js": 10431,
      "/static/js/3915.js": 1016,
      "/static/js/4017.js": 11440,
      "/static/js/409.js": 20845,
      "/static/js/4116.js": 791,
      "/static/js/4209.js": 7650,
      "/static/js/4211.js": 385,
      "/static/js/432.js": 256,
      "/static/js/4453.js": 5653,
      "/static/js/4527.js": 390,
      "/static/js/4594.js": 9398,
      "/static/js/4661.js": 67782,
      "/static/js/4712.js": 294,
      "/static/js/4775.js": 18691,
      "/static/js/4934.js": 8240,
      "/static/js/4964.js": 997,
      "/static/js/4985.js": 1632,
      "/static/js/4995.js": 16670,
      "/static/js/5015.js": 371,
      "/static/js/502.js": 1147,
      "/static/js/5142.js": 9425,
      "/static/js/5256.js": 2339,
      "/static/js/5289.js": 17240,
      "/static/js/5386.js": 707,
      "/static/js/5432.js": 45318,
      "/static/js/5631.js": 16397,
      "/static/js/5655.js": 1388,
      "/static/js/5657.js": 248,
      "/static/js/5730.js": 509,
      "/static/js/6006.js": 266,
      "/static/js/6090.js": 363,
      "/static/js/6096.js": 24155,
      "/static/js/6244.js": 1689580,
      "/static/js/631.js": 4793,
      "/static/js/635.js": 19449,
      "/static/js/6394.js": 221,
      "/static/js/6448.js": 8100,
      "/static/js/6534.js": 7617,
      "/static/js/6727.js": 13275,
      "/static/js/6808.js": 16225,
      "/static/js/7037.js": 2227,
      "/static/js/7155.js": 179,
      "/static/js/7224.js": 262,
      "/static/js/7258.js": 16706,
      "/static/js/730.js": 1749,
      "/static/js/7386.js": 46683,
      "/static/js/7397.js": 259,
      "/static/js/7424.js": 932,
      "/static/js/7434.js": 636232,
      "/static/js/7452.js": 49726,
      "/static/js/7485.js": 260,
      "/static/js/7891.js": 2077,
      "/static/js/7936.js": 10821,
      "/static/js/8081.js": 232,
      "/static/js/8096.js": 12614,
      "/static/js/8103.js": 11587,
      "/static/js/8178.js": 2206,
      "/static/js/818.js": 610218,
      "/static/js/8183.js": 16790,
      "/static/js/8202.js": 987,
      "/static/js/824.js": 11609,
      "/static/js/8264.js": 1210,
      "/static/js/8347.js": 2844,
      "/static/js/8472.js": 577,
      "/static/js/8526.js": 130,
      "/static/js/8642.js": 16061,
      "/static/js/8669.js": 1313930,
      "/static/js/8979.js": 15800,
      "/static/js/9005.js": 5472,
      "/static/js/9025.js": 2396,
      "/static/js/903.js": 10913,
      "/static/js/9074.js": 10727,
      "/static/js/9330.js": 14793,
      "/static/js/9430.js": 22868,
      "/static/js/950.js": 8838,
      "/static/js/9574.js": 1205,
      "/static/js/9636.js": 294,
      "/static/js/9681.js": 19568,
      "/static/js/9763.js": 4784,
      "/static/js/9868.js": 2549,
      "/static/js/990.js": 434,
      "/static/js/997.js": 31036,
      "/static/js/main.js": 59953,
      "/static/js/runtime-main.js": 8583
    }
  },
  "gzippedBundleSize": {
    "total": 1572719,
    "files": {
      "/html/main/index.html": 4599,
      "/static/css/106.css": 631,
      "/static/css/1111.css": 199,
      "/static/css/1128.css": 412,
      "/static/css/1131.css": 632,
      "/static/css/1340.css": 297,
      "/static/css/1344.css": 198,
      "/static/css/1479.css": 449,
      "/static/css/1620.css": 297,
      "/static/css/172.css": 552,
      "/static/css/1815.css": 365,