{
  "devPluginSetupTime": 293.3145526666194,
  "devPrepareTime": 454.6136566667507,
  "devColdBootTime": 26142.536372666713,
  "devHotBootTime": 5506.388363666522,
  "buildPluginSetupTime": 305.9865720000428,
  "buildPrepareTime": 448.1384103332336,
  "buildColdBootTime": 44861.79372933336,
  "minifiedBundleSize": {
    "total": 6231207,
    "files": {
      "/html/main/index.html": 9797,
      "/static/css/106.css": 1872,
      "/static/css/1111.css": 372,
      "/static/css/1128.css": 1039,
      "/static/css/1131.css": 1873,
      "/static/css/1340.css": 467,
      "/static/css/1344.css": 372,
      "/static/css/1479.css": 1310,
      "/static/css/1620.css": 467,
      "/static/css/172.css": 1458,
      "/static/css/1815.css": 622,
      "/static/css/1830.css": 2688,
      "/static/css/1905.css": 1335,
      "/static/css/1956.css": 1873,
      "/static/css/1968.css": 170,
      "/static/css/2018.css": 356,
      "/static/css/2120.css": 3198,
      "/static/css/217.css": 462,
      "/static/css/2367.css": 2035,
      "/static/css/2497.css": 367,
      "/static/css/2527.css": 3198,
      "/static/css/3215.css": 602,
      "/static/css/3264.css": 450,
      "/static/css/3670.css": 367,
      "/static/css/373.css": 2226,
      "/static/css/3781.css": 622,
      "/static/css/3915.css": 2688,
      "/static/css/4017.css": 1873,
      "/static/css/409.css": 3136,
      "/static/css/4116.css": 1369,
      "/static/css/4209.css": 1335,
      "/static/css/4211.css": 1441,
      "/static/css/432.css": 366,
      "/static/css/4453.css": 540,
      "/static/css/4527.css": 602,
      "/static/css/4594.css": 2688,
      "/static/css/4722.css": 3137,
      "/static/css/4775.css": 3390,
      "/static/css/4934.css": 1369,
      "/static/css/5015.css": 463,
      "/static/css/5386.css": 1525,
      "/static/css/5631.css": 4840,
      "/static/css/5655.css": 3198,
      "/static/css/5657.css": 307,
      "/static/css/5666.css": 1369,
      "/static/css/5730.css": 1039,
      "/static/css/6006.css": 549,
      "/static/css/6090.css": 540,
      "/static/css/6096.css": 1459,
      "/static/css/635.css": 2445,
      "/static/css/6394.css": 117,
      "/static/css/6534.css": 307,
      "/static/css/6727.css": 1441,
      "/static/css/7224.css": 170,
      "/static/css/7258.css": 1661,
      "/static/css/730.css": 355,
      "/static/css/7397.css": 367,
      "/static/css/7485.css": 367,
      "/static/css/7936.css": 1335,
      "/static/css/8081.css": 178,
      "/static/css/8103.css": 1369,
      "/static/css/8178.css": 372,
      "/static/css/8202.css": 1310,
      "/static/css/8264.css": 367,
      "/static/css/8669.css": 554689,
      "/static/css/9005.css": 3198,
      "/static/css/9074.css": 427,
      "/static/css/9330.css": 549,
      "/static/css/9430.css": 1453,
      "/static/css/950.css": 177,
      "/static/css/9574.css": 1459,
      "/static/css/9763.css": 1310,
      "/static/css/990.css": 750,
      "/static/css/main.css": 10519,
      "/static/js/106.js": 8037,
      "/static/js/1111.js": 6630,
      "/static/js/1128.js": 6553,
      "/static/js/1131.js": 2028,
      "/static/js/1309.js": 1905,
      "/static/js/1340.js": 9731,
      "/static/js/1344.js": 385,
      "/static/js/1356.js": 12738,
      "/static/js/1413.js": 4509,
      "/static/js/1479.js": 5125,
      "/static/js/1564.js": 10515,
      "/static/js/16.js": 477,
      "/static/js/1613.js": 1502,
      "/static/js/1620.js": 281,
      "/static/js/17.js": 1542,
      "/static/js/171.js": 4147,
      "/static/js/172.js": 10462,
      "/static/js/1815.js": 686,
      "/static/js/1830.js": 9075,
      "/static/js/1905.js": 771,
      "/static/js/1923.js": 501,
      "/static/js/1931.js": 670,
      "/static/js/1956.js": 12912,
      "/static/js/1968.js": 22460,
      "/static/js/2018.js": 569,
      "/static/js/2120.js": 8498,
      "/static/js/217.js": 2871,
      "/static/js/2327.js": 16054,
      "/static/js/2367.js": 24034,
      "/static/js/2497.js": 1299,
      "/static/js/2522.js": 4569,
      "/static/js/2527.js": 14869,
      "/static/js/2534.js": 3343,
      "/static/js/2588.js": 931,
      "/static/js/2650.js": 3097,
      "/static/js/2954.js": 14533,
      "/static/js/3215.js": 26656,
      "/static/js/3264.js": 380,
      "/static/js/3278.js": 5760,
      "/static/js/3329.js": 8040,
      "/static/js/3349.js": 10290,
      "/static/js/3368.js": 4987,
      "/static/js/3394.js": 4340,
      "/static/js/3527.js": 16616,
      "/static/js/3539.js": 677,
      "/static/js/3619.js": 13393,
      "/static/js/3652.js": 2677,
      "/static/js/3670.js": 1142,
      "/static/js/3713.js": 647,
      "/static/js/3762.js": 8454,
      "/static/js/3781.js": 10457,
      "/static/js/3915.js": 1033,
      "/static/js/4017.js": 11444,
      "/static/js/409.js": 20864,
      "/static/js/4116.js": 808,
      "/static/js/4209.js": 7689,
      "/static/js/4211.js": 402,
      "/static/js/432.js": 273,
      "/static/js/4453.js": 5673,
      "/static/js/4527.js": 407,
      "/static/js/4594.js": 9447,
      "/static/js/4661.js": 69927,
      "/static/js/4712.js": 313,
      "/static/js/4775.js": 18719,
      "/static/js/4934.js": 8306,
      "/static/js/4964.js": 1012,
      "/static/js/4985.js": 1651,
      "/static/js/4995.js": 17028,
      "/static/js/5015.js": 388,
      "/static/js/502.js": 1160,
      "/static/js/5142.js": 9429,
      "/static/js/5256.js": 2364,
      "/static/js/5289.js": 17257,
      "/static/js/5386.js": 724,
      "/static/js/5432.js": 45916,
      "/static/js/5631.js": 16519,
      "/static/js/5655.js": 1405,
      "/static/js/5657.js": 265,
      "/static/js/5730.js": 526,
      "/static/js/6006.js": 283,
      "/static/js/6090.js": 380,
      "/static/js/6096.js": 24276,
      "/static/js/6244.js": 1721145,
      "/static/js/631.js": 4818,
      "/static/js/635.js": 19579,
      "/static/js/6394.js": 238,
      "/static/js/6448.js": 8125,
      "/static/js/6534.js": 7622,
      "/static/js/6727.js": 13272,
      "/static/js/6808.js": 16307,
      "/static/js/7037.js": 2252,
      "/static/js/7155.js": 238,
      "/static/js/7224.js": 279,
      "/static/js/7258.js": 16695,
      "/static/js/730.js": 1775,
      "/static/js/7386.js": 46731,
      "/static/js/7397.js": 276,
      "/static/js/7424.js": 957,
      "/static/js/7434.js": 667770,
      "/static/js/7452.js": 50120,
      "/static/js/7485.js": 277,
      "/static/js/7891.js": 2110,
      "/static/js/7936.js": 10918,
      "/static/js/8081.js": 249,
      "/static/js/8096.js": 12695,
      "/static/js/8103.js": 11630,
      "/static/js/8178.js": 2219,
      "/static/js/818.js": 644989,
      "/static/js/8183.js": 16807,
      "/static/js/8202.js": 1004,
      "/static/js/824.js": 11664,
      "/static/js/8264.js": 1240,
      "/static/js/8347.js": 2869,
      "/static/js/8472.js": 602,
      "/static/js/8526.js": 189,
      "/static/js/8642.js": 16095,
      "/static/js/8669.js": 1384447,
      "/static/js/8979.js": 15817,
      "/static/js/9005.js": 5473,
      "/static/js/9025.js": 2452,
      "/static/js/903.js": 10970,
      "/static/js/9074.js": 10738,
      "/static/js/9330.js": 14811,
      "/static/js/9430.js": 22950,
      "/static/js/950.js": 8837,
      "/static/js/9574.js": 1222,
      "/static/js/9636.js": 313,
      "/static/js/9681.js": 19587,
      "/static/js/9763.js": 4800,
      "/static/js/9868.js": 2574,
      "/static/js/990.js": 451,
      "/static/js/997.js": 31650,
      "/static/js/main.js": 67404,
      "/static/js/runtime-main.js": 8729
    }
  },
  "gzippedBundleSize": {
    "total": 1710176,
    "files": {
      "/html/main/index.html": 4637,
      "/static/css/106.css": 632,
      "/static/css/1111.css": 202,
      "/static/css/1128.css": 407,
      "/static/css/1131.css": 633,
      "/static/css/1340.css": 300,
      "/static/css/1344.css": 202,
      "/static/css/1479.css": 449,
      "/static/css/1620.css": 301,
      "/static/css/172.css": 551,
      "/static/css/1815.css": 363,