{
  "devPluginSetupTime": 680.7696870000024,
  "devPrepareTime": 554.524047999992,
  "devColdBootTime": 8080.251878999969,
  "devHotBootTime": 6061.834616333344,
  "buildPluginSetupTime": 522.9885729999902,
  "buildPrepareTime": 479.39772899999906,
  "buildColdBootTime": 31134.831890333367,
  "minifiedBundleSize": {
    "total": 396015,
    "files": {
      "js": 530,
      "/html/main/index.html": 2668,
      "/static/css/main.css": 2636,
      "/static/js/558.js": 366753,
      "/static/js/main.js": 21767,
      "/static/js/runtime-main.js": 1661
    }
  },
  "gzippedBundleSize": {
    "total": 126067,
    "files": {
      "js": 246,
      "/html/main/index.html": 1342,
      "/static/css/main.css": 905,
      "/static/js/558.js": 115540,
      "/static/js/main.js": 7178,
      "/static/js/runtime-main.js": 856
    }
  },
  "buildHotBootTime": 13348.820001333292
}
