{
  "devPluginSetupTime": 312.2095800000243,
  "devPrepareTime": 418.08756533334963,
  "devColdBootTime": 6068.781530999967,
  "devHotBootTime": 3648.399899000147,
  "buildPluginSetupTime": 327.62090833329904,
  "buildPrepareTime": 411.0133636666772,
  "buildColdBootTime": 38411.6404773333,
  "minifiedBundleSize": {
    "total": 806262,
    "files": {
      "js": 401357,
      "/html/main/index.html": 3948,
      "/static/css/main.css": 2636,
      "/static/js/434.js": 372786,
      "/static/js/main.js": 23876,
      "/static/js/runtime-main.js": 1659
    }
  },
  "gzippedBundleSize": {
    "total": 244878,
    "files": {
      "js": 115912,
      "/html/main/index.html": 1862,
      "/static/css/main.css": 905,
      "/static/js/434.js": 117556,
      "/static/js/main.js": 7782,
      "/static/js/runtime-main.js": 861
    }
  },
  "buildHotBootTime": 9917.207872333316,
  "yarnColdInstallTime": 85431.89276099997,
  "yarnHotInstallTime": 1419.0391160000581,
  "yarnDependenciesCount": 1417,
  "yarnInstallSize": 218783900
}
