{
  "devPluginSetupTime": 319.37786633335054,
  "devPrepareTime": 475.22481433333206,
  "devColdBootTime": 14202.81526333342,
  "devHotBootTime": 4500.954598999892,
  "buildPluginSetupTime": 322.606172999988,
  "buildPrepareTime": 464.0782086669157,
  "buildColdBootTime": 31027.60032533342,
  "minifiedBundleSize": {
    "total": 402905,
    "files": {
      "/html/main/index.html": 2662,
      "/static/css/main.css": 9994,
      "/static/js/221.js": 366804,
      "/static/js/main.js": 21790,
      "/static/js/runtime-main.js": 1655
    }
  },
  "gzippedBundleSize": {
    "total": 127414,
    "files": {
      "/html/main/index.html": 1339,
      "/static/css/main.css": 2482,
      "/static/js/221.js": 115555,
      "/static/js/main.js": 7188,
      "/static/js/runtime-main.js": 850
    }
  },
  "buildHotBootTime": 9249.901955000125
}
