{
  "devPluginSetupTime": 305.80307866667863,
  "devPrepareTime": 443.72341533335083,
  "devColdBootTime": 6568.649205666657,
  "devHotBootTime": 3875.3863849999616,
  "buildPluginSetupTime": 282.00822933328647,
  "buildPrepareTime": 435.26061533329386,
  "buildColdBootTime": 23272.498348333407,
  "minifiedBundleSize": {
    "total": 395453,
    "files": {
      "/html/main/index.html": 2660,
      "/static/css/main.css": 2636,
      "/static/js/558.js": 366745,
      "/static/js/main.js": 21759,
      "/static/js/runtime-main.js": 1653
    }
  },
  "gzippedBundleSize": {
    "total": 125801,
    "files": {
      "/html/main/index.html": 1339,
      "/static/css/main.css": 905,
      "/static/js/558.js": 115535,
      "/static/js/main.js": 7170,
      "/static/js/runtime-main.js": 852
    }
  },
  "buildHotBootTime": 8855.511239999983,
  "yarnColdInstallTime": 78337.01277699997,
  "yarnHotInstallTime": 1096.6448230000678,
  "yarnDependenciesCount": 1394,
  "yarnInstallSize": 217868923
}
