{
  "devPluginSetupTime": 307.46903833335574,
  "devPrepareTime": 444.8012886666693,
  "devColdBootTime": 8395.585931999958,
  "devHotBootTime": 4726.110952333353,
  "buildPluginSetupTime": 294.49155600004207,
  "buildPrepareTime": 430.071014666697,
  "buildColdBootTime": 37241.534248333424,
  "minifiedBundleSize": {
    "total": 804980,
    "files": {
      "js": 401357,
      "/html/main/index.html": 2666,
      "/static/css/main.css": 2636,
      "/static/js/434.js": 372786,
      "/static/js/main.js": 23876,
      "/static/js/runtime-main.js": 1659
    }
  },
  "gzippedBundleSize": {
    "total": 244364,
    "files": {
      "js": 115912,
      "/html/main/index.html": 1348,
      "/static/css/main.css": 905,
      "/static/js/434.js": 117556,
      "/static/js/main.js": 7782,
      "/static/js/runtime-main.js": 861
    }
  },
  "buildHotBootTime": 9094.629429333223,
  "yarnColdInstallTime": 72841.66360300011,
  "yarnHotInstallTime": 986.1302960000467,
  "yarnDependenciesCount": 1394,
  "yarnInstallSize": 217868923
}
