{
  "devPluginSetupTime": 526.675784333318,
  "devPrepareTime": 366.93218399999506,
  "devColdBootTime": 8235.79162699997,
  "devHotBootTime": 5379.661259333293,
  "buildPluginSetupTime": 554.8013439999582,
  "buildPrepareTime": 391.38746666667674,
  "buildColdBootTime": 30537.237548999994,
  "minifiedBundleSize": {
    "total": 394720,
    "files": {
      "js": 530,
      "/html/main/index.html": 2641,
      "/static/css/main.css": 2636,
      "/static/js/910.js": 365877,
      "/static/js/main.js": 21402,
      "/static/js/runtime-main.js": 1634
    }
  },
  "gzippedBundleSize": {
    "total": 126132,
    "files": {
      "js": 246,
      "/html/main/index.html": 1343,
      "/static/css/main.css": 905,
      "/static/js/910.js": 115585,
      "/static/js/main.js": 7197,
      "/static/js/runtime-main.js": 856
    }
  },
  "buildHotBootTime": 13080.188908666683
}
