{
  "devPluginSetupTime": 286.1671493332833,
  "devPrepareTime": 414.6433343333192,
  "devColdBootTime": 8702.372875666673,
  "devHotBootTime": 5324.643645666656,
  "buildPluginSetupTime": 286.03528266671736,
  "buildPrepareTime": 414.74557433331694,
  "buildColdBootTime": 38662.26111166668,
  "minifiedBundleSize": {
    "total": 802068,
    "files": {
      "js": 399486,
      "/html/main/index.html": 2647,
      "/static/css/main.css": 2636,
      "/static/js/869.js": 371899,
      "/static/js/main.js": 23760,
      "/static/js/runtime-main.js": 1640
    }
  },
  "gzippedBundleSize": {
    "total": 244360,
    "files": {
      "js": 115738,
      "/html/main/index.html": 1352,
      "/static/css/main.css": 905,
      "/static/js/869.js": 117609,
      "/static/js/main.js": 7893,
      "/static/js/runtime-main.js": 863
    }
  },
  "buildHotBootTime": 9520.010534666711,
  "yarnColdInstallTime": 73992.75747399987,
  "yarnHotInstallTime": 1290.0964610001538,
  "yarnDependenciesCount": 1324,
  "yarnInstallSize": 206281262
}
