{
  "devPluginSetupTime": 309.96562100002,
  "devPrepareTime": 537.4602023333233,
  "devColdBootTime": 15561.341223666657,
  "devHotBootTime": 5454.223859333317,
  "buildPluginSetupTime": 305.19450933331,
  "buildPrepareTime": 537.9563266666761,
  "buildColdBootTime": 38793.16919933333,
  "minifiedBundleSize": {
    "total": 401640,
    "files": {
      "/html/main/index.html": 2643,
      "/static/css/main.css": 9994,
      "/static/js/581.js": 365935,
      "/static/js/main.js": 21432,
      "/static/js/runtime-main.js": 1636
    }
  },
  "gzippedBundleSize": {
    "total": 127491,
    "files": {
      "/html/main/index.html": 1341,
      "/static/css/main.css": 2482,
      "/static/js/581.js": 115601,
      "/static/js/main.js": 7213,
      "/static/js/runtime-main.js": 854
    }
  },
  "buildHotBootTime": 12211.628361666691,
  "yarnColdInstallTime": 129313.94154299994,
  "yarnHotInstallTime": 2112.8308429999743,
  "yarnDependenciesCount": 1675,
  "yarnInstallSize": 242450513
}
