{
  "devPluginSetupTime": 276.64081333337043,
  "devPrepareTime": 418.6069926666872,
  "devColdBootTime": 6542.990356666657,
  "devHotBootTime": 3953.5326706666965,
  "buildPluginSetupTime": 271.3805493332911,
  "buildPrepareTime": 405.43613866654533,
  "buildColdBootTime": 21582.867492333364,
  "minifiedBundleSize": {
    "total": 394190,
    "files": {
      "/html/main/index.html": 2641,
      "/static/css/main.css": 2636,
      "/static/js/910.js": 365877,
      "/static/js/main.js": 21402,
      "/static/js/runtime-main.js": 1634
    }
  },
  "gzippedBundleSize": {
    "total": 125874,
    "files": {
      "/html/main/index.html": 1340,
      "/static/css/main.css": 905,
      "/static/js/910.js": 115583,
      "/static/js/main.js": 7192,
      "/static/js/runtime-main.js": 854
    }
  },
  "buildHotBootTime": 8271.06378066664,
  "yarnColdInstallTime": 74314.8784980001,
  "yarnHotInstallTime": 1587.1416160000954,
  "yarnDependenciesCount": 1324,
  "yarnInstallSize": 206281262
}
