{
  "devPluginSetupTime": 1335.4626153333422,
  "devPrepareTime": 328.3577326666564,
  "devColdBootTime": 27257.179154333193,
  "devHotBootTime": 5874.941059666686,
  "buildPluginSetupTime": 1339.0824999998633,
  "buildPrepareTime": 327.65017466666177,
  "buildColdBootTime": 85982.90753133332,
  "minifiedBundleSize": {
    "total": 6039128,
    "files": {
      "/html/main/index.html": 9666,
      "/static/css/1033.css": 1465,
      "/static/css/105.css": 115,
      "/static/css/1113.css": 1334,
      "/static/css/1238.css": 1047,
      "/static/css/1463.css": 3083,
      "/static/css/1541.css": 1660,
      "/static/css/1627.css": 466,
      "/static/css/1641.css": 3136,
      "/static/css/1821.css": 536831,
      "/static/css/1865.css": 1872,
      "/static/css/1967.css": 401,
      "/static/css/1969.css": 1264,
      "/static/css/1994.css": 482,
      "/static/css/2113.css": 169,
      "/static/css/2167.css": 355,
      "/static/css/2225.css": 1468,
      "/static/css/2321.css": 371,
      "/static/css/2457.css": 1264,
      "/static/css/2995.css": 1412,
      "/static/css/350.css": 465,
      "/static/css/3824.css": 2183,
      "/static/css/390.css": 3201,
      "/static/css/3925.css": 401,
      "/static/css/4009.css": 177,
      "/static/css/4193.css": 1458,
      "/static/css/4308.css": 3202,
      "/static/css/4386.css": 3083,
      "/static/css/4407.css": 578,
      "/static/css/4543.css": 1309,
      "/static/css/4589.css": 1047,
      "/static/css/4709.css": 501,
      "/static/css/4812.css": 177,
      "/static/css/4920.css": 1309,
      "/static/css/5148.css": 621,
      "/static/css/5332.css": 169,
      "/static/css/5342.css": 621,
      "/static/css/5434.css": 601,
      "/static/css/5660.css": 371,
      "/static/css/5689.css": 1264,
      "/static/css/5767.css": 3202,
      "/static/css/5828.css": 1412,
      "/static/css/6034.css": 750,
      "/static/css/6100.css": 401,
      "/static/css/6349.css": 4801,
      "/static/css/6441.css": 355,
      "/static/css/6644.css": 401,
      "/static/css/6658.css": 1872,
      "/static/css/6688.css": 1309,
      "/static/css/6707.css": 553,
      "/static/css/679.css": 500,
      "/static/css/6999.css": 306,
      "/static/css/7375.css": 601,
      "/static/css/7405.css": 1264,
      "/static/css/7581.css": 306,
      "/static/css/7838.css": 2470,
      "/static/css/8238.css": 426,
      "/static/css/8242.css": 1458,
      "/static/css/8364.css": 1458,
      "/static/css/8437.css": 371,
      "/static/css/8537.css": 1334,
      "/static/css/8634.css": 2034,
      "/static/css/87.css": 3081,
      "/static/css/8876.css": 1872,
      "/static/css/920.css": 400,
      "/static/css/9200.css": 553,
      "/static/css/9459.css": 1872,
      "/static/css/9592.css": 578,
      "/static/css/9710.css": 3202,
      "/static/css/9788.css": 3801,
      "/static/css/9797.css": 3136,
      "/static/css/9799.css": 1334,
      "/static/css/9891.css": 401,
      "/static/css/main.css": 10442,
      "/static/js/1033.js": 707,
      "/static/js/105.js": 219,
      "/static/js/1113.js": 7650,
      "/static/js/1167.js": 3336,
      "/static/js/1236.js": 16176,
      "/static/js/1238.js": 6528,
      "/static/js/1463.js": 1016,
      "/static/js/1541.js": 16709,
      "/static/js/1627.js": 9656,
      "/static/js/1641.js": 20840,
      "/static/js/1772.js": 4532,
      "/static/js/1821.js": 1307594,
      "/static/js/1849.js": 1149,
      "/static/js/1865.js": 12908,
      "/static/js/1967.js": 1270,
      "/static/js/1969.js": 11582,
      "/static/js/1994.js": 362,
      "/static/js/2020.js": 2397,
      "/static/js/2044.js": 8100,
      "/static/js/2050.js": 2609,
      "/static/js/2113.js": 261,
      "/static/js/2141.js": 4962,
      "/static/js/2167.js": 1751,
      "/static/js/2225.js": 22872,
      "/static/js/2287.js": 8418,
      "/static/js/2321.js": 2208,
      "/static/js/2353.js": 2549,
      "/static/js/2444.js": 49269,
      "/static/js/2486.js": 45317,
      "/static/js/2614.js": 5735,
      "/static/js/2754.js": 10915,
      "/static/js/2831.js": 2844,
      "/static/js/2832.js": 2339,
      "/static/js/2995.js": 13273,
      "/static/js/3416.js": 2227,
      "/static/js/3419.js": 622,
      "/static/js/348.js": 16221,
      "/static/js/350.js": 262,
      "/static/js/3502.js": 17221,
      "/static/js/3618.js": 16770,
      "/static/js/390.js": 8395,
      "/static/js/3925.js": 260,
      "/static/js/4009.js": 8835,
      "/static/js/4193.js": 24153,
      "/static/js/4221.js": 1521,
      "/static/js/4308.js": 5471,
      "/static/js/4310.js": 3072,
      "/static/js/4386.js": 9017,
      "/static/js/4407.js": 5652,
      "/static/js/4508.js": 15780,
      "/static/js/4543.js": 4785,
      "/static/js/4589.js": 509,
      "/static/js/4644.js": 636233,
      "/static/js/4709.js": 2844,
      "/static/js/4747.js": 654,
      "/static/js/4812.js": 231,
      "/static/js/4920.js": 987,
      "/static/js/5134.js": 470,
      "/static/js/5147.js": 16782,
      "/static/js/5148.js": 669,
      "/static/js/5195.js": 294,
      "/static/js/5222.js": 1631,
      "/static/js/5294.js": 997,
      "/static/js/5332.js": 22548,
      "/static/js/5342.js": 10431,
      "/static/js/5434.js": 390,
      "/static/js/5660.js": 6606,
      "/static/js/5689.js": 791,
      "/static/js/5767.js": 14645,
      "/static/js/5828.js": 384,
      "/static/js/594.js": 129,
      "/static/js/5942.js": 473,
      "/static/js/6034.js": 436,
      "/static/js/61.js": 4477,
      "/static/js/6100.js": 1112,
      "/static/js/6151.js": 1477,
      "/static/js/6182.js": 2077,
      "/static/js/6294.js": 4795,
      "/static/js/6349.js": 16392,
      "/static/js/6441.js": 552,
      "/static/js/6543.js": 29888,
      "/static/js/6573.js": 67838,
      "/static/js/6644.js": 1215,
      "/static/js/6658.js": 8015,
      "/static/js/6688.js": 5108,
      "/static/js/6707.js": 266,
      "/static/js/6774.js": 4023,
      "/static/js/6784.js": 11609,
      "/static/js/679.js": 369,
      "/static/js/684.js": 1689583,
      "/static/js/6999.js": 7616,
      "/static/js/7155.js": 179,
      "/static/js/7311.js": 13364,
      "/static/js/7375.js": 26560,
      "/static/js/7405.js": 8239,
      "/static/js/7504.js": 16579,
      "/static/js/7532.js": 294,
      "/static/js/7581.js": 248,
      "/static/js/7594.js": 577,
      "/static/js/7623.js": 19509,
      "/static/js/7627.js": 932,
      "/static/js/7711.js": 10192,
      "/static/js/7719.js": 10441,
      "/static/js/7726.js": 911,
      "/static/js/7817.js": 14537,
      "/static/js/7838.js": 19453,
      "/static/js/818.js": 626592,
      "/static/js/8238.js": 10726,
      "/static/js/8242.js": 10440,
      "/static/js/8364.js": 1205,
      "/static/js/8437.js": 369,
      "/static/js/8537.js": 754,
      "/static/js/8634.js": 24033,
      "/static/js/87.js": 9392,
      "/static/js/8876.js": 2011,
      "/static/js/8964.js": 16064,
      "/static/js/9115.js": 1880,
      "/static/js/9116.js": 9425,
      "/static/js/9118.js": 46642,
      "/static/js/920.js": 258,
      "/static/js/9200.js": 14792,
      "/static/js/9459.js": 11440,
      "/static/js/9483.js": 645,
      "/static/js/9592.js": 363,
      "/static/js/9660.js": 12675,
      "/static/js/9710.js": 1389,
      "/static/js/9718.js": 8013,
      "/static/js/9788.js": 18686,
      "/static/js/9799.js": 10820,
      "/static/js/9891.js": 260,
      "/static/js/9945.js": 4303,
      "/static/js/9951.js": 12613,
      "/static/js/main.js": 60007,
      "/static/js/runtime-main.js": 8598
    }
  },
  "gzippedBundleSize": {
    "total": 1575632,
    "files": {
      "/html/main/index.html": 4601,
      "/static/css/1033.css": 518,
      "/static/css/105.css": 134,
      "/static/css/1113.css": 582,
      "/static/css/1238.css": 413,
      "/static/css/1463.css": 783,
      "/static/css/1541.css": 670,
      "/static/css/1627.css": 298,
      "/static/css/1641.css": 891,
      "/static/css/1821.css": 56690,