{
  "devPluginSetupTime": 1578.0233619999879,
  "devPrepareTime": 338.1964896666662,
  "devColdBootTime": 4678.420406666682,
  "devHotBootTime": 3069.261618000009,
  "buildPluginSetupTime": 1458.7771113333292,
  "buildPrepareTime": 385.58884233337204,
  "buildColdBootTime": 19228.860370333306,
  "minifiedBundleSize": {
    "total": 169508,
    "files": {
      "/html/main/index.html": 2317,
      "/static/css/main.css": 2636,
      "/static/js/348.js": 145399,
      "/static/js/main.js": 17846,
      "/static/js/runtime-main.js": 1310
    }
  },
  "gzippedBundleSize": {
    "total": 54872,
    "files": {
      "/html/main/index.html": 1212,
      "/static/css/main.css": 905,
      "/static/js/348.js": 46698,
      "/static/js/main.js": 5332,
      "/static/js/runtime-main.js": 725
    }
  },
  "buildHotBootTime": 1335.9351723333432,
  "yarnColdInstallTime": 183746.07264600007,
  "yarnHotInstallTime": 1767.922419999959,
  "yarnDependenciesCount": 1497,
  "yarnInstallSize": 213700660
}
