{
  "devPluginSetupTime": 1529.5899473333266,
  "devPrepareTime": 306.84537466662005,
  "devColdBootTime": 8461.011513333302,
  "devHotBootTime": 5138.976148000064,
  "buildPluginSetupTime": 1379.1834416666534,
  "buildPrepareTime": 300.5336130000651,
  "buildColdBootTime": 43265.03775233333,
  "minifiedBundleSize": {
    "total": 817042,
    "files": {
      "js": 408845,
      "/html/main/index.html": 2666,
      "/static/css/main.css": 2636,
      "/static/js/909.js": 374779,
      "/static/js/main.js": 26457,
      "/static/js/runtime-main.js": 1659
    }
  },
  "gzippedBundleSize": {
    "total": 244471,
    "files": {
      "js": 116515,
      "/html/main/index.html": 1347,
      "/static/css/main.css": 905,
      "/static/js/909.js": 116420,
      "/static/js/main.js": 8423,
      "/static/js/runtime-main.js": 861
    }
  },
  "buildHotBootTime": 9031.827000999978,
  "yarnColdInstallTime": 130791.39338900009,
  "yarnHotInstallTime": 1137.9752390000504,
  "yarnDependenciesCount": 1501,
  "yarnInstallSize": 227361162
}
