{
  "devPluginSetupTime": 1502.0279879999969,
  "devPrepareTime": 416.2074273333225,
  "devColdBootTime": 7450.954710999969,
  "devHotBootTime": 4695.238833999979,
  "buildPluginSetupTime": 1526.450570333361,
  "buildPrepareTime": 428.02807366669487,
  "buildColdBootTime": 31335.308834666695,
  "minifiedBundleSize": {
    "total": 400027,
    "files": {
      "/html/main/index.html": 2660,
      "/static/css/main.css": 2636,
      "/static/js/879.js": 368738,
      "/static/js/main.js": 24340,
      "/static/js/runtime-main.js": 1653
    }
  },
  "gzippedBundleSize": {
    "total": 125328,
    "files": {
      "/html/main/index.html": 1338,
      "/static/css/main.css": 905,
      "/static/js/879.js": 114403,
      "/static/js/main.js": 7830,
      "/static/js/runtime-main.js": 852
    }
  },
  "buildHotBootTime": 13335.519041666645,
  "yarnColdInstallTime": 87876.23157900001,
  "yarnHotInstallTime": 1206.5923319999129,
  "yarnDependenciesCount": 1501,
  "yarnInstallSize": 227361162
}
