{
  "devPluginSetupTime": 2077.652206333354,
  "devPrepareTime": 395.1381986667014,
  "devColdBootTime": 32608.595344333367,
  "devHotBootTime": 7023.213020666658,
  "buildPluginSetupTime": 1839.4910703332473,
  "buildPrepareTime": 372.0577733332757,
  "buildColdBootTime": 63554.8129559999,
  "minifiedBundleSize": {
    "total": 6249419,
    "files": {
      "/html/main/index.html": 10364,
      "/static/css/1033.css": 1525,
      "/static/css/105.css": 116,
      "/static/css/1113.css": 1335,
      "/static/css/1238.css": 1039,
      "/static/css/1463.css": 3186,
      "/static/css/1541.css": 1661,
      "/static/css/1627.css": 467,
      "/static/css/1641.css": 3137,
      "/static/css/1821.css": 551219,
      "/static/css/1865.css": 1873,
      "/static/css/1967.css": 402,
      "/static/css/1969.css": 1369,
      "/static/css/1994.css": 483,
      "/static/css/2113.css": 170,
      "/static/css/2167.css": 356,
      "/static/css/2225.css": 1453,
      "/static/css/2321.css": 372,
      "/static/css/2457.css": 1369,
      "/static/css/2995.css": 1441,
      "/static/css/350.css": 466,
      "/static/css/3824.css": 2227,
      "/static/css/390.css": 3197,
      "/static/css/3925.css": 402,
      "/static/css/4009.css": 178,
      "/static/css/4193.css": 1459,
      "/static/css/4308.css": 3198,
      "/static/css/4386.css": 3186,
      "/static/css/4407.css": 579,
      "/static/css/4543.css": 1310,
      "/static/css/4589.css": 1039,
      "/static/css/4709.css": 502,
      "/static/css/4812.css": 178,
      "/static/css/4920.css": 1310,
      "/static/css/5148.css": 622,
      "/static/css/5332.css": 170,
      "/static/css/5342.css": 622,
      "/static/css/5434.css": 602,
      "/static/css/5660.css": 372,
      "/static/css/5689.css": 1369,
      "/static/css/5767.css": 3198,
      "/static/css/5828.css": 1441,
      "/static/css/6034.css": 751,
      "/static/css/6100.css": 402,
      "/static/css/6349.css": 4873,
      "/static/css/6441.css": 356,
      "/static/css/6644.css": 402,
      "/static/css/6658.css": 1873,
      "/static/css/6688.css": 1310,
      "/static/css/6707.css": 549,
      "/static/css/679.css": 501,
      "/static/css/6999.css": 307,
      "/static/css/7375.css": 602,
      "/static/css/7405.css": 1369,
      "/static/css/7581.css": 307,
      "/static/css/7838.css": 2446,
      "/static/css/8238.css": 427,
      "/static/css/8242.css": 1459,
      "/static/css/8364.css": 1459,
      "/static/css/8437.css": 372,
      "/static/css/8537.css": 1335,
      "/static/css/8634.css": 2035,
      "/static/css/87.css": 3184,
      "/static/css/8876.css": 1873,
      "/static/css/920.css": 401,
      "/static/css/9200.css": 549,
      "/static/css/9459.css": 1873,
      "/static/css/9592.css": 579,
      "/static/css/9710.css": 3198,
      "/static/css/9788.css": 3888,
      "/static/css/9797.css": 3137,
      "/static/css/9799.css": 1335,
      "/static/css/9891.css": 402,
      "/static/css/main.css": 10557,
      "/static/js/1033.js": 724,
      "/static/js/105.js": 236,
      "/static/js/1113.js": 7689,
      "/static/js/1167.js": 3343,
      "/static/js/1236.js": 16043,
      "/static/js/1238.js": 6552,
      "/static/js/1463.js": 1033,
      "/static/js/1541.js": 16698,
      "/static/js/1627.js": 9728,
      "/static/js/1641.js": 20859,
      "/static/js/1772.js": 4549,
      "/static/js/1821.js": 1387308,
      "/static/js/1849.js": 1162,
      "/static/js/1865.js": 12912,
      "/static/js/1967.js": 1300,
      "/static/js/1969.js": 11625,
      "/static/js/1994.js": 379,
      "/static/js/2020.js": 2453,
      "/static/js/2044.js": 8125,
      "/static/js/2050.js": 2677,
      "/static/js/2113.js": 278,
      "/static/js/2141.js": 4987,
      "/static/js/2167.js": 1777,
      "/static/js/2225.js": 22954,
      "/static/js/2287.js": 8435,
      "/static/js/2321.js": 2221,
      "/static/js/2353.js": 2574,
      "/static/js/2444.js": 49698,
      "/static/js/2486.js": 45915,
      "/static/js/2614.js": 5760,
      "/static/js/2754.js": 10971,
      "/static/js/2831.js": 2869,
      "/static/js/2832.js": 2364,
      "/static/js/2995.js": 13270,
      "/static/js/3416.js": 2252,
      "/static/js/3419.js": 647,
      "/static/js/348.js": 16304,
      "/static/js/350.js": 279,
      "/static/js/3502.js": 17238,
      "/static/js/3618.js": 16787,
      "/static/js/390.js": 8499,
      "/static/js/3925.js": 277,
      "/static/js/4009.js": 8834,
      "/static/js/4193.js": 24274,
      "/static/js/4221.js": 1546,
      "/static/js/4308.js": 5472,
      "/static/js/4310.js": 3097,
      "/static/js/4386.js": 9073,
      "/static/js/4407.js": 5672,
      "/static/js/4508.js": 15797,
      "/static/js/4543.js": 4801,
      "/static/js/4589.js": 526,
      "/static/js/4644.js": 667771,
      "/static/js/4709.js": 2874,
      "/static/js/4747.js": 677,
      "/static/js/4812.js": 248,
      "/static/js/4920.js": 1004,
      "/static/js/5134.js": 481,
      "/static/js/5147.js": 17142,
      "/static/js/5148.js": 686,
      "/static/js/5195.js": 313,
      "/static/js/5222.js": 1650,
      "/static/js/5294.js": 1012,
      "/static/js/5332.js": 22443,
      "/static/js/5342.js": 10457,
      "/static/js/5434.js": 407,
      "/static/js/5660.js": 6630,
      "/static/js/5689.js": 808,
      "/static/js/5767.js": 14872,
      "/static/js/5828.js": 401,
      "/static/js/594.js": 187,
      "/static/js/5942.js": 500,
      "/static/js/6034.js": 453,
      "/static/js/61.js": 4502,
      "/static/js/6100.js": 1142,
      "/static/js/6151.js": 1502,
      "/static/js/6182.js": 2110,
      "/static/js/6294.js": 4820,
      "/static/js/6349.js": 16514,
      "/static/js/6441.js": 569,
      "/static/js/6543.js": 30505,
      "/static/js/6573.js": 70000,
      "/static/js/6644.js": 1245,
      "/static/js/6658.js": 8040,
      "/static/js/6688.js": 5127,
      "/static/js/6707.js": 283,
      "/static/js/6774.js": 4149,
      "/static/js/6784.js": 11664,
      "/static/js/679.js": 386,
      "/static/js/684.js": 1721143,
      "/static/js/6999.js": 7621,
      "/static/js/7155.js": 238,
      "/static/js/7311.js": 13391,
      "/static/js/7375.js": 26655,
      "/static/js/7405.js": 8305,
      "/static/js/7504.js": 16596,
      "/static/js/7532.js": 313,
      "/static/js/7581.js": 265,
      "/static/js/7594.js": 602,
      "/static/js/7623.js": 19528,
      "/static/js/7627.js": 957,
      "/static/js/7711.js": 10289,
      "/static/js/7719.js": 10514,
      "/static/js/7726.js": 931,
      "/static/js/7817.js": 14533,
      "/static/js/7838.js": 19583,
      "/static/js/818.js": 661683,
      "/static/js/8238.js": 10737,
      "/static/js/8242.js": 10464,
      "/static/js/8364.js": 1222,
      "/static/js/8437.js": 386,
      "/static/js/8537.js": 771,
      "/static/js/8634.js": 24033,
      "/static/js/87.js": 9441,
      "/static/js/8876.js": 2028,
      "/static/js/8964.js": 16098,
      "/static/js/9115.js": 1905,
      "/static/js/9116.js": 9429,
      "/static/js/9118.js": 46690,
      "/static/js/920.js": 275,
      "/static/js/9200.js": 14810,
      "/static/js/9459.js": 11444,
      "/static/js/9483.js": 670,
      "/static/js/9592.js": 380,
      "/static/js/9660.js": 12736,
      "/static/js/9710.js": 1406,
      "/static/js/9718.js": 8039,
      "/static/js/9788.js": 18714,
      "/static/js/9799.js": 10917,
      "/static/js/9891.js": 277,
      "/static/js/9945.js": 4320,
      "/static/js/9951.js": 12694,
      "/static/js/main.js": 67598,
      "/static/js/runtime-main.js": 9296
    }
  },
  "gzippedBundleSize": {
    "total": 1714427,
    "files": {
      "/html/main/index.html": 4694,
      "/static/css/1033.css": 516,
      "/static/css/105.css": 135,
      "/static/css/1113.css": 575,
      "/static/css/1238.css": 408,
      "/static/css/1463.css": 766,
      "/static/css/1541.css": 661,
      "/static/css/1627.css": 300,
      "/static/css/1641.css": 889,
      "/static/css/1821.css": 57549,