{
  "devPluginSetupTime": 1461.8870923333645,
  "devPrepareTime": 362.34088500003173,
  "devColdBootTime": 3987.7922013332914,
  "devHotBootTime": 2935.673199000031,
  "buildPluginSetupTime": 1469.8252180000225,
  "buildPrepareTime": 702.6512919999659,
  "buildColdBootTime": 21072.82667066669,
  "minifiedBundleSize": {
    "total": 169520,
    "files": {
      "/html/main/index.html": 2317,
      "/static/css/main.css": 2636,
      "/static/js/219.js": 145744,
      "/static/js/main.js": 17513,
      "/static/js/runtime-main.js": 1310
    }
  },
  "gzippedBundleSize": {
    "total": 54844,
    "files": {
      "/html/main/index.html": 1213,
      "/static/css/main.css": 905,
      "/static/js/219.js": 46776,
      "/static/js/main.js": 5225,
      "/static/js/runtime-main.js": 725
    }
  },
  "buildHotBootTime": 1911.4648826666719
}
