{
  "devPluginSetupTime": 1899.8002169998363,
  "devPrepareTime": 407.082985999994,
  "devColdBootTime": 4570.102296999656,
  "devHotBootTime": 3955.5201600003056,
  "buildPluginSetupTime": 1328.7017910000868,
  "buildPrepareTime": 341.4953759997152,
  "buildColdBootTime": 15647.634176000021,
  "minifiedBundleSize": {
    "total": 170175,
    "files": {
      "/html/main/index.html": 2317,
      "/static/css/main.css": 2636,
      "/static/js/324.js": 146365,
      "/static/js/main.js": 17547,
      "/static/js/runtime-main.js": 1310
    }
  },
  "gzippedBundleSize": {
    "total": 55013,
    "files": {
      "/html/main/index.html": 1214,
      "/static/css/main.css": 905,
      "/static/js/324.js": 46922,
      "/static/js/main.js": 5247,
      "/static/js/runtime-main.js": 725
    }
  },
  "buildHotBootTime": 1216.3962900000624
}
