{
  "devPluginSetupTime": 1553.6499563333734,
  "devPrepareTime": 383.9948186666006,
  "devColdBootTime": 6724.18617833332,
  "devHotBootTime": 4271.800341333302,
  "buildPluginSetupTime": 1419.1271783333116,
  "buildPrepareTime": 355.44322833333473,
  "buildColdBootTime": 27413.415051,
  "minifiedBundleSize": {
    "total": 452587,
    "files": {
      "/html/main/index.html": 2659,
      "/static/css/main.css": 2636,
      "/static/js/47.js": 424159,
      "/static/js/main.js": 21480,
      "/static/js/runtime-main.js": 1653
    }
  },
  "gzippedBundleSize": {
    "total": 140681,
    "files": {
      "/html/main/index.html": 1337,
      "/static/css/main.css": 905,
      "/static/js/47.js": 131026,
      "/static/js/main.js": 6561,
      "/static/js/runtime-main.js": 852
    }
  },
  "buildHotBootTime": 8390.301469333315
}
