{
  "devPluginSetupTime": 1581.3078833333373,
  "devPrepareTime": 371.2444069999813,
  "devColdBootTime": 6383.35873633336,
  "devHotBootTime": 6438.42615366665,
  "buildPluginSetupTime": 1359.304956666582,
  "buildPrepareTime": 350.32360000000335,
  "buildColdBootTime": 24599.063884666615,
  "minifiedBundleSize": {
    "total": 452587,
    "files": {
      "/html/main/index.html": 2659,
      "/static/css/main.css": 2636,
      "/static/js/47.js": 424159,
      "/static/js/main.js": 21480,
      "/static/js/runtime-main.js": 1653
    }
  },
  "gzippedBundleSize": {
    "total": 140681,
    "files": {
      "/html/main/index.html": 1337,
      "/static/css/main.css": 905,
      "/static/js/47.js": 131026,
      "/static/js/main.js": 6561,
      "/static/js/runtime-main.js": 852
    }
  },
  "buildHotBootTime": 7650.9708773333505
}
