{
  "devPluginSetupTime": 2182.836692999932,
  "devPrepareTime": 453.4842359999893,
  "devColdBootTime": 5115.710355999996,
  "devHotBootTime": 4561.226704999921,
  "buildPluginSetupTime": 1447.0948690000223,
  "buildPrepareTime": 401.28615100006573,
  "buildColdBootTime": 17690.21184100001,
  "minifiedBundleSize": {
    "total": 170175,
    "files": {
      "/html/main/index.html": 2317,
      "/static/css/main.css": 2636,
      "/static/js/324.js": 146365,
      "/static/js/main.js": 17547,
      "/static/js/runtime-main.js": 1310
    }
  },
  "gzippedBundleSize": {
    "total": 55013,
    "files": {
      "/html/main/index.html": 1214,
      "/static/css/main.css": 905,
      "/static/js/324.js": 46922,
      "/static/js/main.js": 5247,
      "/static/js/runtime-main.js": 725
    }
  },
  "buildHotBootTime": 1191.2203080001054
}
