{
  "devPluginSetupTime": 2110.9131390000694,
  "devPrepareTime": 436.19836199993733,
  "devColdBootTime": 7469.0413679999765,
  "devHotBootTime": 6488.623294999939,
  "buildPluginSetupTime": 1451.9246959999437,
  "buildPrepareTime": 355.90526799997315,
  "buildColdBootTime": 26668.806743999943,
  "minifiedBundleSize": {
    "total": 452590,
    "files": {
      "/html/main/index.html": 2660,
      "/static/css/main.css": 2636,
      "/static/js/969.js": 424160,
      "/static/js/main.js": 21481,
      "/static/js/runtime-main.js": 1653
    }
  },
  "gzippedBundleSize": {
    "total": 140687,
    "files": {
      "/html/main/index.html": 1339,
      "/static/css/main.css": 905,
      "/static/js/969.js": 131029,
      "/static/js/main.js": 6562,
      "/static/js/runtime-main.js": 852
    }
  },
  "buildHotBootTime": 7975.7916180000175
}
