{
  "devPluginSetupTime": 1467.2340720000211,
  "devPrepareTime": 357.03727299999446,
  "devColdBootTime": 4139.585331333413,
  "devHotBootTime": 3030.677232333381,
  "buildPluginSetupTime": 1336.7269816666376,
  "buildPrepareTime": 350.9783953333584,
  "buildColdBootTime": 16138.328547999961,
  "minifiedBundleSize": {
    "total": 170175,
    "files": {
      "/html/main/index.html": 2317,
      "/static/css/main.css": 2636,
      "/static/js/324.js": 146365,
      "/static/js/main.js": 17547,
      "/static/js/runtime-main.js": 1310
    }
  },
  "gzippedBundleSize": {
    "total": 55013,
    "files": {
      "/html/main/index.html": 1214,
      "/static/css/main.css": 905,
      "/static/js/324.js": 46922,
      "/static/js/main.js": 5247,
      "/static/js/runtime-main.js": 725
    }
  },
  "buildHotBootTime": 1179.411284666586
}
