{
  "devPluginSetupTime": 1570.1037843333518,
  "devPrepareTime": 386.4655506666556,
  "devColdBootTime": 9209.68764066667,
  "devHotBootTime": 9304.16531833335,
  "buildPluginSetupTime": 1720.97907666668,
  "buildPrepareTime": 459.6508736667456,
  "buildColdBootTime": 49274.94884633331,
  "minifiedBundleSize": {
    "total": 869435,
    "files": {
      "js": 408676,
      "/html/main/index.html": 2666,
      "/static/css/main.css": 2636,
      "/static/js/247.js": 430203,
      "/static/js/main.js": 23595,
      "/static/js/runtime-main.js": 1659
    }
  },
  "gzippedBundleSize": {
    "total": 259736,
    "files": {
      "js": 116461,
      "/html/main/index.html": 1349,
      "/static/css/main.css": 905,
      "/static/js/247.js": 132997,
      "/static/js/main.js": 7163,
      "/static/js/runtime-main.js": 861
    }
  },
  "buildHotBootTime": 12841.383542333342
}
