{
  "devPluginSetupTime": 2095.402713999967,
  "devPrepareTime": 417.14341600000625,
  "devColdBootTime": 7013.279337999993,
  "devHotBootTime": 6610.884384999983,
  "buildPluginSetupTime": 1361.8402660000138,
  "buildPrepareTime": 339.5388099999982,
  "buildColdBootTime": 25759.71710899996,
  "minifiedBundleSize": {
    "total": 452590,
    "files": {
      "/html/main/index.html": 2660,
      "/static/css/main.css": 2636,
      "/static/js/969.js": 424160,
      "/static/js/main.js": 21481,
      "/static/js/runtime-main.js": 1653
    }
  },
  "gzippedBundleSize": {
    "total": 140687,
    "files": {
      "/html/main/index.html": 1339,
      "/static/css/main.css": 905,
      "/static/js/969.js": 131029,
      "/static/js/main.js": 6562,
      "/static/js/runtime-main.js": 852
    }
  },
  "buildHotBootTime": 7540.122378
}
