{
  "devPluginSetupTime": 1413.9636143333435,
  "devPrepareTime": 346.047632999951,
  "devColdBootTime": 8309.734044666713,
  "devHotBootTime": 5077.65887366666,
  "buildPluginSetupTime": 1470.3326066666439,
  "buildPrepareTime": 342.2127453333621,
  "buildColdBootTime": 41792.409204999996,
  "minifiedBundleSize": {
    "total": 869435,
    "files": {
      "js": 408676,
      "/html/main/index.html": 2666,
      "/static/css/main.css": 2636,
      "/static/js/247.js": 430203,
      "/static/js/main.js": 23595,
      "/static/js/runtime-main.js": 1659
    }
  },
  "gzippedBundleSize": {
    "total": 259736,
    "files": {
      "js": 116461,
      "/html/main/index.html": 1349,
      "/static/css/main.css": 905,
      "/static/js/247.js": 132997,
      "/static/js/main.js": 7163,
      "/static/js/runtime-main.js": 861
    }
  },
  "buildHotBootTime": 8603.291123000012
}
