{
  "devPluginSetupTime": 1366.8581096666555,
  "devPrepareTime": 362.85759999991086,
  "devColdBootTime": 6345.1610313334195,
  "devHotBootTime": 4101.645667333311,
  "buildPluginSetupTime": 1406.7145486666511,
  "buildPrepareTime": 363.27385100008297,
  "buildColdBootTime": 25076.997685333557,
  "minifiedBundleSize": {
    "total": 452587,
    "files": {
      "/html/main/index.html": 2659,
      "/static/css/main.css": 2636,
      "/static/js/47.js": 424159,
      "/static/js/main.js": 21480,
      "/static/js/runtime-main.js": 1653
    }
  },
  "gzippedBundleSize": {
    "total": 140681,
    "files": {
      "/html/main/index.html": 1337,
      "/static/css/main.css": 905,
      "/static/js/47.js": 131026,
      "/static/js/main.js": 6561,
      "/static/js/runtime-main.js": 852
    }
  },
  "buildHotBootTime": 7949.184781000018
}
