{
  "devPluginSetupTime": 1462.1939633333047,
  "devPrepareTime": 381.4473003333357,
  "devColdBootTime": 4428.712688333316,
  "devHotBootTime": 4543.681877999955,
  "buildPluginSetupTime": 1484.1928963333678,
  "buildPrepareTime": 366.88739333332825,
  "buildColdBootTime": 17304.602652333328,
  "minifiedBundleSize": {
    "total": 170175,
    "files": {
      "/html/main/index.html": 2317,
      "/static/css/main.css": 2636,
      "/static/js/324.js": 146365,
      "/static/js/main.js": 17547,
      "/static/js/runtime-main.js": 1310
    }
  },
  "gzippedBundleSize": {
    "total": 55013,
    "files": {
      "/html/main/index.html": 1214,
      "/static/css/main.css": 905,
      "/static/js/324.js": 46922,
      "/static/js/main.js": 5247,
      "/static/js/runtime-main.js": 725
    }
  },
  "buildHotBootTime": 1224.7962893333363
}
