{
  "devPluginSetupTime": 1509.8018660000525,
  "devPrepareTime": 374.6034270000334,
  "devColdBootTime": 4471.831366333335,
  "devHotBootTime": 4424.676004333344,
  "buildPluginSetupTime": 1456.717671333269,
  "buildPrepareTime": 373.41151633338694,
  "buildColdBootTime": 17875.737192333367,
  "minifiedBundleSize": {
    "total": 170175,
    "files": {
      "/html/main/index.html": 2317,
      "/static/css/main.css": 2636,
      "/static/js/324.js": 146365,
      "/static/js/main.js": 17547,
      "/static/js/runtime-main.js": 1310
    }
  },
  "gzippedBundleSize": {
    "total": 55013,
    "files": {
      "/html/main/index.html": 1214,
      "/static/css/main.css": 905,
      "/static/js/324.js": 46922,
      "/static/js/main.js": 5247,
      "/static/js/runtime-main.js": 725
    }
  },
  "buildHotBootTime": 1244.2528293333016
}
