{
  "devPluginSetupTime": 1350.3239413333747,
  "devPrepareTime": 369.02521999995224,
  "devColdBootTime": 4157.316282333418,
  "devHotBootTime": 2997.220446333289,
  "buildPluginSetupTime": 1348.4532113333698,
  "buildPrepareTime": 352.5510723333961,
  "buildColdBootTime": 16174.77967700013,
  "minifiedBundleSize": {
    "total": 170175,
    "files": {
      "/html/main/index.html": 2317,
      "/static/css/main.css": 2636,
      "/static/js/324.js": 146365,
      "/static/js/main.js": 17547,
      "/static/js/runtime-main.js": 1310
    }
  },
  "gzippedBundleSize": {
    "total": 55013,
    "files": {
      "/html/main/index.html": 1214,
      "/static/css/main.css": 905,
      "/static/js/324.js": 46922,
      "/static/js/main.js": 5247,
      "/static/js/runtime-main.js": 725
    }
  },
  "buildHotBootTime": 1165.6081386666435
}
