{
  "devPluginSetupTime": 1311.2316726666566,
  "devPrepareTime": 342.6493850000358,
  "devColdBootTime": 8259.517199333446,
  "devHotBootTime": 8213.338112333324,
  "buildPluginSetupTime": 1272.2928396665957,
  "buildPrepareTime": 335.96490966660593,
  "buildColdBootTime": 40369.73382733328,
  "minifiedBundleSize": {
    "total": 869435,
    "files": {
      "js": 408676,
      "/html/main/index.html": 2666,
      "/static/css/main.css": 2636,
      "/static/js/247.js": 430203,
      "/static/js/main.js": 23595,
      "/static/js/runtime-main.js": 1659
    }
  },
  "gzippedBundleSize": {
    "total": 259736,
    "files": {
      "js": 116461,
      "/html/main/index.html": 1349,
      "/static/css/main.css": 905,
      "/static/js/247.js": 132997,
      "/static/js/main.js": 7163,
      "/static/js/runtime-main.js": 861
    }
  },
  "buildHotBootTime": 8127.865699333372
}
