{
  "devPluginSetupTime": 1950.666227000067,
  "devPrepareTime": 422.7883419999853,
  "devColdBootTime": 4669.812175999861,
  "devHotBootTime": 4003.231662000064,
  "buildPluginSetupTime": 1362.5777650000528,
  "buildPrepareTime": 349.2546459999867,
  "buildColdBootTime": 16874.806125999894,
  "minifiedBundleSize": {
    "total": 170175,
    "files": {
      "/html/main/index.html": 2317,
      "/static/css/main.css": 2636,
      "/static/js/324.js": 146365,
      "/static/js/main.js": 17547,
      "/static/js/runtime-main.js": 1310
    }
  },
  "gzippedBundleSize": {
    "total": 55013,
    "files": {
      "/html/main/index.html": 1214,
      "/static/css/main.css": 905,
      "/static/js/324.js": 46922,
      "/static/js/main.js": 5247,
      "/static/js/runtime-main.js": 725
    }
  },
  "buildHotBootTime": 1287.2620659999084
}
