{
  "devPluginSetupTime": 2341.0372869999846,
  "devPrepareTime": 439.08124999998836,
  "devColdBootTime": 7242.189175999956,
  "devHotBootTime": 6648.060204999987,
  "buildPluginSetupTime": 1370.8192009999766,
  "buildPrepareTime": 348.1134869999951,
  "buildColdBootTime": 24405.366131999996,
  "minifiedBundleSize": {
    "total": 452590,
    "files": {
      "/html/main/index.html": 2660,
      "/static/css/main.css": 2636,
      "/static/js/969.js": 424160,
      "/static/js/main.js": 21481,
      "/static/js/runtime-main.js": 1653
    }
  },
  "gzippedBundleSize": {
    "total": 140687,
    "files": {
      "/html/main/index.html": 1339,
      "/static/css/main.css": 905,
      "/static/js/969.js": 131029,
      "/static/js/main.js": 6562,
      "/static/js/runtime-main.js": 852
    }
  },
  "buildHotBootTime": 7424.557990000001
}
