{
  "devPluginSetupTime": 1486.0579546666704,
  "devPrepareTime": 378.0001343333861,
  "devColdBootTime": 9207.82984099999,
  "devHotBootTime": 5562.340746333318,
  "buildPluginSetupTime": 1513.1319733333464,
  "buildPrepareTime": 366.5245130000403,
  "buildColdBootTime": 45128.1463709999,
  "minifiedBundleSize": {
    "total": 869435,
    "files": {
      "js": 408676,
      "/html/main/index.html": 2666,
      "/static/css/main.css": 2636,
      "/static/js/247.js": 430203,
      "/static/js/main.js": 23595,
      "/static/js/runtime-main.js": 1659
    }
  },
  "gzippedBundleSize": {
    "total": 259736,
    "files": {
      "js": 116461,
      "/html/main/index.html": 1349,
      "/static/css/main.css": 905,
      "/static/js/247.js": 132997,
      "/static/js/main.js": 7163,
      "/static/js/runtime-main.js": 861
    }
  },
  "buildHotBootTime": 9205.178705333345
}
