{
  "devPluginSetupTime": 1511.4094960000173,
  "devPrepareTime": 367.79676566664904,
  "devColdBootTime": 4358.114395000001,
  "devHotBootTime": 3141.378775000029,
  "buildPluginSetupTime": 1487.4080223333633,
  "buildPrepareTime": 576.8963036666779,
  "buildColdBootTime": 26399.69871799997,
  "minifiedBundleSize": {
    "total": 170175,
    "files": {
      "/html/main/index.html": 2317,
      "/static/css/main.css": 2636,
      "/static/js/324.js": 146365,
      "/static/js/main.js": 17547,
      "/static/js/runtime-main.js": 1310
    }
  },
  "gzippedBundleSize": {
    "total": 55013,
    "files": {
      "/html/main/index.html": 1214,
      "/static/css/main.css": 905,
      "/static/js/324.js": 46922,
      "/static/js/main.js": 5247,
      "/static/js/runtime-main.js": 725
    }
  },
  "buildHotBootTime": 7149.267154333375
}
