{
  "devPluginSetupTime": 296.239834666679,
  "devPrepareTime": 431.64170433336403,
  "devColdBootTime": 8459.538377999988,
  "devHotBootTime": 5024.0472759999875,
  "buildPluginSetupTime": 284.09170700004324,
  "buildPrepareTime": 428.88806766667403,
  "buildColdBootTime": 39384.387365666604,
  "minifiedBundleSize": {
    "total": 802068,
    "files": {
      "js": 399486,
      "/html/main/index.html": 2647,
      "/static/css/main.css": 2636,
      "/static/js/869.js": 371899,
      "/static/js/main.js": 23760,
      "/static/js/runtime-main.js": 1640
    }
  },
  "gzippedBundleSize": {
    "total": 244360,
    "files": {
      "js": 115738,
      "/html/main/index.html": 1352,
      "/static/css/main.css": 905,
      "/static/js/869.js": 117609,
      "/static/js/main.js": 7893,
      "/static/js/runtime-main.js": 863
    }
  },
  "buildHotBootTime": 9406.55646933328,
  "yarnColdInstallTime": 108851.778254,
  "yarnHotInstallTime": 2390.84138899995,
  "yarnDependenciesCount": 1320,
  "yarnInstallSize": 206367338
}
