{
  "devPluginSetupTime": 323.2812596667015,
  "devPrepareTime": 1195.9936329999862,
  "devColdBootTime": 9710.283811999989,
  "devHotBootTime": 4907.613656666635,
  "buildPluginSetupTime": 351.4590500000243,
  "buildPrepareTime": 435.94518100004643,
  "buildColdBootTime": 46580.80102166673,
  "minifiedBundleSize": {
    "total": 803350,
    "files": {
      "js": 399486,
      "/html/main/index.html": 3929,
      "/static/css/main.css": 2636,
      "/static/js/869.js": 371899,
      "/static/js/main.js": 23760,
      "/static/js/runtime-main.js": 1640
    }
  },
  "gzippedBundleSize": {
    "total": 244875,
    "files": {
      "js": 115738,
      "/html/main/index.html": 1867,
      "/static/css/main.css": 905,
      "/static/js/869.js": 117609,
      "/static/js/main.js": 7893,
      "/static/js/runtime-main.js": 863
    }
  },
  "buildHotBootTime": 12050.766368666664,
  "yarnColdInstallTime": 72300.25677999994,
  "yarnHotInstallTime": 1550.46050499985,
  "yarnDependenciesCount": 1343,
  "yarnInstallSize": 207282547
}
