{
  "devPluginSetupTime": 308.8015450000142,
  "devPrepareTime": 457.7234533333685,
  "devColdBootTime": 9133.610758666686,
  "devHotBootTime": 5329.159948666657,
  "buildPluginSetupTime": 326.5732960000557,
  "buildPrepareTime": 635.5606863333766,
  "buildColdBootTime": 46341.28301500005,
  "minifiedBundleSize": {
    "total": 802068,
    "files": {
      "js": 399486,
      "/html/main/index.html": 2647,
      "/static/css/main.css": 2636,
      "/static/js/869.js": 371899,
      "/static/js/main.js": 23760,
      "/static/js/runtime-main.js": 1640
    }
  },
  "gzippedBundleSize": {
    "total": 244360,
    "files": {
      "js": 115738,
      "/html/main/index.html": 1352,
      "/static/css/main.css": 905,
      "/static/js/869.js": 117609,
      "/static/js/main.js": 7893,
      "/static/js/runtime-main.js": 863
    }
  },
  "buildHotBootTime": 11613.966173666684,
  "yarnColdInstallTime": 78365.84267099993,
  "yarnHotInstallTime": 1111.4001729998272,
  "yarnDependenciesCount": 1320,
  "yarnInstallSize": 206367338
}
