{
  "devPluginSetupTime": 324.5380123333307,
  "devPrepareTime": 750.8549206666648,
  "devColdBootTime": 7492.511403000021,
  "devHotBootTime": 4865.100623000006,
  "buildPluginSetupTime": 332.532455666728,
  "buildPrepareTime": 419.199380666716,
  "buildColdBootTime": 47367.25560666664,
  "minifiedBundleSize": {
    "total": 803350,
    "files": {
      "js": 399486,
      "/html/main/index.html": 3929,
      "/static/css/main.css": 2636,
      "/static/js/869.js": 371899,
      "/static/js/main.js": 23760,
      "/static/js/runtime-main.js": 1640
    }
  },
  "gzippedBundleSize": {
    "total": 244875,
    "files": {
      "js": 115738,
      "/html/main/index.html": 1867,
      "/static/css/main.css": 905,
      "/static/js/869.js": 117609,
      "/static/js/main.js": 7893,
      "/static/js/runtime-main.js": 863
    }
  },
  "buildHotBootTime": 11590.977860999954,
  "yarnColdInstallTime": 95560.35693500005,
  "yarnHotInstallTime": 1371.5013639999088,
  "yarnDependenciesCount": 1343,
  "yarnInstallSize": 207282547
}
