{
  "devPluginSetupTime": 595.0392456666256,
  "devPrepareTime": 402.6482016666171,
  "devColdBootTime": 8515.571217333316,
  "devHotBootTime": 5344.260827999989,
  "buildPluginSetupTime": 512.8710063333468,
  "buildPrepareTime": 338.95777733332943,
  "buildColdBootTime": 30803.379215666675,
  "minifiedBundleSize": {
    "total": 394752,
    "files": {
      "js": 530,
      "/html/main/index.html": 2649,
      "/static/css/main.css": 2636,
      "/static/js/910.js": 365885,
      "/static/js/main.js": 21410,
      "/static/js/runtime-main.js": 1642
    }
  },
  "gzippedBundleSize": {
    "total": 126145,
    "files": {
      "js": 246,
      "/html/main/index.html": 1346,
      "/static/css/main.css": 905,
      "/static/js/910.js": 115589,
      "/static/js/main.js": 7200,
      "/static/js/runtime-main.js": 859
    }
  },
  "buildHotBootTime": 12904.696776666678,
  "yarnColdInstallTime": 95311.55819899996,
  "yarnHotInstallTime": 1128.1582100000232,
  "yarnDependenciesCount": 1376,
  "yarnInstallSize": 215216069
}
