{
  "devPluginSetupTime": 480.7916006666298,
  "devPrepareTime": 339.2972633333411,
  "devColdBootTime": 6801.6012186666485,
  "devHotBootTime": 4359.64133433338,
  "buildPluginSetupTime": 466.23000133324723,
  "buildPrepareTime": 331.64958000012365,
  "buildColdBootTime": 22239.54183299995,
  "minifiedBundleSize": {
    "total": 394720,
    "files": {
      "js": 530,
      "/html/main/index.html": 2641,
      "/static/css/main.css": 2636,
      "/static/js/910.js": 365877,
      "/static/js/main.js": 21402,
      "/static/js/runtime-main.js": 1634
    }
  },
  "gzippedBundleSize": {
    "total": 126132,
    "files": {
      "js": 246,
      "/html/main/index.html": 1343,
      "/static/css/main.css": 905,
      "/static/js/910.js": 115585,
      "/static/js/main.js": 7197,
      "/static/js/runtime-main.js": 856
    }
  },
  "buildHotBootTime": 9818.365952666616,
  "yarnColdInstallTime": 91966.6682490001,
  "yarnHotInstallTime": 1509.4042899999768,
  "yarnDependenciesCount": 1402,
  "yarnInstallSize": 222027545
}
