{
  "devPluginSetupTime": 300.1086603333242,
  "devPrepareTime": 428.73051199999946,
  "devColdBootTime": 13385.22874533323,
  "devHotBootTime": 4479.770870666718,
  "buildPluginSetupTime": 299.7685846666961,
  "buildPrepareTime": 441.53405133332126,
  "buildColdBootTime": 30276.258005666623,
  "minifiedBundleSize": {
    "total": 401640,
    "files": {
      "/html/main/index.html": 2643,
      "/static/css/main.css": 9994,
      "/static/js/581.js": 365935,
      "/static/js/main.js": 21432,
      "/static/js/runtime-main.js": 1636
    }
  },
  "gzippedBundleSize": {
    "total": 127491,
    "files": {
      "/html/main/index.html": 1341,
      "/static/css/main.css": 2482,
      "/static/js/581.js": 115601,
      "/static/js/main.js": 7213,
      "/static/js/runtime-main.js": 854
    }
  },
  "buildHotBootTime": 9220.94812399995,
  "yarnColdInstallTime": 128580.2325220001,
  "yarnHotInstallTime": 2219.1005150000565,
  "yarnDependenciesCount": 1676,
  "yarnInstallSize": 242537312
}
