{
  "devPluginSetupTime": 520.0650139999731,
  "devPrepareTime": 349.4687050000454,
  "devColdBootTime": 7410.35481566668,
  "devHotBootTime": 4639.218743999954,
  "buildPluginSetupTime": 505.79927400006756,
  "buildPrepareTime": 327.16272499994375,
  "buildColdBootTime": 23814.234828999965,
  "minifiedBundleSize": {
    "total": 394720,
    "files": {
      "js": 530,
      "/html/main/index.html": 2641,
      "/static/css/main.css": 2636,
      "/static/js/910.js": 365877,
      "/static/js/main.js": 21402,
      "/static/js/runtime-main.js": 1634
    }
  },
  "gzippedBundleSize": {
    "total": 126132,
    "files": {
      "js": 246,
      "/html/main/index.html": 1343,
      "/static/css/main.css": 905,
      "/static/js/910.js": 115585,
      "/static/js/main.js": 7197,
      "/static/js/runtime-main.js": 856
    }
  },
  "buildHotBootTime": 10684.189052333279,
  "yarnColdInstallTime": 72368.44900600007,
  "yarnHotInstallTime": 1006.555365000153,
  "yarnDependenciesCount": 1402,
  "yarnInstallSize": 222027545
}
