{
  "devPluginSetupTime": 322.0318533333484,
  "devPrepareTime": 736.7860529999986,
  "devColdBootTime": 4770.205270333351,
  "devHotBootTime": 3804.066779000025,
  "buildPluginSetupTime": 298.47761100002873,
  "buildPrepareTime": 665.7803016667021,
  "buildColdBootTime": 18242.156126000027,
  "minifiedBundleSize": {
    "total": 166076,
    "files": {
      "/html/main/index.html": 2301,
      "/static/css/main.css": 2636,
      "/static/js/906.js": 144816,
      "/static/js/main.js": 15029,
      "/static/js/runtime-main.js": 1294
    }
  },
  "gzippedBundleSize": {
    "total": 54198,
    "files": {
      "/html/main/index.html": 1213,
      "/static/css/main.css": 905,
      "/static/js/906.js": 46641,
      "/static/js/main.js": 4713,
      "/static/js/runtime-main.js": 726
    }
  },
  "buildHotBootTime": 1578.043002000001,
  "yarnColdInstallTime": 87848.52275300003,
  "yarnHotInstallTime": 1577.2905759999994,
  "yarnDependenciesCount": 1316,
  "yarnInstallSize": 197591717
}
