{
  "devPluginSetupTime": 287.3460349999368,
  "devPrepareTime": 414.5633610001144,
  "devColdBootTime": 3961.4907066666833,
  "devHotBootTime": 2900.2797326667546,
  "buildPluginSetupTime": 279.81314533328015,
  "buildPrepareTime": 406.01271100000787,
  "buildColdBootTime": 13129.503318333378,
  "minifiedBundleSize": {
    "total": 166076,
    "files": {
      "/html/main/index.html": 2301,
      "/static/css/main.css": 2636,
      "/static/js/906.js": 144816,
      "/static/js/main.js": 15029,
      "/static/js/runtime-main.js": 1294
    }
  },
  "gzippedBundleSize": {
    "total": 54198,
    "files": {
      "/html/main/index.html": 1213,
      "/static/css/main.css": 905,
      "/static/js/906.js": 46641,
      "/static/js/main.js": 4713,
      "/static/js/runtime-main.js": 726
    }
  },
  "buildHotBootTime": 1151.119130666678,
  "yarnColdInstallTime": 74544.44940199982,
  "yarnHotInstallTime": 2147.115864000283,
  "yarnDependenciesCount": 1316,
  "yarnInstallSize": 197591717
}
