{
  "devPluginSetupTime": 292.299814666699,
  "devPrepareTime": 426.8674850000534,
  "devColdBootTime": 6645.6045540000005,
  "devHotBootTime": 3992.4829593333416,
  "buildPluginSetupTime": 268.49299333329935,
  "buildPrepareTime": 406.65992233335663,
  "buildColdBootTime": 21706.210102333378,
  "minifiedBundleSize": {
    "total": 394190,
    "files": {
      "/html/main/index.html": 2641,
      "/static/css/main.css": 2636,
      "/static/js/910.js": 365877,
      "/static/js/main.js": 21402,
      "/static/js/runtime-main.js": 1634
    }
  },
  "gzippedBundleSize": {
    "total": 125874,
    "files": {
      "/html/main/index.html": 1340,
      "/static/css/main.css": 905,
      "/static/js/910.js": 115583,
      "/static/js/main.js": 7192,
      "/static/js/runtime-main.js": 854
    }
  },
  "buildHotBootTime": 8147.286382333298,
  "yarnColdInstallTime": 75057.1304260001,
  "yarnHotInstallTime": 2082.3292100001127,
  "yarnDependenciesCount": 1320,
  "yarnInstallSize": 206367338
}
