{
  "devPluginSetupTime": 614.2720600000272,
  "devPrepareTime": 728.7118656666717,
  "devColdBootTime": 8683.873483666723,
  "devHotBootTime": 6544.051613999996,
  "buildPluginSetupTime": 588.8518200000593,
  "buildPrepareTime": 365.6482419999472,
  "buildColdBootTime": 32011.817628666682,
  "minifiedBundleSize": {
    "total": 394752,
    "files": {
      "js": 530,
      "/html/main/index.html": 2649,
      "/static/css/main.css": 2636,
      "/static/js/910.js": 365885,
      "/static/js/main.js": 21410,
      "/static/js/runtime-main.js": 1642
    }
  },
  "gzippedBundleSize": {
    "total": 126145,
    "files": {
      "js": 246,
      "/html/main/index.html": 1346,
      "/static/css/main.css": 905,
      "/static/js/910.js": 115589,
      "/static/js/main.js": 7200,
      "/static/js/runtime-main.js": 859
    }
  },
  "buildHotBootTime": 12135.654458666648,
  "yarnColdInstallTime": 90603.58158700005,
  "yarnHotInstallTime": 2702.2833889999893,
  "yarnDependenciesCount": 1376,
  "yarnInstallSize": 215216069
}
