{
  "devPluginSetupTime": 596.7931493333502,
  "devPrepareTime": 616.1423216666639,
  "devColdBootTime": 8026.712811999973,
  "devHotBootTime": 5416.977465666695,
  "buildPluginSetupTime": 516.2801443333738,
  "buildPrepareTime": 342.4961369999607,
  "buildColdBootTime": 29595.359366333305,
  "minifiedBundleSize": {
    "total": 394720,
    "files": {
      "js": 530,
      "/html/main/index.html": 2641,
      "/static/css/main.css": 2636,
      "/static/js/910.js": 365877,
      "/static/js/main.js": 21402,
      "/static/js/runtime-main.js": 1634
    }
  },
  "gzippedBundleSize": {
    "total": 126132,
    "files": {
      "js": 246,
      "/html/main/index.html": 1343,
      "/static/css/main.css": 905,
      "/static/js/910.js": 115585,
      "/static/js/main.js": 7197,
      "/static/js/runtime-main.js": 856
    }
  },
  "buildHotBootTime": 12218.254507666648,
  "yarnColdInstallTime": 70676.57693700003,
  "yarnHotInstallTime": 1115.6135730000678,
  "yarnDependenciesCount": 1402,
  "yarnInstallSize": 222027545
}
