{
  "devPluginSetupTime": 304.9131733331985,
  "devPrepareTime": 418.37214899994433,
  "devColdBootTime": 6483.002422000049,
  "devHotBootTime": 4049.9500203332864,
  "buildPluginSetupTime": 300.88834933323477,
  "buildPrepareTime": 425.21649666666053,
  "buildColdBootTime": 23993.236339999985,
  "minifiedBundleSize": {
    "total": 394190,
    "files": {
      "/html/main/index.html": 2641,
      "/static/css/main.css": 2636,
      "/static/js/910.js": 365877,
      "/static/js/main.js": 21402,
      "/static/js/runtime-main.js": 1634
    }
  },
  "gzippedBundleSize": {
    "total": 125874,
    "files": {
      "/html/main/index.html": 1340,
      "/static/css/main.css": 905,
      "/static/js/910.js": 115583,
      "/static/js/main.js": 7192,
      "/static/js/runtime-main.js": 854
    }
  },
  "buildHotBootTime": 8834.293311666697,
  "yarnColdInstallTime": 73906.53303400008,
  "yarnHotInstallTime": 1389.0878749999683,
  "yarnDependenciesCount": 1320,
  "yarnInstallSize": 206367338
}
