{
  "devPluginSetupTime": 488.14285633348237,
  "devPrepareTime": 350.0371940000138,
  "devColdBootTime": 7095.478525000003,
  "devHotBootTime": 4636.326200666605,
  "buildPluginSetupTime": 495.34496999997646,
  "buildPrepareTime": 348.8324656666567,
  "buildColdBootTime": 25173.995511999976,
  "minifiedBundleSize": {
    "total": 394752,
    "files": {
      "js": 530,
      "/html/main/index.html": 2649,
      "/static/css/main.css": 2636,
      "/static/js/910.js": 365885,
      "/static/js/main.js": 21410,
      "/static/js/runtime-main.js": 1642
    }
  },
  "gzippedBundleSize": {
    "total": 126145,
    "files": {
      "js": 246,
      "/html/main/index.html": 1346,
      "/static/css/main.css": 905,
      "/static/js/910.js": 115589,
      "/static/js/main.js": 7200,
      "/static/js/runtime-main.js": 859
    }
  },
  "buildHotBootTime": 11032.422773000086,
  "yarnColdInstallTime": 98517.58921000012,
  "yarnHotInstallTime": 1095.0205469999928,
  "yarnDependenciesCount": 1376,
  "yarnInstallSize": 215216069
}
