{
  "devPluginSetupTime": 268.6597303333692,
  "devPrepareTime": 392.7407916667871,
  "devColdBootTime": 12200.063887000084,
  "devHotBootTime": 4051.7537780000516,
  "buildPluginSetupTime": 267.76782999994856,
  "buildPrepareTime": 388.58177266657975,
  "buildColdBootTime": 26333.595995666616,
  "minifiedBundleSize": {
    "total": 401640,
    "files": {
      "/html/main/index.html": 2643,
      "/static/css/main.css": 9994,
      "/static/js/581.js": 365935,
      "/static/js/main.js": 21432,
      "/static/js/runtime-main.js": 1636
    }
  },
  "gzippedBundleSize": {
    "total": 127491,
    "files": {
      "/html/main/index.html": 1341,
      "/static/css/main.css": 2482,
      "/static/js/581.js": 115601,
      "/static/js/main.js": 7213,
      "/static/js/runtime-main.js": 854
    }
  },
  "buildHotBootTime": 7857.589994333219,
  "yarnColdInstallTime": 80463.53475999972,
  "yarnHotInstallTime": 2515.2481089998037,
  "yarnDependenciesCount": 1676,
  "yarnInstallSize": 242537312
}
