{
  "devPluginSetupTime": 307.29523399996106,
  "devPrepareTime": 466.2784673333711,
  "devColdBootTime": 8583.472049666607,
  "devHotBootTime": 5136.766629000001,
  "buildPluginSetupTime": 283.00134066670824,
  "buildPrepareTime": 418.08900999991846,
  "buildColdBootTime": 39266.05591666675,
  "minifiedBundleSize": {
    "total": 802068,
    "files": {
      "js": 399486,
      "/html/main/index.html": 2647,
      "/static/css/main.css": 2636,
      "/static/js/869.js": 371899,
      "/static/js/main.js": 23760,
      "/static/js/runtime-main.js": 1640
    }
  },
  "gzippedBundleSize": {
    "total": 244360,
    "files": {
      "js": 115738,
      "/html/main/index.html": 1352,
      "/static/css/main.css": 905,
      "/static/js/869.js": 117609,
      "/static/js/main.js": 7893,
      "/static/js/runtime-main.js": 863
    }
  },
  "buildHotBootTime": 9275.71791133339,
  "yarnColdInstallTime": 71127.03235700005,
  "yarnHotInstallTime": 982.7200780001003,
  "yarnDependenciesCount": 1320,
  "yarnInstallSize": 206367159
}
