{
  "devPluginSetupTime": 1379.210895000336,
  "devPrepareTime": 295.7154283331086,
  "devColdBootTime": 5479.890795000208,
  "devHotBootTime": 3426.3065696666017,
  "buildPluginSetupTime": 1374.4682649997994,
  "buildPrepareTime": 282.9107356670623,
  "buildColdBootTime": 21029.899723000202,
  "minifiedBundleSize": {
    "total": 423432,
    "files": {
      "/html/main/index.html": 2660,
      "/static/css/main.css": 2636,
      "/static/js/532.js": 385045,
      "/static/js/main.js": 31438,
      "/static/js/runtime-main.js": 1653
    }
  },
  "gzippedBundleSize": {
    "total": 129780,
    "files": {
      "/html/main/index.html": 1342,
      "/static/css/main.css": 905,
      "/static/js/532.js": 120278,
      "/static/js/main.js": 6403,
      "/static/js/runtime-main.js": 852
    }
  },
  "buildHotBootTime": 1771.2157960000138,
  "yarnColdInstallTime": 78406.49242800009,
  "yarnHotInstallTime": 1713.6919309999794,
  "yarnDependenciesCount": 1657,
  "yarnInstallSize": 221036871
}
