{
  "devPluginSetupTime": 1240.1875093334045,
  "devPrepareTime": 276.0831586665784,
  "devColdBootTime": 7658.294900666612,
  "devHotBootTime": 4592.224235666606,
  "buildPluginSetupTime": 1295.926004000008,
  "buildPrepareTime": 283.36829866670695,
  "buildColdBootTime": 38023.162925999924,
  "minifiedBundleSize": {
    "total": 816017,
    "files": {
      "js": 408451,
      "/html/main/index.html": 2666,
      "/static/css/main.css": 2636,
      "/static/js/654.js": 374779,
      "/static/js/main.js": 25826,
      "/static/js/runtime-main.js": 1659
    }
  },
  "gzippedBundleSize": {
    "total": 244387,
    "files": {
      "js": 116556,
      "/html/main/index.html": 1349,
      "/static/css/main.css": 905,
      "/static/js/654.js": 116423,
      "/static/js/main.js": 8293,
      "/static/js/runtime-main.js": 861
    }
  },
  "buildHotBootTime": 8297.739341333197,
  "yarnColdInstallTime": 80634.31048900029,
  "yarnHotInstallTime": 2166.334435999859,
  "yarnDependenciesCount": 1487,
  "yarnInstallSize": 227387258
}
