{
  "devPluginSetupTime": 1211.8591280000594,
  "devPrepareTime": 275.2186193332697,
  "devColdBootTime": 5724.80841533343,
  "devHotBootTime": 3436.973755000004,
  "buildPluginSetupTime": 1215.4016063332867,
  "buildPrepareTime": 269.5825290000066,
  "buildColdBootTime": 21795.437672333326,
  "minifiedBundleSize": {
    "total": 399386,
    "files": {
      "/html/main/index.html": 2658,
      "/static/css/main.css": 2636,
      "/static/js/4.js": 368732,
      "/static/js/main.js": 23707,
      "/static/js/runtime-main.js": 1653
    }
  },
  "gzippedBundleSize": {
    "total": 125187,
    "files": {
      "/html/main/index.html": 1337,
      "/static/css/main.css": 905,
      "/static/js/4.js": 114399,
      "/static/js/main.js": 7694,
      "/static/js/runtime-main.js": 852
    }
  },
  "buildHotBootTime": 7189.839551666441,
  "yarnColdInstallTime": 106805.27400900004,
  "yarnHotInstallTime": 2155.6743429997005,
  "yarnDependenciesCount": 1487,
  "yarnInstallSize": 227387258
}
