{
  "devPluginSetupTime": 1570.9556483333,
  "devPrepareTime": 358.58408266670693,
  "devColdBootTime": 10936.027459000004,
  "devHotBootTime": 6173.430111000042,
  "buildPluginSetupTime": 1570.5901103332483,
  "buildPrepareTime": 325.8227690000397,
  "buildColdBootTime": 53277.460036000004,
  "minifiedBundleSize": {
    "total": 816017,
    "files": {
      "js": 408451,
      "/html/main/index.html": 2666,
      "/static/css/main.css": 2636,
      "/static/js/654.js": 374779,
      "/static/js/main.js": 25826,
      "/static/js/runtime-main.js": 1659
    }
  },
  "gzippedBundleSize": {
    "total": 244387,
    "files": {
      "js": 116556,
      "/html/main/index.html": 1349,
      "/static/css/main.css": 905,
      "/static/js/654.js": 116423,
      "/static/js/main.js": 8293,
      "/static/js/runtime-main.js": 861
    }
  },
  "buildHotBootTime": 11178.339719666634,
  "yarnColdInstallTime": 137039.8035710001,
  "yarnHotInstallTime": 2128.1659229998477,
  "yarnDependenciesCount": 1487,
  "yarnInstallSize": 227386671
}
