{
  "devPluginSetupTime": 1463.595940999997,
  "devPrepareTime": 333.1153719999905,
  "devColdBootTime": 4570.896199000029,
  "devHotBootTime": 3061.3961090000034,
  "buildPluginSetupTime": 1553.6796883333009,
  "buildPrepareTime": 341.2184163333538,
  "buildColdBootTime": 18514.500875333324,
  "minifiedBundleSize": {
    "total": 168879,
    "files": {
      "/html/main/index.html": 2317,
      "/static/css/main.css": 2636,
      "/static/js/348.js": 145400,
      "/static/js/main.js": 17216,
      "/static/js/runtime-main.js": 1310
    }
  },
  "gzippedBundleSize": {
    "total": 54748,
    "files": {
      "/html/main/index.html": 1213,
      "/static/css/main.css": 905,
      "/static/js/348.js": 46704,
      "/static/js/main.js": 5201,
      "/static/js/runtime-main.js": 725
    }
  },
  "buildHotBootTime": 1341.3183449999585,
  "yarnColdInstallTime": 102184.508409,
  "yarnHotInstallTime": 1701.7557069999166,
  "yarnDependenciesCount": 1483,
  "yarnInstallSize": 213721598
}
