{
  "devPluginSetupTime": 1295.257264333389,
  "devPrepareTime": 287.1606423333287,
  "devColdBootTime": 7963.185375333221,
  "devHotBootTime": 4687.72449766666,
  "buildPluginSetupTime": 1282.8200629998464,
  "buildPrepareTime": 281.4549326666165,
  "buildColdBootTime": 39379.789989000106,
  "minifiedBundleSize": {
    "total": 816017,
    "files": {
      "js": 408451,
      "/html/main/index.html": 2666,
      "/static/css/main.css": 2636,
      "/static/js/654.js": 374779,
      "/static/js/main.js": 25826,
      "/static/js/runtime-main.js": 1659
    }
  },
  "gzippedBundleSize": {
    "total": 244387,
    "files": {
      "js": 116556,
      "/html/main/index.html": 1349,
      "/static/css/main.css": 905,
      "/static/js/654.js": 116423,
      "/static/js/main.js": 8293,
      "/static/js/runtime-main.js": 861
    }
  },
  "buildHotBootTime": 8492.49670566665,
  "yarnColdInstallTime": 85452.14937999984,
  "yarnHotInstallTime": 1036.0684350002557,
  "yarnDependenciesCount": 1487,
  "yarnInstallSize": 227386671
}
