{
  "devPluginSetupTime": 1239.0183683332677,
  "devPrepareTime": 277.52643633323413,
  "devColdBootTime": 7748.967270000217,
  "devHotBootTime": 4580.884005333297,
  "buildPluginSetupTime": 1241.5937123335898,
  "buildPrepareTime": 274.78898866722983,
  "buildColdBootTime": 37054.07245233344,
  "minifiedBundleSize": {
    "total": 816017,
    "files": {
      "js": 408451,
      "/html/main/index.html": 2666,
      "/static/css/main.css": 2636,
      "/static/js/654.js": 374779,
      "/static/js/main.js": 25826,
      "/static/js/runtime-main.js": 1659
    }
  },
  "gzippedBundleSize": {
    "total": 244387,
    "files": {
      "js": 116556,
      "/html/main/index.html": 1349,
      "/static/css/main.css": 905,
      "/static/js/654.js": 116423,
      "/static/js/main.js": 8293,
      "/static/js/runtime-main.js": 861
    }
  },
  "buildHotBootTime": 7949.316615000367,
  "yarnColdInstallTime": 86152.18969400041,
  "yarnHotInstallTime": 1107.6443429999053,
  "yarnDependenciesCount": 1487,
  "yarnInstallSize": 227387258
}
