{
  "devPluginSetupTime": 1499.381050000006,
  "devPrepareTime": 328.32013866668177,
  "devColdBootTime": 4526.136834666696,
  "devHotBootTime": 2952.8821570000146,
  "buildPluginSetupTime": 1437.7054850000422,
  "buildPrepareTime": 332.76724499999546,
  "buildColdBootTime": 18378.680163666646,
  "minifiedBundleSize": {
    "total": 168879,
    "files": {
      "/html/main/index.html": 2317,
      "/static/css/main.css": 2636,
      "/static/js/348.js": 145400,
      "/static/js/main.js": 17216,
      "/static/js/runtime-main.js": 1310
    }
  },
  "gzippedBundleSize": {
    "total": 54748,
    "files": {
      "/html/main/index.html": 1213,
      "/static/css/main.css": 905,
      "/static/js/348.js": 46704,
      "/static/js/main.js": 5201,
      "/static/js/runtime-main.js": 725
    }
  },
  "buildHotBootTime": 1496.903315000042,
  "yarnColdInstallTime": 230468.92003600008,
  "yarnHotInstallTime": 1791.5462699999334,
  "yarnDependenciesCount": 1483,
  "yarnInstallSize": 213721598
}
