{
  "devPluginSetupTime": 1300.2991313332848,
  "devPrepareTime": 296.7261643332895,
  "devColdBootTime": 6082.010335333335,
  "devHotBootTime": 3641.109008333335,
  "buildPluginSetupTime": 1236.4768826666598,
  "buildPrepareTime": 274.47844166665647,
  "buildColdBootTime": 22181.70158166671,
  "minifiedBundleSize": {
    "total": 399386,
    "files": {
      "/html/main/index.html": 2658,
      "/static/css/main.css": 2636,
      "/static/js/4.js": 368732,
      "/static/js/main.js": 23707,
      "/static/js/runtime-main.js": 1653
    }
  },
  "gzippedBundleSize": {
    "total": 125187,
    "files": {
      "/html/main/index.html": 1337,
      "/static/css/main.css": 905,
      "/static/js/4.js": 114399,
      "/static/js/main.js": 7694,
      "/static/js/runtime-main.js": 852
    }
  },
  "buildHotBootTime": 7367.68179966649,
  "yarnColdInstallTime": 109026.34583200002,
  "yarnHotInstallTime": 1674.2792930002324,
  "yarnDependenciesCount": 1487,
  "yarnInstallSize": 227387258
}
