{
  "devPluginSetupTime": 1339.5836889998366,
  "devPrepareTime": 292.7468350001921,
  "devColdBootTime": 6230.836847333548,
  "devHotBootTime": 3710.905142333048,
  "buildPluginSetupTime": 1335.3502976670861,
  "buildPrepareTime": 288.31197033325833,
  "buildColdBootTime": 23529.584697666578,
  "minifiedBundleSize": {
    "total": 399386,
    "files": {
      "/html/main/index.html": 2658,
      "/static/css/main.css": 2636,
      "/static/js/4.js": 368732,
      "/static/js/main.js": 23707,
      "/static/js/runtime-main.js": 1653
    }
  },
  "gzippedBundleSize": {
    "total": 125187,
    "files": {
      "/html/main/index.html": 1337,
      "/static/css/main.css": 905,
      "/static/js/4.js": 114399,
      "/static/js/main.js": 7694,
      "/static/js/runtime-main.js": 852
    }
  },
  "buildHotBootTime": 7753.799176000059,
  "yarnColdInstallTime": 108771.75782199949,
  "yarnHotInstallTime": 2183.242347000167,
  "yarnDependenciesCount": 1487,
  "yarnInstallSize": 227386671
}
