{
  "devPluginSetupTime": 1212.0413930003222,
  "devPrepareTime": 279.9843403333798,
  "devColdBootTime": 3513.233276999866,
  "devHotBootTime": 2522.2482143336288,
  "buildPluginSetupTime": 1212.0169040001929,
  "buildPrepareTime": 266.8488233331591,
  "buildColdBootTime": 13687.837877333164,
  "minifiedBundleSize": {
    "total": 168879,
    "files": {
      "/html/main/index.html": 2317,
      "/static/css/main.css": 2636,
      "/static/js/348.js": 145400,
      "/static/js/main.js": 17216,
      "/static/js/runtime-main.js": 1310
    }
  },
  "gzippedBundleSize": {
    "total": 54748,
    "files": {
      "/html/main/index.html": 1213,
      "/static/css/main.css": 905,
      "/static/js/348.js": 46704,
      "/static/js/main.js": 5201,
      "/static/js/runtime-main.js": 725
    }
  },
  "buildHotBootTime": 1029.7107613331948,
  "yarnColdInstallTime": 118846.36115700006,
  "yarnHotInstallTime": 2095.2401219997555,
  "yarnDependenciesCount": 1483,
  "yarnInstallSize": 213721598
}
