{
  "devPluginSetupTime": 1315.7384593331565,
  "devPrepareTime": 297.51161799998954,
  "devColdBootTime": 6105.163960666706,
  "devHotBootTime": 3657.5395846666456,
  "buildPluginSetupTime": 1307.5812256666832,
  "buildPrepareTime": 283.52565899988014,
  "buildColdBootTime": 23208.915660000097,
  "minifiedBundleSize": {
    "total": 399386,
    "files": {
      "/html/main/index.html": 2658,
      "/static/css/main.css": 2636,
      "/static/js/4.js": 368732,
      "/static/js/main.js": 23707,
      "/static/js/runtime-main.js": 1653
    }
  },
  "gzippedBundleSize": {
    "total": 125187,
    "files": {
      "/html/main/index.html": 1337,
      "/static/css/main.css": 905,
      "/static/js/4.js": 114399,
      "/static/js/main.js": 7694,
      "/static/js/runtime-main.js": 852
    }
  },
  "buildHotBootTime": 7597.372116666753,
  "yarnColdInstallTime": 106151.15113300039,
  "yarnHotInstallTime": 1019.4237780002877,
  "yarnDependenciesCount": 1487,
  "yarnInstallSize": 227386671
}
