{
  "devPluginSetupTime": 1385.9881203333305,
  "devPrepareTime": 330.69667633331846,
  "devColdBootTime": 4103.270691333378,
  "devHotBootTime": 2919.636069666672,
  "buildPluginSetupTime": 1525.7236900000134,
  "buildPrepareTime": 317.49215866664116,
  "buildColdBootTime": 16980.079927666655,
  "minifiedBundleSize": {
    "total": 168879,
    "files": {
      "/html/main/index.html": 2317,
      "/static/css/main.css": 2636,
      "/static/js/348.js": 145400,
      "/static/js/main.js": 17216,
      "/static/js/runtime-main.js": 1310
    }
  },
  "gzippedBundleSize": {
    "total": 54748,
    "files": {
      "/html/main/index.html": 1213,
      "/static/css/main.css": 905,
      "/static/js/348.js": 46704,
      "/static/js/main.js": 5201,
      "/static/js/runtime-main.js": 725
    }
  },
  "buildHotBootTime": 1242.7223859999795,
  "yarnColdInstallTime": 93967.58018299984,
  "yarnHotInstallTime": 1266.6391099998727,
  "yarnDependenciesCount": 1483,
  "yarnInstallSize": 213722185
}
