{
  "devPluginSetupTime": 1344.6213026666858,
  "devPrepareTime": 320.07080033332267,
  "devColdBootTime": 3890.370376666697,
  "devHotBootTime": 2819.6896433333554,
  "buildPluginSetupTime": 1336.7309256666729,
  "buildPrepareTime": 294.49989533331245,
  "buildColdBootTime": 15792.021688333363,
  "minifiedBundleSize": {
    "total": 168879,
    "files": {
      "/html/main/index.html": 2317,
      "/static/css/main.css": 2636,
      "/static/js/348.js": 145400,
      "/static/js/main.js": 17216,
      "/static/js/runtime-main.js": 1310
    }
  },
  "gzippedBundleSize": {
    "total": 54748,
    "files": {
      "/html/main/index.html": 1213,
      "/static/css/main.css": 905,
      "/static/js/348.js": 46704,
      "/static/js/main.js": 5201,
      "/static/js/runtime-main.js": 725
    }
  },
  "buildHotBootTime": 1192.2420846666985,
  "yarnColdInstallTime": 92480.16102,
  "yarnHotInstallTime": 1231.396744000027,
  "yarnDependenciesCount": 1483,
  "yarnInstallSize": 213722185
}
