{
  "devPluginSetupTime": 1517.1545353333156,
  "devPrepareTime": 310.5282919999833,
  "devColdBootTime": 8693.830295666587,
  "devHotBootTime": 5139.0391753333,
  "buildPluginSetupTime": 1435.4795819999806,
  "buildPrepareTime": 308.39846033323556,
  "buildColdBootTime": 47111.22660133336,
  "minifiedBundleSize": {
    "total": 816017,
    "files": {
      "js": 408451,
      "/html/main/index.html": 2666,
      "/static/css/main.css": 2636,
      "/static/js/654.js": 374779,
      "/static/js/main.js": 25826,
      "/static/js/runtime-main.js": 1659
    }
  },
  "gzippedBundleSize": {
    "total": 244387,
    "files": {
      "js": 116556,
      "/html/main/index.html": 1349,
      "/static/css/main.css": 905,
      "/static/js/654.js": 116423,
      "/static/js/main.js": 8293,
      "/static/js/runtime-main.js": 861
    }
  },
  "buildHotBootTime": 9642.618529000087,
  "yarnColdInstallTime": 108256.49429400009,
  "yarnHotInstallTime": 1944.204293999821,
  "yarnDependenciesCount": 1487,
  "yarnInstallSize": 227386671
}
