{
  "devPluginSetupTime": 1497.0871539999887,
  "devPrepareTime": 320.7098903333147,
  "devColdBootTime": 7011.628211666674,
  "devHotBootTime": 4264.952631999971,
  "buildPluginSetupTime": 1784.847715999931,
  "buildPrepareTime": 312.6812853333152,
  "buildColdBootTime": 29839.91396466666,
  "minifiedBundleSize": {
    "total": 399386,
    "files": {
      "/html/main/index.html": 2658,
      "/static/css/main.css": 2636,
      "/static/js/4.js": 368732,
      "/static/js/main.js": 23707,
      "/static/js/runtime-main.js": 1653
    }
  },
  "gzippedBundleSize": {
    "total": 125187,
    "files": {
      "/html/main/index.html": 1337,
      "/static/css/main.css": 905,
      "/static/js/4.js": 114399,
      "/static/js/main.js": 7694,
      "/static/js/runtime-main.js": 852
    }
  },
  "buildHotBootTime": 11502.518060666664,
  "yarnColdInstallTime": 81620.81105599983,
  "yarnHotInstallTime": 1160.2075209999457,
  "yarnDependenciesCount": 1487,
  "yarnInstallSize": 227386671
}
