{
  "devPluginSetupTime": 1355.588335666728,
  "devPrepareTime": 300.88401766664657,
  "devColdBootTime": 6268.286664666608,
  "devHotBootTime": 3895.982767999987,
  "buildPluginSetupTime": 1848.6323870000197,
  "buildPrepareTime": 635.4757483333427,
  "buildColdBootTime": 29133.226905999978,
  "minifiedBundleSize": {
    "total": 399386,
    "files": {
      "/html/main/index.html": 2658,
      "/static/css/main.css": 2636,
      "/static/js/4.js": 368732,
      "/static/js/main.js": 23707,
      "/static/js/runtime-main.js": 1653
    }
  },
  "gzippedBundleSize": {
    "total": 125187,
    "files": {
      "/html/main/index.html": 1337,
      "/static/css/main.css": 905,
      "/static/js/4.js": 114399,
      "/static/js/main.js": 7694,
      "/static/js/runtime-main.js": 852
    }
  },
  "buildHotBootTime": 9120.64740233329,
  "yarnColdInstallTime": 95975.58875799994,
  "yarnHotInstallTime": 1636.4019750000443,
  "yarnDependenciesCount": 1487,
  "yarnInstallSize": 227380453
}
