{
  "devPluginSetupTime": 1406.8391489999678,
  "devPrepareTime": 359.1135090000462,
  "devColdBootTime": 5591.820232333383,
  "devHotBootTime": 3749.106122000065,
  "buildPluginSetupTime": 1435.9227353332874,
  "buildPrepareTime": 360.13762166669284,
  "buildColdBootTime": 22750.480993666686,
  "minifiedBundleSize": {
    "total": 390781,
    "files": {
      "/html/main/index.html": 2484,
      "/static/css/main.css": 2636,
      "/static/js/641.js": 350273,
      "/static/js/main.js": 33911,
      "/static/js/runtime-main.js": 1477
    }
  },
  "gzippedBundleSize": {
    "total": 120883,
    "files": {
      "/html/main/index.html": 1278,
      "/static/css/main.css": 905,
      "/static/js/641.js": 110888,
      "/static/js/main.js": 7020,
      "/static/js/runtime-main.js": 792
    }
  },
  "buildHotBootTime": 1909.7262193332426
}
