{
  "devPluginSetupTime": 1430.3435226667013,
  "devPrepareTime": 375.5441863333496,
  "devColdBootTime": 8897.571649999998,
  "devHotBootTime": 5412.790920333316,
  "buildPluginSetupTime": 1619.3850396666287,
  "buildPrepareTime": 505.7841353333012,
  "buildColdBootTime": 48474.48631299997,
  "minifiedBundleSize": {
    "total": 874806,
    "files": {
      "js": 402530,
      "/html/main/index.html": 2666,
      "/static/css/main.css": 2636,
      "/static/js/140.js": 421182,
      "/static/js/main.js": 44133,
      "/static/js/runtime-main.js": 1659
    }
  },
  "gzippedBundleSize": {
    "total": 257911,
    "files": {
      "js": 115271,
      "/html/main/index.html": 1348,
      "/static/css/main.css": 905,
      "/static/js/140.js": 130370,
      "/static/js/main.js": 9156,
      "/static/js/runtime-main.js": 861
    }
  },
  "buildHotBootTime": 15730.267419000002
}
