{
  "devPluginSetupTime": 1404.5425513333175,
  "devPrepareTime": 369.6765589999656,
  "devColdBootTime": 5502.8700916667,
  "devHotBootTime": 3695.4272376666777,
  "buildPluginSetupTime": 1290.9765106666212,
  "buildPrepareTime": 337.2714339999172,
  "buildColdBootTime": 19947.19996800002,
  "minifiedBundleSize": {
    "total": 390781,
    "files": {
      "/html/main/index.html": 2484,
      "/static/css/main.css": 2636,
      "/static/js/641.js": 350273,
      "/static/js/main.js": 33911,
      "/static/js/runtime-main.js": 1477
    }
  },
  "gzippedBundleSize": {
    "total": 120883,
    "files": {
      "/html/main/index.html": 1278,
      "/static/css/main.css": 905,
      "/static/js/641.js": 110888,
      "/static/js/main.js": 7020,
      "/static/js/runtime-main.js": 792
    }
  },
  "buildHotBootTime": 1672.5741276666522,
  "yarnColdInstallTime": 71373.94648600044,
  "yarnHotInstallTime": 1392.841689999681,
  "yarnDependenciesCount": 1565,
  "yarnInstallSize": 219607633
}
