{
  "devPluginSetupTime": 1411.1398973333028,
  "devPrepareTime": 371.99823333334643,
  "devColdBootTime": 6694.37276566665,
  "devHotBootTime": 4282.807414333336,
  "buildPluginSetupTime": 1401.0463816666354,
  "buildPrepareTime": 349.0238183333228,
  "buildColdBootTime": 24461.000137666666,
  "minifiedBundleSize": {
    "total": 461883,
    "files": {
      "/html/main/index.html": 2660,
      "/static/css/main.css": 2636,
      "/static/js/282.js": 414818,
      "/static/js/main.js": 40116,
      "/static/js/runtime-main.js": 1653
    }
  },
  "gzippedBundleSize": {
    "total": 139832,
    "files": {
      "/html/main/index.html": 1337,
      "/static/css/main.css": 905,
      "/static/js/282.js": 128266,
      "/static/js/main.js": 8472,
      "/static/js/runtime-main.js": 852
    }
  },
  "buildHotBootTime": 7498.959601999998,
  "yarnColdInstallTime": 78940.33474199986,
  "yarnHotInstallTime": 2168.860375000164,
  "yarnDependenciesCount": 1569,
  "yarnInstallSize": 233259570
}
