{
  "devPluginSetupTime": 1055.1736526667762,
  "devPrepareTime": 338.76547733321786,
  "devColdBootTime": 10600.773378333077,
  "devHotBootTime": 9498.654998999866,
  "buildPluginSetupTime": 1051.1067949999124,
  "buildPrepareTime": 340.20681166679907,
  "buildColdBootTime": 36137.37220733365,
  "minifiedBundleSize": {
    "total": 1227986,
    "files": {
      "js": 725551,
      "/html/main/index.html": 2666,
      "/static/css/main.css": 2636,
      "/static/js/772.js": 454009,
      "/static/js/main.js": 41465,
      "/static/js/runtime-main.js": 1659
    }
  },
  "gzippedBundleSize": {
    "total": 321802,
    "files": {
      "js": 171634,
      "/html/main/index.html": 1349,
      "/static/css/main.css": 905,
      "/static/js/772.js": 138759,
      "/static/js/main.js": 8294,
      "/static/js/runtime-main.js": 861
    }
  },
  "buildHotBootTime": 34237.18250299959,
  "yarnColdInstallTime": 97291.256786,
  "yarnHotInstallTime": 1069.1359999999986,
  "yarnDependenciesCount": 1699,
  "yarnInstallSize": 235356608
}
