{
  "devPluginSetupTime": 1394.9577919999913,
  "devPrepareTime": 354.7789080000172,
  "devColdBootTime": 29207.213072666666,
  "devHotBootTime": 6234.750531333305,
  "buildPluginSetupTime": 1482.2327090000424,
  "buildPrepareTime": 347.4953840000089,
  "buildColdBootTime": 42717.556650000006,
  "minifiedBundleSize": {
    "total": 869435,
    "files": {
      "js": 408676,
      "/html/main/index.html": 2666,
      "/static/css/main.css": 2636,
      "/static/js/247.js": 430203,
      "/static/js/main.js": 23595,
      "/static/js/runtime-main.js": 1659
    }
  },
  "gzippedBundleSize": {
    "total": 259736,
    "files": {
      "js": 116461,
      "/html/main/index.html": 1349,
      "/static/css/main.css": 905,
      "/static/js/247.js": 132997,
      "/static/js/main.js": 7163,
      "/static/js/runtime-main.js": 861
    }
  },
  "buildHotBootTime": 8571.573750666654
}
