{
  "devPluginSetupTime": 1490.0240086666308,
  "devPrepareTime": 367.7635593333592,
  "devColdBootTime": 6945.93635600002,
  "devHotBootTime": 4232.046490333315,
  "buildPluginSetupTime": 1391.303035333287,
  "buildPrepareTime": 349.8179216666613,
  "buildColdBootTime": 25744.606334666645,
  "minifiedBundleSize": {
    "total": 452587,
    "files": {
      "/html/main/index.html": 2659,
      "/static/css/main.css": 2636,
      "/static/js/47.js": 424159,
      "/static/js/main.js": 21480,
      "/static/js/runtime-main.js": 1653
    }
  },
  "gzippedBundleSize": {
    "total": 140681,
    "files": {
      "/html/main/index.html": 1337,
      "/static/css/main.css": 905,
      "/static/js/47.js": 131026,
      "/static/js/main.js": 6561,
      "/static/js/runtime-main.js": 852
    }
  },
  "buildHotBootTime": 8015.657816333347
}
