{
  "devPluginSetupTime": 1391.8496280000545,
  "devPrepareTime": 290.2156856668492,
  "devColdBootTime": 6231.182584666647,
  "devHotBootTime": 3975.5561290001497,
  "buildPluginSetupTime": 1472.9723506667651,
  "buildPrepareTime": 304.7992329997942,
  "buildColdBootTime": 27053.417981333256,
  "minifiedBundleSize": {
    "total": 492568,
    "files": {
      "/html/main/index.html": 2660,
      "/static/css/main.css": 2636,
      "/static/js/947.js": 447925,
      "/static/js/main.js": 37694,
      "/static/js/runtime-main.js": 1653
    }
  },
  "gzippedBundleSize": {
    "total": 147470,
    "files": {
      "/html/main/index.html": 1340,
      "/static/css/main.css": 905,
      "/static/js/947.js": 136646,
      "/static/js/main.js": 7727,
      "/static/js/runtime-main.js": 852
    }
  },
  "buildHotBootTime": 8111.597180666868
}
