{
  "devPluginSetupTime": 5708.787653999946,
  "devPrepareTime": 393.0210133333846,
  "devColdBootTime": 33184.55518233334,
  "devHotBootTime": 24932.9713766668,
  "buildPluginSetupTime": 1018.2023049999649,
  "buildPrepareTime": 361.9177039999825,
  "buildColdBootTime": 46004.2641819998,
  "minifiedBundleSize": {
    "total": 6357874,
    "files": {
      "/html/main/index.html": 10302,
      "/static/css/1060.css": 1335,
      "/static/css/1072.css": 1369,
      "/static/css/1101.css": 549,
      "/static/css/1174.css": 3198,
      "/static/css/1204.css": 602,
      "/static/css/136.css": 3887,
      "/static/css/1440.css": 372,
      "/static/css/163.css": 426,
      "/static/css/1779.css": 3198,
      "/static/css/1799.css": 1310,
      "/static/css/1862.css": 502,
      "/static/css/1931.css": 1039,
      "/static/css/26.css": 400,
      "/static/css/2619.css": 2446,
      "/static/css/2643.css": 356,
      "/static/css/2932.css": 3186,
      "/static/css/3111.css": 622,
      "/static/css/3132.css": 1459,
      "/static/css/3155.css": 467,
      "/static/css/3361.css": 3137,
      "/static/css/3494.css": 402,
      "/static/css/3615.css": 4873,
      "/static/css/3633.css": 3198,
      "/static/css/3684.css": 2035,
      "/static/css/3713.css": 1441,
      "/static/css/3732.css": 1459,
      "/static/css/3771.css": 402,
      "/static/css/3879.css": 1873,
      "/static/css/3921.css": 307,
      "/static/css/3956.css": 1453,
      "/static/css/4148.css": 117,
      "/static/css/4214.css": 483,
      "/static/css/4339.css": 1369,
      "/static/css/4405.css": 1310,
      "/static/css/4474.css": 1873,
      "/static/css/4700.css": 467,
      "/static/css/5045.css": 1441,
      "/static/css/5092.css": 372,
      "/static/css/5178.css": 3186,
      "/static/css/5266.css": 1873,
      "/static/css/5351.css": 3137,
      "/static/css/5451.css": 1369,
      "/static/css/5496.css": 1661,
      "/static/css/5513.css": 402,
      "/static/css/5556.css": 1369,
      "/static/css/5665.css": 178,
      "/static/css/5707.css": 1039,
      "/static/css/5801.css": 1335,
      "/static/css/5972.css": 3186,
      "/static/css/6095.css": 170,
      "/static/css/6132.css": 551183,
      "/static/css/6423.css": 1310,
      "/static/css/6435.css": 602,
      "/static/css/6666.css": 2227,
      "/static/css/6791.css": 356,
      "/static/css/6932.css": 178,
      "/static/css/7258.css": 1335,
      "/static/css/7581.css": 622,
      "/static/css/7799.css": 1459,
      "/static/css/8018.css": 372,
      "/static/css/8217.css": 751,
      "/static/css/8330.css": 1873,
      "/static/css/838.css": 169,
      "/static/css/8386.css": 402,
      "/static/css/8578.css": 3198,
      "/static/css/8658.css": 502,
      "/static/css/8738.css": 549,
      "/static/css/8750.css": 307,
      "/static/css/9487.css": 402,
      "/static/css/954.css": 1524,
      "/static/css/9566.css": 579,
      "/static/css/9667.css": 579,
      "/static/css/main.css": 10557,
      "/static/js/1060.js": 7702,
      "/static/js/1072.js": 20908,
      "/static/js/1101.js": 15787,
      "/static/js/1174.js": 10829,
      "/static/js/1190.js": 1162,
      "/static/js/1204.js": 407,
      "/static/js/136.js": 28804,
      "/static/js/1440.js": 6658,
      "/static/js/1475.js": 1546,
      "/static/js/1530.js": 670,
      "/static/js/1538.js": 2453,
      "/static/js/1569.js": 9011,
      "/static/js/163.js": 10754,
      "/static/js/1779.js": 5485,
      "/static/js/1799.js": 4914,
      "/static/js/1862.js": 388,
      "/static/js/1931.js": 526,
      "/static/js/2155.js": 3343,
      "/static/js/2173.js": 3097,
      "/static/js/2179.js": 16591,
      "/static/js/2408.js": 1722983,
      "/static/js/2414.js": 14546,
      "/static/js/2444.js": 50022,
      "/static/js/2486.js": 45983,
      "/static/js/2538.js": 3512,
      "/static/js/26.js": 1297,
      "/static/js/2619.js": 26178,
      "/static/js/2643.js": 569,
      "/static/js/2932.js": 9699,
      "/static/js/3004.js": 1439,
      "/static/js/305.js": 2867,
      "/static/js/3066.js": 4315,
      "/static/js/3067.js": 13420,
      "/static/js/3111.js": 11420,
      "/static/js/3132.js": 18405,
      "/static/js/3155.js": 10715,
      "/static/js/3333.js": 3340,
      "/static/js/3361.js": 20890,
      "/static/js/3494.js": 1142,
      "/static/js/3504.js": 1012,
      "/static/js/3506.js": 15410,
      "/static/js/3615.js": 20343,
      "/static/js/3633.js": 1405,
      "/static/js/3684.js": 28563,
      "/static/js/3713.js": 402,
      "/static/js/3732.js": 1222,
      "/static/js/3771.js": 1243,
      "/static/js/3830.js": 2574,
      "/static/js/3874.js": 4386,
      "/static/js/3879.js": 8040,
      "/static/js/3921.js": 8603,
      "/static/js/3956.js": 17136,
      "/static/js/4148.js": 238,
      "/static/js/4213.js": 16782,
      "/static/js/4214.js": 379,
      "/static/js/4339.js": 9273,
      "/static/js/4405.js": 1004,
      "/static/js/4474.js": 11458,
      "/static/js/4590.js": 931,
      "/static/js/460.js": 23104,
      "/static/js/4700.js": 281,
      "/static/js/4855.js": 2252,
      "/static/js/4890.js": 47669,
      "/static/js/495.js": 1903,
      "/static/js/5045.js": 13285,
      "/static/js/5081.js": 2364,
      "/static/js/5092.js": 9568,
      "/static/js/5147.js": 17169,
      "/static/js/5178.js": 15194,
      "/static/js/5252.js": 3321,
      "/static/js/5266.js": 2028,
      "/static/js/5496.js": 27926,
      "/static/js/5513.js": 277,
      "/static/js/553.js": 673,
      "/static/js/5539.js": 14004,
      "/static/js/5556.js": 808,
      "/static/js/5665.js": 9791,
      "/static/js/5694.js": 16759,
      "/static/js/5707.js": 17460,
      "/static/js/5757.js": 5760,
      "/static/js/5801.js": 771,
      "/static/js/5841.js": 602,
      "/static/js/5877.js": 957,
      "/static/js/5967.js": 501,
      "/static/js/5972.js": 1033,
      "/static/js/5980.js": 313,
      "/static/js/6095.js": 24116,
      "/static/js/6132.js": 1463137,
      "/static/js/6189.js": 8430,
      "/static/js/6423.js": 5240,
      "/static/js/6435.js": 20813,
      "/static/js/6492.js": 676985,
      "/static/js/6573.js": 70053,
      "/static/js/6725.js": 189,
      "/static/js/6791.js": 1782,
      "/static/js/6932.js": 249,
      "/static/js/7069.js": 9443,
      "/static/js/7155.js": 238,
      "/static/js/7258.js": 5027,
      "/static/js/7336.js": 4543,
      "/static/js/736.js": 4985,
      "/static/js/7477.js": 1502,
      "/static/js/7573.js": 17232,
      "/static/js/7581.js": 686,
      "/static/js/7586.js": 8125,
      "/static/js/7799.js": 10567,
      "/static/js/8018.js": 386,
      "/static/js/8031.js": 15792,
      "/static/js/818.js": 662034,
      "/static/js/8217.js": 453,
      "/static/js/8264.js": 313,
      "/static/js/8330.js": 12926,
      "/static/js/838.js": 277,
      "/static/js/8386.js": 277,
      "/static/js/8440.js": 4509,
      "/static/js/8578.js": 18165,
      "/static/js/8658.js": 2875,
      "/static/js/8738.js": 283,
      "/static/js/8750.js": 265,
      "/static/js/8825.js": 646,
      "/static/js/9245.js": 19512,
      "/static/js/9422.js": 4149,
      "/static/js/9487.js": 277,
      "/static/js/954.js": 722,
      "/static/js/9566.js": 380,
      "/static/js/9667.js": 5686,
      "/static/js/9849.js": 17167,
      "/static/js/9924.js": 4820,
      "/static/js/main.js": 78452,
      "/static/js/runtime-main.js": 9234
    }
  },
  "gzippedBundleSize": {
    "total": 1742220,
    "files": {
      "/html/main/index.html": 4671,
      "/static/css/1060.css": 576,
      "/static/css/1072.css": 453,
      "/static/css/1101.css": 318,
      "/static/css/1174.css": 905,
      "/static/css/1204.css": 315,
      "/static/css/136.css": 961,
      "/static/css/1440.css": 207,
      "/static/css/163.css": 258,
      "/static/css/1779.css": 906,
      "/static/css/1799.css": 449,
      "/static/css/1862.css": 282,
      "/static/css/1931.css": 408,
      "/static/css/26.css": 238,