{
  "devPluginSetupTime": 1456.4643249999888,
  "devPrepareTime": 321.9959019999951,
  "devColdBootTime": 7607.9021766666165,
  "devHotBootTime": 4899.184242999957,
  "buildPluginSetupTime": 1418.2187209999345,
  "buildPrepareTime": 303.8252806667394,
  "buildColdBootTime": 25927.280461999977,
  "minifiedBundleSize": {
    "total": 399916,
    "files": {
      "js": 530,
      "/html/main/index.html": 2658,
      "/static/css/main.css": 2636,
      "/static/js/4.js": 368732,
      "/static/js/main.js": 23707,
      "/static/js/runtime-main.js": 1653
    }
  },
  "gzippedBundleSize": {
    "total": 125446,
    "files": {
      "js": 246,
      "/html/main/index.html": 1340,
      "/static/css/main.css": 905,
      "/static/js/4.js": 114404,
      "/static/js/main.js": 7698,
      "/static/js/runtime-main.js": 853
    }
  },
  "buildHotBootTime": 9674.730253000045,
  "yarnColdInstallTime": 97502.84233199991,
  "yarnHotInstallTime": 1077.6330250001047,
  "yarnDependenciesCount": 1548,
  "yarnInstallSize": 239936793
}
