{
  "devPluginSetupTime": 1534.231991333305,
  "devPrepareTime": 345.655713333302,
  "devColdBootTime": 8209.519088999989,
  "devHotBootTime": 5360.264208999986,
  "buildPluginSetupTime": 1602.5997800000478,
  "buildPrepareTime": 396.7508616666698,
  "buildColdBootTime": 30435.03904033332,
  "minifiedBundleSize": {
    "total": 399948,
    "files": {
      "js": 530,
      "/html/main/index.html": 2666,
      "/static/css/main.css": 2636,
      "/static/js/4.js": 368740,
      "/static/js/main.js": 23715,
      "/static/js/runtime-main.js": 1661
    }
  },
  "gzippedBundleSize": {
    "total": 125456,
    "files": {
      "js": 246,
      "/html/main/index.html": 1340,
      "/static/css/main.css": 905,
      "/static/js/4.js": 114408,
      "/static/js/main.js": 7701,
      "/static/js/runtime-main.js": 856
    }
  },
  "buildHotBootTime": 11494.159486666633,
  "yarnColdInstallTime": 124315.26854599989,
  "yarnHotInstallTime": 2416.252495000139,
  "yarnDependenciesCount": 1531,
  "yarnInstallSize": 233792758
}
