{
  "devPluginSetupTime": 1292.1900216668535,
  "devPrepareTime": 343.16419866665575,
  "devColdBootTime": 6079.44509133324,
  "devHotBootTime": 3974.625510999778,
  "buildPluginSetupTime": 1333.5214986666106,
  "buildPrepareTime": 348.7008463333671,
  "buildColdBootTime": 24298.826580333058,
  "minifiedBundleSize": {
    "total": 452798,
    "files": {
      "/html/main/index.html": 2659,
      "/static/css/main.css": 2636,
      "/static/js/47.js": 424159,
      "/static/js/main.js": 21691,
      "/static/js/runtime-main.js": 1653
    }
  },
  "gzippedBundleSize": {
    "total": 140756,
    "files": {
      "/html/main/index.html": 1336,
      "/static/css/main.css": 905,
      "/static/js/47.js": 131027,
      "/static/js/main.js": 6636,
      "/static/js/runtime-main.js": 852
    }
  },
  "buildHotBootTime": 7706.814463333227,
  "yarnColdInstallTime": 84494.91832100041,
  "yarnHotInstallTime": 2291.010145999957,
  "yarnDependenciesCount": 1500,
  "yarnInstallSize": 227352881
}
