{
  "devPluginSetupTime": 1566.4938423333224,
  "devPrepareTime": 387.65169833332766,
  "devColdBootTime": 4943.363756999975,
  "devHotBootTime": 3564.1111506666252,
  "buildPluginSetupTime": 1472.2826893333113,
  "buildPrepareTime": 366.1345990000215,
  "buildColdBootTime": 17906.726814000012,
  "minifiedBundleSize": {
    "total": 170386,
    "files": {
      "/html/main/index.html": 2317,
      "/static/css/main.css": 2636,
      "/static/js/324.js": 146365,
      "/static/js/main.js": 17758,
      "/static/js/runtime-main.js": 1310
    }
  },
  "gzippedBundleSize": {
    "total": 55090,
    "files": {
      "/html/main/index.html": 1214,
      "/static/css/main.css": 905,
      "/static/js/324.js": 46923,
      "/static/js/main.js": 5323,
      "/static/js/runtime-main.js": 725
    }
  },
  "buildHotBootTime": 1360.5775513333112,
  "yarnColdInstallTime": 257408.49312899995,
  "yarnHotInstallTime": 1469.7035159999505,
  "yarnDependenciesCount": 1496,
  "yarnInstallSize": 213692755
}
