{
  "devPluginSetupTime": 1472.262192999944,
  "devPrepareTime": 372.62222333337803,
  "devColdBootTime": 8836.718679999933,
  "devHotBootTime": 5376.0225436666515,
  "buildPluginSetupTime": 1440.4777980001334,
  "buildPrepareTime": 357.76784733333625,
  "buildColdBootTime": 44960.009502000095,
  "minifiedBundleSize": {
    "total": 869815,
    "files": {
      "js": 408845,
      "/html/main/index.html": 2666,
      "/static/css/main.css": 2636,
      "/static/js/247.js": 430203,
      "/static/js/main.js": 23806,
      "/static/js/runtime-main.js": 1659
    }
  },
  "gzippedBundleSize": {
    "total": 259860,
    "files": {
      "js": 116515,
      "/html/main/index.html": 1346,
      "/static/css/main.css": 905,
      "/static/js/247.js": 132997,
      "/static/js/main.js": 7236,
      "/static/js/runtime-main.js": 861
    }
  },
  "buildHotBootTime": 9401.965607000127,
  "yarnColdInstallTime": 78892.68963400018,
  "yarnHotInstallTime": 1252.8285079998896,
  "yarnDependenciesCount": 1500,
  "yarnInstallSize": 227438602
}
