{
  "devPluginSetupTime": 1338.788608000148,
  "devPrepareTime": 349.8294659998889,
  "devColdBootTime": 6309.571333666798,
  "devHotBootTime": 4114.557080999948,
  "buildPluginSetupTime": 1329.2908223336563,
  "buildPrepareTime": 344.6187690005948,
  "buildColdBootTime": 24419.52309866653,
  "minifiedBundleSize": {
    "total": 452798,
    "files": {
      "/html/main/index.html": 2659,
      "/static/css/main.css": 2636,
      "/static/js/47.js": 424159,
      "/static/js/main.js": 21691,
      "/static/js/runtime-main.js": 1653
    }
  },
  "gzippedBundleSize": {
    "total": 140756,
    "files": {
      "/html/main/index.html": 1336,
      "/static/css/main.css": 905,
      "/static/js/47.js": 131027,
      "/static/js/main.js": 6636,
      "/static/js/runtime-main.js": 852
    }
  },
  "buildHotBootTime": 7671.579717666842,
  "yarnColdInstallTime": 102493.81826500036,
  "yarnHotInstallTime": 2197.5309450002387,
  "yarnDependenciesCount": 1500,
  "yarnInstallSize": 227438602
}
