{
  "devPluginSetupTime": 2009.9762153332122,
  "devPrepareTime": 511.3045199997723,
  "devColdBootTime": 16199.01273600012,
  "devHotBootTime": 8787.752891666567,
  "buildPluginSetupTime": 1903.3816986667614,
  "buildPrepareTime": 506.10243966663256,
  "buildColdBootTime": 62812.313575999964,
  "minifiedBundleSize": {
    "total": 869815,
    "files": {
      "js": 408845,
      "/html/main/index.html": 2666,
      "/static/css/main.css": 2636,
      "/static/js/247.js": 430203,
      "/static/js/main.js": 23806,
      "/static/js/runtime-main.js": 1659
    }
  },
  "gzippedBundleSize": {
    "total": 259860,
    "files": {
      "js": 116515,
      "/html/main/index.html": 1346,
      "/static/css/main.css": 905,
      "/static/js/247.js": 132997,
      "/static/js/main.js": 7236,
      "/static/js/runtime-main.js": 861
    }
  },
  "buildHotBootTime": 13871.507459999993,
  "yarnColdInstallTime": 127375.86223000009,
  "yarnHotInstallTime": 2999.3493209998123,
  "yarnDependenciesCount": 1500,
  "yarnInstallSize": 227353281
}
