{
  "devPluginSetupTime": 1401.9761136667803,
  "devPrepareTime": 372.03290633337264,
  "devColdBootTime": 8544.146550000101,
  "devHotBootTime": 5121.450770999926,
  "buildPluginSetupTime": 1392.8989996664848,
  "buildPrepareTime": 347.12030699988827,
  "buildColdBootTime": 41565.07838966651,
  "minifiedBundleSize": {
    "total": 869815,
    "files": {
      "js": 408845,
      "/html/main/index.html": 2666,
      "/static/css/main.css": 2636,
      "/static/js/247.js": 430203,
      "/static/js/main.js": 23806,
      "/static/js/runtime-main.js": 1659
    }
  },
  "gzippedBundleSize": {
    "total": 259860,
    "files": {
      "js": 116515,
      "/html/main/index.html": 1346,
      "/static/css/main.css": 905,
      "/static/js/247.js": 132997,
      "/static/js/main.js": 7236,
      "/static/js/runtime-main.js": 861
    }
  },
  "buildHotBootTime": 8582.461337333545,
  "yarnColdInstallTime": 90708.33976499969,
  "yarnHotInstallTime": 1030.482753999997,
  "yarnDependenciesCount": 1500,
  "yarnInstallSize": 227352881
}
