{
  "devPluginSetupTime": 1932.8071143333411,
  "devPrepareTime": 536.4142043333462,
  "devColdBootTime": 15844.846233666642,
  "devHotBootTime": 6129.388928,
  "buildPluginSetupTime": 1543.3002706667176,
  "buildPrepareTime": 409.09924599997856,
  "buildColdBootTime": 56381.09146633333,
  "minifiedBundleSize": {
    "total": 869815,
    "files": {
      "js": 408845,
      "/html/main/index.html": 2666,
      "/static/css/main.css": 2636,
      "/static/js/247.js": 430203,
      "/static/js/main.js": 23806,
      "/static/js/runtime-main.js": 1659
    }
  },
  "gzippedBundleSize": {
    "total": 259860,
    "files": {
      "js": 116515,
      "/html/main/index.html": 1346,
      "/static/css/main.css": 905,
      "/static/js/247.js": 132997,
      "/static/js/main.js": 7236,
      "/static/js/runtime-main.js": 861
    }
  },
  "buildHotBootTime": 11140.100377333389,
  "yarnColdInstallTime": 96924.1259519998,
  "yarnHotInstallTime": 2182.8747280000243,
  "yarnDependenciesCount": 1500,
  "yarnInstallSize": 227342141
}
