{
  "devPluginSetupTime": 1414.2183263332117,
  "devPrepareTime": 403.09243666683324,
  "devColdBootTime": 28510.55694033353,
  "devHotBootTime": 6378.8838440000545,
  "buildPluginSetupTime": 1422.956832666726,
  "buildPrepareTime": 397.1677159999187,
  "buildColdBootTime": 89741.79768533322,
  "minifiedBundleSize": {
    "total": 6096273,
    "files": {
      "/html/main/index.html": 9665,
      "/static/css/106.css": 1871,
      "/static/css/1111.css": 371,
      "/static/css/1128.css": 1047,
      "/static/css/1236.css": 1412,
      "/static/css/1340.css": 466,
      "/static/css/1390.css": 1872,
      "/static/css/1479.css": 1309,
      "/static/css/1554.css": 1458,
      "/static/css/172.css": 1457,
      "/static/css/1797.css": 355,
      "/static/css/1830.css": 3083,
      "/static/css/1863.css": 3202,
      "/static/css/1956.css": 1872,
      "/static/css/1968.css": 169,
      "/static/css/1989.css": 169,
      "/static/css/2120.css": 3202,
      "/static/css/217.css": 500,
      "/static/css/2367.css": 2034,
      "/static/css/2395.css": 3136,
      "/static/css/2497.css": 401,
      "/static/css/2527.css": 3202,
      "/static/css/2962.css": 482,
      "/static/css/3062.css": 621,
      "/static/css/3215.css": 601,
      "/static/css/3218.css": 1465,
      "/static/css/3309.css": 536831,
      "/static/css/3384.css": 401,
      "/static/css/3494.css": 177,
      "/static/css/3670.css": 401,
      "/static/css/3781.css": 621,
      "/static/css/4017.css": 1872,
      "/static/css/4189.css": 1412,
      "/static/css/4453.css": 578,
      "/static/css/4594.css": 3083,
      "/static/css/4597.css": 371,
      "/static/css/4775.css": 3801,
      "/static/css/5032.css": 1264,
      "/static/css/5100.css": 750,
      "/static/css/5489.css": 2183,
      "/static/css/5629.css": 601,
      "/static/css/5710.css": 1047,
      "/static/css/6096.css": 1458,
      "/static/css/6201.css": 3083,
      "/static/css/6272.css": 401,
      "/static/css/635.css": 2469,
      "/static/css/6507.css": 306,
      "/static/css/6534.css": 306,
      "/static/css/6569.css": 553,
      "/static/css/6602.css": 401,
      "/static/css/6980.css": 4801,
      "/static/css/7120.css": 1309,
      "/static/css/7258.css": 1660,
      "/static/css/730.css": 354,
      "/static/css/7480.css": 466,
      "/static/css/7936.css": 1334,
      "/static/css/8135.css": 3136,
      "/static/css/8138.css": 1264,
      "/static/css/8178.css": 371,
      "/static/css/8264.css": 401,
      "/static/css/8280.css": 1334,
      "/static/css/8670.css": 1264,
      "/static/css/8710.css": 578,
      "/static/css/9005.css": 3202,
      "/static/css/9041.css": 501,
      "/static/css/9074.css": 426,
      "/static/css/9330.css": 553,
      "/static/css/9430.css": 1468,
      "/static/css/950.css": 176,
      "/static/css/9528.css": 1264,
      "/static/css/9615.css": 1309,
      "/static/css/9705.css": 116,
      "/static/css/9904.css": 1334,
      "/static/css/main.css": 10442,
      "/static/js/106.js": 8012,
      "/static/js/1111.js": 6604,
      "/static/js/1128.js": 6514,
      "/static/js/1236.js": 13275,
      "/static/js/1309.js": 1880,
      "/static/js/1340.js": 9657,
      "/static/js/1356.js": 12673,
      "/static/js/1390.js": 2011,
      "/static/js/1413.js": 4484,
      "/static/js/1479.js": 5108,
      "/static/js/1554.js": 1205,
      "/static/js/16.js": 466,
      "/static/js/1613.js": 1477,
      "/static/js/1636.js": 30365,
      "/static/js/167.js": 14532,
      "/static/js/17.js": 1517,
      "/static/js/171.js": 4021,
      "/static/js/172.js": 10438,
      "/static/js/1797.js": 552,
      "/static/js/1830.js": 9017,
      "/static/js/1863.js": 1389,
      "/static/js/1891.js": 16740,
      "/static/js/1923.js": 474,
      "/static/js/1931.js": 645,
      "/static/js/1956.js": 12906,
      "/static/js/1968.js": 22561,
      "/static/js/1989.js": 262,
      "/static/js/2120.js": 8393,
      "/static/js/217.js": 2839,
      "/static/js/2327.js": 16184,
      "/static/js/2367.js": 24027,
      "/static/js/2444.js": 49269,
      "/static/js/2486.js": 45317,
      "/static/js/2497.js": 1271,
      "/static/js/2522.js": 4532,
      "/static/js/2527.js": 14642,
      "/static/js/2534.js": 3336,
      "/static/js/2588.js": 911,
      "/static/js/2650.js": 3072,
      "/static/js/2962.js": 363,
      "/static/js/3062.js": 669,
      "/static/js/3215.js": 27099,
      "/static/js/3218.js": 707,
      "/static/js/3278.js": 5735,
      "/static/js/3309.js": 1362358,
      "/static/js/3329.js": 8013,
      "/static/js/3349.js": 10679,
      "/static/js/3368.js": 4962,
      "/static/js/3384.js": 260,
      "/static/js/3394.js": 4303,
      "/static/js/3494.js": 232,
      "/static/js/3527.js": 16579,
      "/static/js/3539.js": 654,
      "/static/js/3619.js": 13364,
      "/static/js/3652.js": 2609,
      "/static/js/3670.js": 1112,
      "/static/js/3713.js": 622,
      "/static/js/3762.js": 8417,
      "/static/js/3781.js": 10431,
      "/static/js/3829.js": 13103,
      "/static/js/4017.js": 11439,
      "/static/js/4189.js": 385,
      "/static/js/4453.js": 5652,
      "/static/js/4594.js": 9383,
      "/static/js/4597.js": 368,
      "/static/js/4644.js": 636233,
      "/static/js/4712.js": 294,
      "/static/js/4775.js": 18661,
      "/static/js/4964.js": 997,
      "/static/js/4985.js": 1632,
      "/static/js/502.js": 1147,
      "/static/js/5032.js": 791,
      "/static/js/5100.js": 436,
      "/static/js/5142.js": 9424,
      "/static/js/5147.js": 16781,
      "/static/js/5256.js": 2339,
      "/static/js/5271.js": 10931,
      "/static/js/5289.js": 17220,
      "/static/js/5629.js": 390,
      "/static/js/5710.js": 509,
      "/static/js/6096.js": 24679,
      "/static/js/6201.js": 1016,
      "/static/js/6272.js": 259,
      "/static/js/631.js": 4793,
      "/static/js/635.js": 19409,
      "/static/js/6448.js": 8100,
      "/static/js/6507.js": 247,
      "/static/js/6534.js": 7614,
      "/static/js/6569.js": 266,
      "/static/js/6573.js": 67837,
      "/static/js/6602.js": 260,
      "/static/js/6784.js": 11609,
      "/static/js/684.js": 1689583,
      "/static/js/6980.js": 16397,
      "/static/js/7037.js": 2227,
      "/static/js/7085.js": 11392,
      "/static/js/7120.js": 987,
      "/static/js/7155.js": 179,
      "/static/js/7258.js": 16692,
      "/static/js/730.js": 1749,
      "/static/js/7386.js": 46641,
      "/static/js/7424.js": 932,
      "/static/js/7480.js": 264,
      "/static/js/7891.js": 2077,
      "/static/js/7936.js": 11318,
      "/static/js/8135.js": 20840,
      "/static/js/8178.js": 2203,
      "/static/js/818.js": 626592,
      "/static/js/8183.js": 16770,
      "/static/js/8264.js": 1213,
      "/static/js/8280.js": 753,
      "/static/js/8347.js": 2844,
      "/static/js/8472.js": 577,
      "/static/js/8526.js": 130,
      "/static/js/8642.js": 16063,
      "/static/js/8670.js": 8240,
      "/static/js/8710.js": 363,
      "/static/js/8979.js": 15780,
      "/static/js/9005.js": 5472,
      "/static/js/9025.js": 2396,
      "/static/js/9041.js": 370,
      "/static/js/9074.js": 10726,
      "/static/js/9330.js": 14792,
      "/static/js/9430.js": 23437,
      "/static/js/950.js": 8836,
      "/static/js/9528.js": 11583,
      "/static/js/9615.js": 4785,
      "/static/js/9636.js": 294,
      "/static/js/9681.js": 19508,
      "/static/js/9705.js": 221,
      "/static/js/9868.js": 2549,
      "/static/js/9904.js": 7649,
      "/static/js/main.js": 57447,
      "/static/js/runtime-main.js": 8597
    }
  },
  "gzippedBundleSize": {
    "total": 1591063,
    "files": {
      "/html/main/index.html": 4596,
      "/static/css/106.css": 631,
      "/static/css/1111.css": 198,
      "/static/css/1128.css": 410,
      "/static/css/1236.css": 498,
      "/static/css/1340.css": 297,
      "/static/css/1390.css": 632,
      "/static/css/1479.css": 450,
      "/static/css/1554.css": 553,
      "/static/css/172.css": 552,