{
  "devPluginSetupTime": 1378.1049046666983,
  "devPrepareTime": 371.30596833334613,
  "devColdBootTime": 4112.915860333403,
  "devHotBootTime": 3131.3693196666427,
  "buildPluginSetupTime": 1366.4591583333288,
  "buildPrepareTime": 352.48691399993066,
  "buildColdBootTime": 16499.091044333374,
  "minifiedBundleSize": {
    "total": 170386,
    "files": {
      "/html/main/index.html": 2317,
      "/static/css/main.css": 2636,
      "/static/js/324.js": 146365,
      "/static/js/main.js": 17758,
      "/static/js/runtime-main.js": 1310
    }
  },
  "gzippedBundleSize": {
    "total": 55090,
    "files": {
      "/html/main/index.html": 1214,
      "/static/css/main.css": 905,
      "/static/js/324.js": 46923,
      "/static/js/main.js": 5323,
      "/static/js/runtime-main.js": 725
    }
  },
  "buildHotBootTime": 1194.8368876666452,
  "yarnColdInstallTime": 102974.04248700012,
  "yarnHotInstallTime": 1176.5749380001798,
  "yarnDependenciesCount": 1496,
  "yarnInstallSize": 213681615
}
