{
  "devPluginSetupTime": 1365.2026599999906,
  "devPrepareTime": 351.7325876667164,
  "devColdBootTime": 6989.3614360000165,
  "devHotBootTime": 4495.763456999984,
  "buildPluginSetupTime": 1459.7420310000114,
  "buildPrepareTime": 369.13041533343494,
  "buildColdBootTime": 30654.828387999947,
  "minifiedBundleSize": {
    "total": 452798,
    "files": {
      "/html/main/index.html": 2659,
      "/static/css/main.css": 2636,
      "/static/js/47.js": 424159,
      "/static/js/main.js": 21691,
      "/static/js/runtime-main.js": 1653
    }
  },
  "gzippedBundleSize": {
    "total": 140756,
    "files": {
      "/html/main/index.html": 1336,
      "/static/css/main.css": 905,
      "/static/js/47.js": 131027,
      "/static/js/main.js": 6636,
      "/static/js/runtime-main.js": 852
    }
  },
  "buildHotBootTime": 9605.130453333413,
  "yarnColdInstallTime": 97412.95612500003,
  "yarnHotInstallTime": 1034.626852999907,
  "yarnDependenciesCount": 1500,
  "yarnInstallSize": 227353281
}
