{
  "devPluginSetupTime": 1391.2621686666582,
  "devPrepareTime": 364.83556966638815,
  "devColdBootTime": 4137.245529666543,
  "devHotBootTime": 3079.825207666494,
  "buildPluginSetupTime": 1383.7959639998153,
  "buildPrepareTime": 355.4224000001947,
  "buildColdBootTime": 16969.989129333135,
  "minifiedBundleSize": {
    "total": 170386,
    "files": {
      "/html/main/index.html": 2317,
      "/static/css/main.css": 2636,
      "/static/js/324.js": 146365,
      "/static/js/main.js": 17758,
      "/static/js/runtime-main.js": 1310
    }
  },
  "gzippedBundleSize": {
    "total": 55090,
    "files": {
      "/html/main/index.html": 1214,
      "/static/css/main.css": 905,
      "/static/js/324.js": 46923,
      "/static/js/main.js": 5323,
      "/static/js/runtime-main.js": 725
    }
  },
  "buildHotBootTime": 1208.8078953335062,
  "yarnColdInstallTime": 109523.33557800017,
  "yarnHotInstallTime": 2221.577285000123,
  "yarnDependenciesCount": 1496,
  "yarnInstallSize": 213692805
}
