{
  "devPluginSetupTime": 1468.1146216667257,
  "devPrepareTime": 403.08811066664447,
  "devColdBootTime": 4702.903587333353,
  "devHotBootTime": 3435.659322333328,
  "buildPluginSetupTime": 1460.688415666693,
  "buildPrepareTime": 403.16389933329384,
  "buildColdBootTime": 19650.987070666626,
  "minifiedBundleSize": {
    "total": 170386,
    "files": {
      "/html/main/index.html": 2317,
      "/static/css/main.css": 2636,
      "/static/js/324.js": 146365,
      "/static/js/main.js": 17758,
      "/static/js/runtime-main.js": 1310
    }
  },
  "gzippedBundleSize": {
    "total": 55090,
    "files": {
      "/html/main/index.html": 1214,
      "/static/css/main.css": 905,
      "/static/js/324.js": 46923,
      "/static/js/main.js": 5323,
      "/static/js/runtime-main.js": 725
    }
  },
  "buildHotBootTime": 1257.029121666681,
  "yarnColdInstallTime": 77104.01345500001,
  "yarnHotInstallTime": 1532.7345080000814,
  "yarnDependenciesCount": 1496,
  "yarnInstallSize": 213778476
}
