{
  "devPluginSetupTime": 1533.840463333375,
  "devPrepareTime": 393.4676116666912,
  "devColdBootTime": 7024.722918666666,
  "devHotBootTime": 4602.564279666636,
  "buildPluginSetupTime": 1522.7316026665892,
  "buildPrepareTime": 389.9793806666664,
  "buildColdBootTime": 30276.7503423333,
  "minifiedBundleSize": {
    "total": 452798,
    "files": {
      "/html/main/index.html": 2659,
      "/static/css/main.css": 2636,
      "/static/js/47.js": 424159,
      "/static/js/main.js": 21691,
      "/static/js/runtime-main.js": 1653
    }
  },
  "gzippedBundleSize": {
    "total": 140756,
    "files": {
      "/html/main/index.html": 1336,
      "/static/css/main.css": 905,
      "/static/js/47.js": 131027,
      "/static/js/main.js": 6636,
      "/static/js/runtime-main.js": 852
    }
  },
  "buildHotBootTime": 9692.169916666657,
  "yarnColdInstallTime": 75975.24605900003,
  "yarnHotInstallTime": 1116.5795449998695,
  "yarnDependenciesCount": 1500,
  "yarnInstallSize": 227438602
}
