{
  "devPluginSetupTime": 1322.8383973332432,
  "devPrepareTime": 346.98158733329427,
  "devColdBootTime": 8364.518192666583,
  "devHotBootTime": 5023.114752999973,
  "buildPluginSetupTime": 1311.2532413333345,
  "buildPrepareTime": 344.82959066672873,
  "buildColdBootTime": 41679.565667333234,
  "minifiedBundleSize": {
    "total": 869815,
    "files": {
      "js": 408845,
      "/html/main/index.html": 2666,
      "/static/css/main.css": 2636,
      "/static/js/247.js": 430203,
      "/static/js/main.js": 23806,
      "/static/js/runtime-main.js": 1659
    }
  },
  "gzippedBundleSize": {
    "total": 259860,
    "files": {
      "js": 116515,
      "/html/main/index.html": 1346,
      "/static/css/main.css": 905,
      "/static/js/247.js": 132997,
      "/static/js/main.js": 7236,
      "/static/js/runtime-main.js": 861
    }
  },
  "buildHotBootTime": 8561.448468333265,
  "yarnColdInstallTime": 74938.11669299984,
  "yarnHotInstallTime": 1358.121005000081,
  "yarnDependenciesCount": 1500,
  "yarnInstallSize": 227438602
}
