{
  "devPluginSetupTime": 1419.4150146666216,
  "devPrepareTime": 402.1780443333555,
  "devColdBootTime": 7548.077675000027,
  "devHotBootTime": 4511.8646453333395,
  "buildPluginSetupTime": 1568.2779659999844,
  "buildPrepareTime": 387.13577200006694,
  "buildColdBootTime": 30925.259672333254,
  "minifiedBundleSize": {
    "total": 452798,
    "files": {
      "/html/main/index.html": 2659,
      "/static/css/main.css": 2636,
      "/static/js/47.js": 424159,
      "/static/js/main.js": 21691,
      "/static/js/runtime-main.js": 1653
    }
  },
  "gzippedBundleSize": {
    "total": 140756,
    "files": {
      "/html/main/index.html": 1336,
      "/static/css/main.css": 905,
      "/static/js/47.js": 131027,
      "/static/js/main.js": 6636,
      "/static/js/runtime-main.js": 852
    }
  },
  "buildHotBootTime": 9691.623091000054,
  "yarnColdInstallTime": 94321.34466000018,
  "yarnHotInstallTime": 1348.3233159999363,
  "yarnDependenciesCount": 1500,
  "yarnInstallSize": 227342141
}
