{
  "devPluginSetupTime": 1470.2367836666915,
  "devPrepareTime": 378.6147420000052,
  "devColdBootTime": 4693.618915999929,
  "devHotBootTime": 3380.648891333413,
  "buildPluginSetupTime": 1421.38041933331,
  "buildPrepareTime": 363.4731703333867,
  "buildColdBootTime": 17763.48310933332,
  "minifiedBundleSize": {
    "total": 170386,
    "files": {
      "/html/main/index.html": 2317,
      "/static/css/main.css": 2636,
      "/static/js/324.js": 146365,
      "/static/js/main.js": 17758,
      "/static/js/runtime-main.js": 1310
    }
  },
  "gzippedBundleSize": {
    "total": 55090,
    "files": {
      "/html/main/index.html": 1214,
      "/static/css/main.css": 905,
      "/static/js/324.js": 46923,
      "/static/js/main.js": 5323,
      "/static/js/runtime-main.js": 725
    }
  },
  "buildHotBootTime": 1222.1329416666802,
  "yarnColdInstallTime": 97730.05847100005,
  "yarnHotInstallTime": 1491.798204000108,
  "yarnDependenciesCount": 1496,
  "yarnInstallSize": 213778476
}
