{
  "devPluginSetupTime": 1512.2342086666613,
  "devPrepareTime": 368.9076440000014,
  "devColdBootTime": 6839.957264999995,
  "devHotBootTime": 4179.370149666637,
  "buildPluginSetupTime": 1460.7262073333065,
  "buildPrepareTime": 358.8072516666725,
  "buildColdBootTime": 28393.04858600003,
  "minifiedBundleSize": {
    "total": 461883,
    "files": {
      "/html/main/index.html": 2660,
      "/static/css/main.css": 2636,
      "/static/js/282.js": 414818,
      "/static/js/main.js": 40116,
      "/static/js/runtime-main.js": 1653
    }
  },
  "gzippedBundleSize": {
    "total": 139832,
    "files": {
      "/html/main/index.html": 1337,
      "/static/css/main.css": 905,
      "/static/js/282.js": 128266,
      "/static/js/main.js": 8472,
      "/static/js/runtime-main.js": 852
    }
  },
  "buildHotBootTime": 11134.678749000033
}
