{
  "devPluginSetupTime": 415.96060233330354,
  "devPrepareTime": 600.0758513333276,
  "devColdBootTime": 29690.949775000026,
  "devHotBootTime": 8212.546268333332,
  "buildPluginSetupTime": 311.88113999987644,
  "buildPrepareTime": 464.39216666668653,
  "buildColdBootTime": 90283.3198553333,
  "minifiedBundleSize": {
    "total": 6048455,
    "files": {
      "/html/main/index.html": 9646,
      "/static/css/106.css": 1871,
      "/static/css/1111.css": 371,
      "/static/css/1128.css": 1047,
      "/static/css/1340.css": 466,
      "/static/css/1372.css": 4829,
      "/static/css/1479.css": 1309,
      "/static/css/1504.css": 482,
      "/static/css/1539.css": 1458,
      "/static/css/172.css": 1457,
      "/static/css/1830.css": 3083,
      "/static/css/1877.css": 371,
      "/static/css/1906.css": 1334,
      "/static/css/1956.css": 1872,
      "/static/css/1968.css": 169,
      "/static/css/2120.css": 3202,
      "/static/css/217.css": 500,
      "/static/css/220.css": 500,
      "/static/css/2367.css": 2034,
      "/static/css/2451.css": 1440,
      "/static/css/2497.css": 401,
      "/static/css/2527.css": 3202,
      "/static/css/2692.css": 543246,
      "/static/css/2883.css": 578,
      "/static/css/3061.css": 1309,
      "/static/css/3106.css": 355,
      "/static/css/3215.css": 601,
      "/static/css/3616.css": 1264,
      "/static/css/3670.css": 401,
      "/static/css/3781.css": 621,
      "/static/css/4017.css": 1872,
      "/static/css/4453.css": 578,
      "/static/css/4594.css": 3083,
      "/static/css/4775.css": 3801,
      "/static/css/4825.css": 1264,
      "/static/css/4920.css": 3083,
      "/static/css/5195.css": 621,
      "/static/css/5315.css": 116,
      "/static/css/5316.css": 1872,
      "/static/css/547.css": 552,
      "/static/css/594.css": 749,
      "/static/css/6049.css": 1440,
      "/static/css/6096.css": 1458,
      "/static/css/6285.css": 3136,
      "/static/css/6349.css": 3202,
      "/static/css/635.css": 2469,
      "/static/css/6534.css": 306,
      "/static/css/698.css": 1046,
      "/static/css/7032.css": 177,
      "/static/css/7076.css": 466,
      "/static/css/7243.css": 1309,
      "/static/css/7258.css": 1660,
      "/static/css/730.css": 354,
      "/static/css/740.css": 600,
      "/static/css/7551.css": 1264,
      "/static/css/763.css": 305,
      "/static/css/7936.css": 1334,
      "/static/css/7984.css": 2183,
      "/static/css/8178.css": 371,
      "/static/css/8264.css": 401,
      "/static/css/8354.css": 401,
      "/static/css/8383.css": 401,
      "/static/css/841.css": 1263,
      "/static/css/8983.css": 401,
      "/static/css/9005.css": 3202,
      "/static/css/9074.css": 426,
      "/static/css/9213.css": 169,
      "/static/css/9330.css": 553,
      "/static/css/9430.css": 1468,
      "/static/css/9445.css": 1334,
      "/static/css/950.css": 176,
      "/static/css/9525.css": 3136,
      "/static/css/9548.css": 1465,
      "/static/css/main.css": 10442,
      "/static/js/106.js": 8012,
      "/static/js/1111.js": 6608,
      "/static/js/1128.js": 6527,
      "/static/js/1309.js": 1880,
      "/static/js/1340.js": 9659,
      "/static/js/1356.js": 12676,
      "/static/js/1372.js": 16399,
      "/static/js/1413.js": 4484,
      "/static/js/1479.js": 5108,
      "/static/js/1504.js": 363,
      "/static/js/1539.js": 1205,
      "/static/js/1554.js": 11609,
      "/static/js/16.js": 466,
      "/static/js/1613.js": 1477,
      "/static/js/17.js": 1517,
      "/static/js/171.js": 4021,
      "/static/js/172.js": 10438,
      "/static/js/1830.js": 9017,
      "/static/js/1877.js": 369,
      "/static/js/1906.js": 754,
      "/static/js/1923.js": 474,
      "/static/js/1931.js": 645,
      "/static/js/1956.js": 12908,
      "/static/js/1968.js": 22560,
      "/static/js/1971.js": 16670,
      "/static/js/2113.js": 12615,
      "/static/js/2120.js": 8392,
      "/static/js/217.js": 2840,
      "/static/js/220.js": 369,
      "/static/js/2327.js": 16183,
      "/static/js/2367.js": 24028,
      "/static/js/2451.js": 385,
      "/static/js/2465.js": 636233,
      "/static/js/2497.js": 1271,
      "/static/js/2522.js": 4532,
      "/static/js/2527.js": 14640,
      "/static/js/2534.js": 3336,
      "/static/js/2588.js": 911,
      "/static/js/2650.js": 3072,
      "/static/js/2692.js": 1309420,
      "/static/js/2883.js": 363,
      "/static/js/2987.js": 31036,
      "/static/js/3061.js": 4785,
      "/static/js/3106.js": 552,
      "/static/js/3215.js": 26561,
      "/static/js/3278.js": 5735,
      "/static/js/3329.js": 8014,
      "/static/js/3349.js": 10193,
      "/static/js/3368.js": 4962,
      "/static/js/3394.js": 4303,
      "/static/js/3527.js": 16579,
      "/static/js/3539.js": 654,
      "/static/js/3616.js": 8240,
      "/static/js/3619.js": 13362,
      "/static/js/3652.js": 2609,
      "/static/js/3670.js": 1112,
      "/static/js/3713.js": 622,
      "/static/js/3762.js": 8417,
      "/static/js/3781.js": 10429,
      "/static/js/4017.js": 11440,
      "/static/js/4453.js": 5653,
      "/static/js/4594.js": 9397,
      "/static/js/4712.js": 294,
      "/static/js/4775.js": 18689,
      "/static/js/4920.js": 1016,
      "/static/js/4964.js": 997,
      "/static/js/4985.js": 1632,
      "/static/js/502.js": 1147,
      "/static/js/5142.js": 9425,
      "/static/js/5195.js": 669,
      "/static/js/5256.js": 2339,
      "/static/js/5289.js": 17220,
      "/static/js/5315.js": 220,
      "/static/js/5316.js": 2011,
      "/static/js/547.js": 264,
      "/static/js/594.js": 432,
      "/static/js/5962.js": 10441,
      "/static/js/6049.js": 13276,
      "/static/js/6096.js": 24150,
      "/static/js/6244.js": 1689586,
      "/static/js/6285.js": 20843,
      "/static/js/631.js": 4793,
      "/static/js/6349.js": 1388,
      "/static/js/635.js": 19444,
      "/static/js/6448.js": 8100,
      "/static/js/6500.js": 49326,
      "/static/js/6534.js": 7616,
      "/static/js/698.js": 507,
      "/static/js/7032.js": 232,
      "/static/js/7037.js": 2227,
      "/static/js/7076.js": 264,
      "/static/js/7155.js": 179,
      "/static/js/7243.js": 987,
      "/static/js/7258.js": 16708,
      "/static/js/730.js": 1749,
      "/static/js/7386.js": 46642,
      "/static/js/740.js": 388,
      "/static/js/7424.js": 932,
      "/static/js/7551.js": 791,
      "/static/js/763.js": 246,
      "/static/js/7675.js": 16225,
      "/static/js/7891.js": 2077,
      "/static/js/7936.js": 10821,
      "/static/js/8178.js": 2208,
      "/static/js/818.js": 626592,
      "/static/js/8183.js": 16770,
      "/static/js/8264.js": 1215,
      "/static/js/8347.js": 2844,
      "/static/js/8354.js": 260,
      "/static/js/8383.js": 260,
      "/static/js/841.js": 11585,
      "/static/js/8472.js": 577,
      "/static/js/8503.js": 67749,
      "/static/js/8526.js": 130,
      "/static/js/8642.js": 16063,
      "/static/js/8754.js": 14537,
      "/static/js/8979.js": 15780,
      "/static/js/8983.js": 260,
      "/static/js/9005.js": 5472,
      "/static/js/9025.js": 2396,
      "/static/js/9074.js": 10725,
      "/static/js/9213.js": 262,
      "/static/js/9312.js": 45317,
      "/static/js/9330.js": 14792,
      "/static/js/9430.js": 22867,
      "/static/js/9445.js": 7650,
      "/static/js/950.js": 8838,
      "/static/js/9548.js": 707,
      "/static/js/9636.js": 294,
      "/static/js/9681.js": 19507,
      "/static/js/9868.js": 2549,
      "/static/js/9995.js": 10916,
      "/static/js/main.js": 60043,
      "/static/js/runtime-main.js": 8578
    }
  },
  "gzippedBundleSize": {
    "total": 1576523,
    "files": {
      "/html/main/index.html": 4599,
      "/static/css/106.css": 631,
      "/static/css/1111.css": 199,
      "/static/css/1128.css": 412,
      "/static/css/1340.css": 297,
      "/static/css/1372.css": 1284,
      "/static/css/1479.css": 450,
      "/static/css/1504.css": 293,
      "/static/css/1539.css": 552,
      "/static/css/172.css": 552,
      "/static/css/1830.css": 783,