{
  "devPluginSetupTime": 284.04302366667736,
  "devPrepareTime": 425.53975000007387,
  "devColdBootTime": 25824.792415666703,
  "devHotBootTime": 5441.783923333278,
  "buildPluginSetupTime": 284.6373869998691,
  "buildPrepareTime": 425.80835666678223,
  "buildColdBootTime": 44752.71841633335,
  "minifiedBundleSize": {
    "total": 6255657,
    "files": {
      "/html/main/index.html": 10344,
      "/static/css/106.css": 1872,
      "/static/css/1111.css": 372,
      "/static/css/1128.css": 1039,
      "/static/css/1340.css": 467,
      "/static/css/1372.css": 4873,
      "/static/css/1479.css": 1310,
      "/static/css/1504.css": 483,
      "/static/css/1539.css": 1459,
      "/static/css/172.css": 1458,
      "/static/css/1830.css": 3186,
      "/static/css/1877.css": 372,
      "/static/css/1906.css": 1335,
      "/static/css/1956.css": 1873,
      "/static/css/1968.css": 170,
      "/static/css/2120.css": 3198,
      "/static/css/217.css": 501,
      "/static/css/220.css": 501,
      "/static/css/2367.css": 2035,
      "/static/css/2451.css": 1441,
      "/static/css/2497.css": 402,
      "/static/css/2527.css": 3198,
      "/static/css/2692.css": 554617,
      "/static/css/2883.css": 579,
      "/static/css/3061.css": 1310,
      "/static/css/3106.css": 356,
      "/static/css/3215.css": 602,
      "/static/css/3616.css": 1369,
      "/static/css/3670.css": 402,
      "/static/css/3781.css": 622,
      "/static/css/4017.css": 1873,
      "/static/css/4453.css": 579,
      "/static/css/4594.css": 3186,
      "/static/css/4775.css": 3888,
      "/static/css/4825.css": 1369,
      "/static/css/4920.css": 3186,
      "/static/css/5195.css": 622,
      "/static/css/5315.css": 117,
      "/static/css/5316.css": 1873,
      "/static/css/547.css": 548,
      "/static/css/594.css": 750,
      "/static/css/6049.css": 1441,
      "/static/css/6096.css": 1459,
      "/static/css/6285.css": 3137,
      "/static/css/6349.css": 3198,
      "/static/css/635.css": 2445,
      "/static/css/6534.css": 307,
      "/static/css/698.css": 1038,
      "/static/css/7032.css": 178,
      "/static/css/7076.css": 467,
      "/static/css/7243.css": 1310,
      "/static/css/7258.css": 1661,
      "/static/css/730.css": 355,
      "/static/css/740.css": 601,
      "/static/css/7551.css": 1369,
      "/static/css/763.css": 306,
      "/static/css/7936.css": 1335,
      "/static/css/7984.css": 2227,
      "/static/css/8178.css": 372,
      "/static/css/8264.css": 402,
      "/static/css/8354.css": 402,
      "/static/css/8383.css": 402,
      "/static/css/841.css": 1368,
      "/static/css/8983.css": 402,
      "/static/css/9005.css": 3198,
      "/static/css/9074.css": 427,
      "/static/css/9213.css": 170,
      "/static/css/9330.css": 549,
      "/static/css/9430.css": 1453,
      "/static/css/9445.css": 1335,
      "/static/css/950.css": 177,
      "/static/css/9525.css": 3137,
      "/static/css/9548.css": 1525,
      "/static/css/main.css": 10557,
      "/static/js/106.js": 8037,
      "/static/js/1111.js": 6632,
      "/static/js/1128.js": 6551,
      "/static/js/1309.js": 1905,
      "/static/js/1340.js": 9731,
      "/static/js/1356.js": 12737,
      "/static/js/1372.js": 16521,
      "/static/js/1413.js": 4509,
      "/static/js/1479.js": 5127,
      "/static/js/1504.js": 380,
      "/static/js/1539.js": 1222,
      "/static/js/1554.js": 11664,
      "/static/js/16.js": 477,
      "/static/js/1613.js": 1502,
      "/static/js/17.js": 1542,
      "/static/js/171.js": 4147,
      "/static/js/172.js": 10462,
      "/static/js/1830.js": 9073,
      "/static/js/1877.js": 386,
      "/static/js/1906.js": 771,
      "/static/js/1923.js": 501,
      "/static/js/1931.js": 670,
      "/static/js/1956.js": 12912,
      "/static/js/1968.js": 22455,
      "/static/js/1971.js": 17028,
      "/static/js/2113.js": 12696,
      "/static/js/2120.js": 8496,
      "/static/js/217.js": 2870,
      "/static/js/220.js": 386,
      "/static/js/2327.js": 16050,
      "/static/js/2367.js": 24028,
      "/static/js/2451.js": 402,
      "/static/js/2465.js": 667771,
      "/static/js/2497.js": 1301,
      "/static/js/2522.js": 4549,
      "/static/js/2527.js": 14867,
      "/static/js/2534.js": 3343,
      "/static/js/2588.js": 931,
      "/static/js/2650.js": 3097,
      "/static/js/2692.js": 1389201,
      "/static/js/2883.js": 380,
      "/static/js/2987.js": 31649,
      "/static/js/3061.js": 4801,
      "/static/js/3106.js": 569,
      "/static/js/3215.js": 26656,
      "/static/js/3278.js": 5760,
      "/static/js/3329.js": 8040,
      "/static/js/3349.js": 10290,
      "/static/js/3368.js": 4987,
      "/static/js/3394.js": 4320,
      "/static/js/3527.js": 16596,
      "/static/js/3539.js": 677,
      "/static/js/3616.js": 8306,
      "/static/js/3619.js": 13389,
      "/static/js/3652.js": 2677,
      "/static/js/3670.js": 1142,
      "/static/js/3713.js": 647,
      "/static/js/3762.js": 8434,
      "/static/js/3781.js": 10455,
      "/static/js/4017.js": 11444,
      "/static/js/4453.js": 5673,
      "/static/js/4594.js": 9446,
      "/static/js/4712.js": 313,
      "/static/js/4775.js": 18717,
      "/static/js/4920.js": 1033,
      "/static/js/4964.js": 1012,
      "/static/js/4985.js": 1651,
      "/static/js/502.js": 1160,
      "/static/js/5142.js": 9429,
      "/static/js/5195.js": 686,
      "/static/js/5256.js": 2364,
      "/static/js/5289.js": 17237,
      "/static/js/5315.js": 237,
      "/static/js/5316.js": 2028,
      "/static/js/547.js": 281,
      "/static/js/594.js": 449,
      "/static/js/5962.js": 10514,
      "/static/js/6049.js": 13273,
      "/static/js/6096.js": 24271,
      "/static/js/6244.js": 1721145,
      "/static/js/6285.js": 20862,
      "/static/js/631.js": 4818,
      "/static/js/6349.js": 1405,
      "/static/js/635.js": 19574,
      "/static/js/6448.js": 8125,
      "/static/js/6500.js": 49728,
      "/static/js/6534.js": 7621,
      "/static/js/698.js": 524,
      "/static/js/7032.js": 249,
      "/static/js/7037.js": 2252,
      "/static/js/7076.js": 281,
      "/static/js/7155.js": 238,
      "/static/js/7243.js": 1004,
      "/static/js/7258.js": 16697,
      "/static/js/730.js": 1775,
      "/static/js/7386.js": 46690,
      "/static/js/740.js": 405,
      "/static/js/7424.js": 957,
      "/static/js/7551.js": 808,
      "/static/js/763.js": 263,
      "/static/js/7675.js": 16307,
      "/static/js/7891.js": 2110,
      "/static/js/7936.js": 10918,
      "/static/js/8178.js": 2221,
      "/static/js/818.js": 661683,
      "/static/js/8183.js": 16787,
      "/static/js/8264.js": 1245,
      "/static/js/8347.js": 2869,
      "/static/js/8354.js": 277,
      "/static/js/8383.js": 277,
      "/static/js/841.js": 11628,
      "/static/js/8472.js": 602,
      "/static/js/8503.js": 69890,
      "/static/js/8526.js": 189,
      "/static/js/8642.js": 16097,
      "/static/js/8754.js": 14533,
      "/static/js/8979.js": 15797,
      "/static/js/8983.js": 277,
      "/static/js/9005.js": 5473,
      "/static/js/9025.js": 2452,
      "/static/js/9074.js": 10736,
      "/static/js/9213.js": 279,
      "/static/js/9312.js": 45915,
      "/static/js/9330.js": 14810,
      "/static/js/9430.js": 22949,
      "/static/js/9445.js": 7689,
      "/static/js/950.js": 8837,
      "/static/js/9548.js": 724,
      "/static/js/9636.js": 313,
      "/static/js/9681.js": 19526,
      "/static/js/9868.js": 2574,
      "/static/js/9995.js": 10972,
      "/static/js/main.js": 67634,
      "/static/js/runtime-main.js": 9276
    }
  },
  "gzippedBundleSize": {
    "total": 1715289,
    "files": {
      "/html/main/index.html": 4703,
      "/static/css/106.css": 632,
      "/static/css/1111.css": 202,
      "/static/css/1128.css": 407,
      "/static/css/1340.css": 301,
      "/static/css/1372.css": 1257,
      "/static/css/1479.css": 448,
      "/static/css/1504.css": 294,
      "/static/css/1539.css": 552,
      "/static/css/172.css": 551,
      "/static/css/1830.css": 767,