{
  "yarnColdInstallTime": 72735.48443499999,
  "yarnHotInstallTime": 2271.54851400014,
  "yarnDependenciesCount": 1498,
  "yarnInstallSize": 227368251
}
