{
  "yarnColdInstallTime": 70259.439494,
  "yarnHotInstallTime": 972.9357610000006,
  "yarnDependenciesCount": 1494,
  "yarnInstallSize": 213715825
}
