{
  "yarnColdInstallTime": 75580.49593600002,
  "yarnHotInstallTime": 985.7863379999762,
  "yarnDependenciesCount": 1498,
  "yarnInstallSize": 227368251
}
