{
  "devPluginSetupTime": 1577.600497333333,
  "devPrepareTime": 344.95242733329843,
  "devColdBootTime": 7355.832955333288,
  "devHotBootTime": 4428.823026333393,
  "buildPluginSetupTime": 1555.9209803333506,
  "buildPrepareTime": 318.0242029999693,
  "buildColdBootTime": 31527.47699066663,
  "minifiedBundleSize": {
    "total": 399386,
    "files": {
      "/html/main/index.html": 2658,
      "/static/css/main.css": 2636,
      "/static/js/4.js": 368732,
      "/static/js/main.js": 23707,
      "/static/js/runtime-main.js": 1653
    }
  },
  "gzippedBundleSize": {
    "total": 125187,
    "files": {
      "/html/main/index.html": 1337,
      "/static/css/main.css": 905,
      "/static/js/4.js": 114399,
      "/static/js/main.js": 7694,
      "/static/js/runtime-main.js": 852
    }
  },
  "buildHotBootTime": 11239.884847000087,
  "yarnColdInstallTime": 86590.07799599995,
  "yarnHotInstallTime": 1376.6169069998432,
  "yarnDependenciesCount": 1491,
  "yarnInstallSize": 225600225
}
